{"type":"FeatureCollection","metadata":{"source":"GSHHG 2.3.6 via basemap-data 2.0.0","license":"LGPL-3.0-or-later","resolution":"intermediate (generalized geographic overview, not survey or street data)","coordinateSystem":"WGS84 longitude, latitude","bounds":[-17,46,12,65],"sourceURL":"https://github.com/matplotlib/basemap","notice":"Contains neighbouring land for geographical context; land fill does not denote UK membership."},"features":[{"type":"Feature","properties":{"kind":"land","level":1},"geometry":{"type":"Polygon","coordinates":[[[-1.06141,46.0],[-1.05795,46.03583],[-1.09211,46.05417],[-1.1058,46.09539],[-1.14625,46.10667],[-1.13,46.12539],[-1.17625,46.13917],[-1.15205,46.15666],[-1.21005,46.14628],[-1.2275,46.16624],[-1.24292,46.1625],[-1.20708,46.18669],[-1.20336,46.21292],[-1.11047,46.26167],[-1.12878,46.3075],[-1.1013,46.31667],[-1.12175,46.32711],[-1.1442,46.30959],[-1.18336,46.30708],[-1.21003,46.26622],[-1.31506,46.33458],[-1.29253,46.28955],[-1.35089,46.34458],[-1.46667,46.34209],[-1.51086,46.40369],[-1.65256,46.42039],[-1.63128,46.4308],[-1.64091,46.43956],[-1.68919,46.44205],[-1.7942,46.49792],[-1.81253,46.49289],[-1.87789,46.62917],[-2.01759,46.74539],[-2.14455,46.82083],[-2.15542,46.88661],[-2.11583,46.89706],[-2.11675,46.91289],[-2.03794,46.96834],[-2.03294,47.00997],[-1.98875,47.02917],[-1.99795,47.05251],[-2.10592,47.11372],[-2.25125,47.13333],[-2.16878,47.17081],[-2.17172,47.26791],[-2.06416,47.29205],[-1.99758,47.28036],[-2.00922,47.28875],[-1.96584,47.28122],[-1.9567,47.29253],[-2.01836,47.31625],[-2.17169,47.29042],[-2.18247,47.29872],[-2.20086,47.26708],[-2.30086,47.23289],[-2.3775,47.27789],[-2.42583,47.27455],[-2.41711,47.25833],[-2.43417,47.25706],[-2.54508,47.28955],[-2.5292,47.30206],[-2.49753,47.28375],[-2.47205,47.295],[-2.50047,47.30164],[-2.4817,47.31538],[-2.51583,47.30206],[-2.50789,47.34167],[-2.55881,47.37583],[-2.4675,47.42206],[-2.43291,47.41333],[-2.45708,47.42664],[-2.45586,47.44789],[-2.49545,47.45],[-2.49964,47.495],[-2.40836,47.49292],[-2.39,47.50625],[-2.44419,47.49961],[-2.50172,47.51619],[-2.49834,47.52711],[-2.54586,47.52206],[-2.55086,47.50875],[-2.595,47.51708],[-2.63414,47.50372],[-2.60419,47.52872],[-2.61833,47.54289],[-2.61916,47.53122],[-2.64422,47.53291],[-2.62672,47.51622],[-2.68256,47.52708],[-2.66711,47.5175],[-2.6842,47.49455],[-2.73675,47.50539],[-2.81678,47.48708],[-2.85086,47.49872],[-2.87083,47.53122],[-2.905,47.53456],[-2.893,47.545],[-2.91333,47.54205],[-2.91711,47.55664],[-2.87836,47.56538],[-2.85336,47.53795],[-2.82664,47.55042],[-2.825,47.53703],[-2.8242,47.55708],[-2.79919,47.5387],[-2.79086,47.55206],[-2.78089,47.54039],[-2.73336,47.54292],[-2.72047,47.58581],[-2.69048,47.59],[-2.70211,47.63499],[-2.71081,47.59125],[-2.78044,47.61997],[-2.73458,47.61417],[-2.75919,47.64622],[-2.77255,47.62955],[-2.79833,47.64789],[-2.7833,47.62125],[-2.83339,47.61206],[-2.85997,47.62206],[-2.86333,47.59622],[-2.88917,47.60374],[-2.89333,47.58203],[-2.91089,47.59211],[-2.92086,47.58205],[-2.92,47.60205],[-2.92753,47.59372],[-2.93217,47.60669],[-2.9375,47.58623],[-2.95042,47.60914],[-2.93628,47.62664],[-2.958,47.6275],[-2.97675,47.66206],[-2.95378,47.61411],[-2.96208,47.585],[-2.92961,47.55583],[-2.97586,47.55792],[-2.98336,47.5887],[-2.99881,47.58997],[-2.9892,47.56792],[-3.00839,47.56622],[-3.03589,47.63786],[-3.02089,47.56786],[-3.04008,47.58369],[-3.09756,47.56372],[-3.1088,47.57503],[-3.09378,47.58167],[-3.12961,47.59753],[-3.12961,47.5225],[-3.08128,47.46916],[-3.13167,47.47375],[-3.16209,47.52747],[-3.13625,47.54666],[-3.15128,47.61081],[-3.20084,47.62289],[-3.20961,47.64003],[-3.18333,47.68961],[-3.16003,47.68039],[-3.14259,47.69789],[-3.11633,47.69586],[-3.12422,47.70538],[-3.16881,47.69749],[-3.14707,47.71626],[-3.12666,47.70625],[-3.12586,47.72625],[-3.12664,47.72711],[-3.16164,47.71042],[-3.13422,47.74875],[-3.14755,47.75288],[-3.15672,47.73045],[-3.19209,47.74753],[-3.16383,47.70581],[-3.19669,47.71123],[-3.19086,47.69044],[-3.21458,47.69498],[-3.19967,47.68327],[-3.21503,47.64291],[-3.2767,47.68039],[-3.36214,47.68997],[-3.35333,47.70125],[-3.28164,47.6862],[-3.30336,47.71123],[-3.36381,47.7075],[-3.28164,47.78128],[-3.33422,47.74377],[-3.3525,47.75542],[-3.36172,47.72705],[-3.40005,47.73459],[-3.36792,47.71831],[-3.38422,47.70209],[-3.45255,47.69542],[-3.52883,47.76497],[-3.52583,47.79625],[-3.53836,47.76042],[-3.64753,47.78375],[-3.67839,47.77625],[-3.72208,47.79911],[-3.69503,47.82791],[-3.73172,47.80295],[-3.74753,47.84122],[-3.74089,47.79706],[-3.85667,47.78877],[-3.84378,47.80411],[-3.90047,47.83414],[-3.88717,47.85583],[-3.91753,47.85622],[-3.90128,47.85831],[-3.90711,47.87664],[-3.93166,47.87206],[-3.9475,47.90289],[-3.99541,47.89831],[-3.97633,47.88997],[-3.9775,47.85286],[-4.03997,47.84795],[-3.99631,47.855],[-4.04083,47.86125],[-4.04414,47.84453],[-4.08839,47.86206],[-4.04708,47.85081],[-4.08167,47.87788],[-4.09339,47.86122],[-4.11503,47.87209],[-4.1475,47.91292],[-4.14753,47.89789],[-4.17631,47.9],[-4.14083,47.89539],[-4.11381,47.8633],[-4.17172,47.84456],[-4.1563,47.86163],[-4.16917,47.85625],[-4.19417,47.88705],[-4.18375,47.87414],[-4.1975,47.85789],[-4.20708,47.86501],[-4.18836,47.83708],[-4.15794,47.83161],[-4.18166,47.80122],[-4.21139,47.79878],[-4.21584,47.81125],[-4.21997,47.79205],[-4.37666,47.79622],[-4.38216,47.82086],[-4.34797,47.83417],[-4.35631,47.87],[-4.43753,47.97039],[-4.53797,48.0105],[-4.53467,48.02803],[-4.56964,48.00217],[-4.63383,48.02888],[-4.69711,48.02636],[-4.74003,48.04092],[-4.70672,48.04591],[-4.71628,48.06722],[-4.49133,48.088],[-4.42208,48.10966],[-4.36797,48.11136],[-4.30375,48.09216],[-4.27333,48.13509],[-4.27919,48.15758],[-4.29922,48.16261],[-4.31958,48.20467],[-4.37542,48.20805],[-4.43217,48.23883],[-4.50214,48.23303],[-4.49753,48.21928],[-4.55708,48.16969],[-4.55505,48.21264],[-4.57586,48.23341],[-4.54919,48.25425],[-4.62875,48.25633],[-4.63336,48.28342],[-4.57214,48.28552],[-4.58336,48.32175],[-4.53633,48.3447],[-4.5575,48.30177],[-4.5405,48.28636],[-4.52547,48.29889],[-4.51297,48.28214],[-4.42047,48.29469],[-4.39625,48.27636],[-4.27797,48.29716],[-4.26922,48.28595],[-4.28628,48.2905],[-4.29173,48.27594],[-4.26041,48.26633],[-4.27208,48.25969],[-4.22459,48.25969],[-4.21125,48.2422],[-4.15755,48.25011],[-4.22134,48.263],[-4.23949,48.26094],[-4.28214,48.27888],[-4.1875,48.29842],[-4.23711,48.30053],[-4.22961,48.31553],[-4.24964,48.30136],[-4.28423,48.31422],[-4.25211,48.32886],[-4.29292,48.31306],[-4.34006,48.31761],[-4.26964,48.35806],[-4.33208,48.34056],[-4.32336,48.36092],[-4.35714,48.3447],[-4.34464,48.35806],[-4.37875,48.32633],[-4.41836,48.32678],[-4.39711,48.34303],[-4.45672,48.32925],[-4.40214,48.38806],[-4.30125,48.42802],[-4.37211,48.40131],[-4.38625,48.40972],[-4.40297,48.3905],[-4.43461,48.39639],[-4.44714,48.38136],[-4.49964,48.38722],[-4.53553,48.35886],[-4.6122,48.33633],[-4.68217,48.35636],[-4.71133,48.33136],[-4.77464,48.33136],[-4.78508,48.35509],[-4.77008,48.36258],[-4.79175,48.36928],[-4.76422,48.37927],[-4.79758,48.41597],[-4.77297,48.46553],[-4.73505,48.47508],[-4.76383,48.4722],[-4.78011,48.50677],[-4.73133,48.55969],[-4.70386,48.55634],[-4.70881,48.573],[-4.63211,48.57886],[-4.578,48.56053],[-4.61506,48.57841],[-4.61003,48.59927],[-4.60128,48.60883],[-4.59631,48.59553],[-4.52795,48.59383],[-4.57172,48.61095],[-4.54383,48.63972],[-4.513,48.62383],[-4.41047,48.63972],[-4.4388,48.6572],[-4.34878,48.6797],[-4.30047,48.66637],[-4.32083,48.64677],[-4.30466,48.63467],[-4.27717,48.65136],[-4.20047,48.65386],[-4.22503,48.66011],[-4.18716,48.68883],[-4.10294,48.69722],[-4.063,48.67633],[-4.05761,48.70348],[-4.00878,48.72967],[-3.99919,48.71286],[-3.97125,48.72664],[-3.95589,48.64622],[-3.92419,48.67538],[-3.89922,48.67291],[-3.903,48.65247],[-3.8567,48.62125],[-3.86625,48.67247],[-3.84917,48.66045],[-3.85794,48.68578],[-3.82086,48.71789],[-3.78841,48.70206],[-3.7233,48.70625],[-3.68256,48.68709],[-3.64586,48.69705],[-3.65417,48.66622],[-3.62836,48.68625],[-3.59834,48.66956],[-3.57044,48.68327],[-3.585,48.72623],[-3.52378,48.73247],[-3.58667,48.75706],[-3.58711,48.78911],[-3.54503,48.79703],[-3.54964,48.815],[-3.52086,48.81875],[-3.51508,48.83625],[-3.50414,48.82458],[-3.48003,48.83708],[-3.45836,48.81541],[-3.42917,48.81958],[-3.44334,48.79709],[-3.39506,48.80125],[-3.39169,48.81541],[-3.3242,48.83878],[-3.2675,48.83458],[-3.2275,48.87042],[-3.20956,48.84747],[-3.22205,48.83581],[-3.20458,48.83664],[-3.21336,48.80625],[-3.17089,48.85286],[-3.07667,48.88375],[-3.10047,48.86667],[-3.0788,48.85667],[-3.09631,48.85997],[-3.09961,48.8325],[-3.08128,48.82914],[-3.10047,48.78416],[-3.13506,48.75037],[-3.10044,48.76913],[-3.07589,48.82042],[-3.01508,48.82208],[-3.00711,48.80083],[-3.04628,48.78494],[-3.0117,48.78203],[-3.02959,48.77753],[-3.0,48.76456],[-2.95169,48.77289],[-2.93122,48.75586],[-2.94794,48.72163],[-2.83039,48.65497],[-2.8225,48.59453],[-2.71508,48.55625],[-2.72875,48.53003],[-2.68669,48.49619],[-2.68172,48.53458],[-2.62917,48.52289],[-2.6338,48.53748],[-2.55497,48.59958],[-2.47506,48.62289],[-2.48836,48.64626],[-2.4375,48.65372],[-2.41842,48.63455],[-2.31914,48.69038],[-2.31333,48.67209],[-2.28625,48.66744],[-2.33669,48.62039],[-2.31416,48.61211],[-2.24672,48.64545],[-2.21336,48.57375],[-2.19503,48.61122],[-2.18247,48.57789],[-2.15794,48.58747],[-2.17545,48.59747],[-2.15253,48.61872],[-2.12589,48.60452],[-2.15253,48.6337],[-2.04925,48.63959],[-2.05795,48.62583],[-2.03211,48.62497],[-2.03464,48.60494],[-1.99709,48.57831],[-2.01547,48.57167],[-1.97503,48.53622],[-1.96297,48.54994],[-1.98967,48.58333],[-1.95714,48.57831],[-2.01505,48.59872],[-2.00459,48.61411],[-2.033,48.6508],[-1.98925,48.66872],[-1.99255,48.68459],[-1.94167,48.68459],[-1.96297,48.68997],[-1.93506,48.70291],[-1.90503,48.69041],[-1.84339,48.71208],[-1.83711,48.67998],[-1.87211,48.64581],[-1.84253,48.61623],[-1.77167,48.60372],[-1.63503,48.61789],[-1.59253,48.63961],[-1.51172,48.62122],[-1.51,48.63206],[-1.47005,48.62541],[-1.43,48.64372],[-1.3575,48.63375],[-1.41289,48.65913],[-1.38922,48.67625],[-1.44759,48.65539],[-1.45336,48.67209],[-1.50503,48.68706],[-1.53006,48.73125],[-1.57044,48.74417],[-1.57628,48.82164],[-1.61544,48.83581],[-1.58041,48.85664],[-1.55753,48.93292],[-1.54955,48.9175],[-1.55797,49.02497],[-1.53423,49.03542],[-1.56008,49.03955],[-1.575,49.00369],[-1.58797,49.00917],[-1.61122,49.09663],[-1.57875,49.13747],[-1.59711,49.14417],[-1.61211,49.22083],[-1.54794,49.21997],[-1.6133,49.23706],[-1.63089,49.21289],[-1.67958,49.28416],[-1.65875,49.2825],[-1.71208,49.3233],[-1.67583,49.33292],[-1.71747,49.34789],[-1.7242,49.32791],[-1.78077,49.37286],[-1.76089,49.37372],[-1.81128,49.37414],[-1.84539,49.49667],[-1.88795,49.52753],[-1.84209,49.57333],[-1.84631,49.6225],[-1.8717,49.65708],[-1.94881,49.6758],[-1.94003,49.72786],[-1.88753,49.70708],[-1.85083,49.72044],[-1.82417,49.69122],[-1.68831,49.67456],[-1.67339,49.65961],[-1.63086,49.66122],[-1.62253,49.64455],[-1.50833,49.66292],[-1.47503,49.70039],[-1.26586,49.69878],[-1.22964,49.60916],[-1.255,49.61292],[-1.27589,49.57205],[-1.275,49.58705],[-1.29922,49.58292],[-1.31045,49.55],[-1.17211,49.41253],[-1.18297,49.35083],[-1.14091,49.36044],[-1.11581,49.32622],[-1.12047,49.36],[-1.08164,49.38872],[-0.99333,49.39789],[-0.92331,49.39372],[-0.8525,49.36369],[-0.74169,49.34872],[-0.40511,49.33623],[-0.25256,49.29044],[-0.22961,49.2775],[-0.21917,49.28456],[-0.09,49.29953],[0.0,49.32793],[3e-05,49.32794],[0.07408,49.36458],[0.09419,49.35125],[0.07786,49.36748],[0.13,49.40459],[0.21575,49.42536],[0.24911,49.41622],[0.23241,49.42789],[0.38995,49.43205],[0.37331,49.44036],[0.48617,49.4808],[0.36247,49.44955],[0.15744,49.45708],[0.09164,49.48042],[0.14997,49.46786],[0.17372,49.47583],[0.10919,49.48039],[0.06544,49.51666],[0.16294,49.6875],[0.20578,49.71458],[0.33327,49.74622],[0.57994,49.85205],[0.77914,49.8737],[0.96161,49.91875],[1.02497,49.91622],[1.08495,49.93459],[1.0925,49.91792],[1.09161,49.93372],[1.20084,49.97122],[1.44411,50.10167],[1.52,50.20958],[1.56992,50.22122],[1.59497,50.19625],[1.66578,50.1833],[1.67242,50.19411],[1.64328,50.18956],[1.65244,50.19914],[1.63078,50.20414],[1.65583,50.215],[1.62328,50.21372],[1.58581,50.25917],[1.55164,50.26122],[1.53911,50.2775],[1.55414,50.36081],[1.60914,50.36917],[1.55411,50.39667],[1.58078,50.53244],[1.61247,50.53667],[1.5775,50.56747],[1.55914,50.69917],[1.56578,50.7233],[1.59411,50.72914],[1.60414,50.77328],[1.58327,50.87292],[1.65164,50.88458],[1.77155,50.95453],[2.5,51.07619],[2.76167,51.167],[3.08317,51.3062],[3.17983,51.33122],[3.19486,51.34872],[3.19653,51.33292],[3.50653,51.40872],[3.68483,51.372],[3.73986,51.34369],[3.80481,51.34622],[3.81145,51.33453],[3.81316,51.34453],[3.86481,51.33708],[3.95483,51.36539],[3.97481,51.40786],[4.01322,51.40286],[4.04742,51.36914],[4.13328,51.33952],[4.13664,51.3537],[4.1758,51.3483],[4.1508,51.36664],[4.17995,51.35699],[4.18491,51.37703],[4.25031,51.35214],[4.23183,51.40408],[4.14497,51.39536],[4.08158,51.40706],[3.97481,51.45956],[3.92731,51.44827],[3.8998,51.39288],[3.81316,51.38542],[3.77314,51.40956],[3.72561,51.41414],[3.67897,51.44997],[3.70406,51.45247],[3.69653,51.4637],[3.63647,51.44205],[3.59819,51.45036],[3.5732,51.43872],[3.43064,51.53328],[3.56819,51.59536],[3.71986,51.59203],[3.83481,51.60703],[3.86398,51.60161],[3.90067,51.56578],[3.87153,51.54205],[3.9248,51.54536],[3.94147,51.52789],[4.04997,51.50372],[4.09241,51.44994],[4.13661,51.43369],[4.22847,51.43295],[4.29244,51.44989],[4.28072,51.48744],[4.22745,51.51324],[4.23409,51.53908],[4.20492,51.50616],[4.15831,51.52286],[4.07164,51.5262],[3.984,51.58994],[4.09658,51.61286],[4.17658,51.60619],[4.20822,51.57869],[4.1925,51.61159],[4.125,51.61203],[4.09744,51.63245],[4.10414,51.64745],[4.13331,51.65453],[4.19994,51.63286],[4.27328,51.63116],[4.37411,51.65825],[4.42155,51.70119],[4.55495,51.6845],[4.64575,51.71328],[4.63656,51.7262],[4.52489,51.70036],[4.40164,51.72034],[4.24664,51.76703],[4.23083,51.77742],[4.24586,51.78494],[4.15997,51.81786],[4.05658,51.8362],[4.06414,51.85161],[4.02578,51.88824],[4.05417,51.91495],[4.03083,51.91573],[4.00753,51.96328],[4.03997,51.98364],[4.0808,51.97408],[4.07997,51.96286],[4.0625,51.96992],[4.07247,51.94328],[4.04659,51.9345],[4.08914,51.94408],[4.09666,51.9695],[4.13461,51.96303],[4.09077,51.98489],[4.13414,52.00078],[4.35753,52.17086],[4.50914,52.34833],[4.57083,52.46333],[4.61078,52.47414],[4.57086,52.46914],[4.64244,52.73663],[4.73333,52.96706],[4.78167,52.96956],[4.79161,52.95211],[4.80417,52.9675],[4.81411,52.91328],[4.87495,52.89206],[4.9417,52.90869],[4.97166,52.93286],[5.03658,52.94038],[5.12078,52.84911],[5.10911,52.78162],[5.12747,52.75833],[5.155,52.74036],[5.19492,52.75789],[5.2908,52.74164],[5.30247,52.70411],[5.25081,52.68661],[5.24247,52.65828],[5.20322,52.63702],[5.13333,52.62039],[5.08825,52.64288],[5.02072,52.62994],[5.03584,52.56911],[5.09081,52.50748],[5.06406,52.48578],[5.07244,52.46747],[5.03909,52.46577],[5.05586,52.44414],[5.08664,52.44119],[5.09995,52.4912],[5.11078,52.4675],[5.14081,52.46164],[5.10245,52.44914],[5.01659,52.372],[4.93081,52.38417],[4.95831,52.3687],[4.96601,52.37775],[5.03494,52.33703],[5.09834,52.34117],[5.17325,52.3062],[5.25328,52.31033],[5.25661,52.32622],[5.21994,52.33289],[5.14081,52.32664],[5.11911,52.38164],[5.42164,52.50616],[5.45989,52.55456],[5.49497,52.55708],[5.56494,52.59875],[5.63834,52.61203],[5.76164,52.58289],[5.84414,52.58414],[5.84214,52.61275],[5.655,52.61286],[5.58752,52.66164],[5.59581,52.76831],[5.66253,52.83078],[5.7125,52.84164],[5.66664,52.84125],[5.64664,52.85956],[5.56992,52.83372],[5.46825,52.85455],[5.42325,52.84789],[5.35741,52.88078],[5.40739,52.91911],[5.40744,53.02248],[5.37581,53.05167],[5.3975,53.055],[5.36408,53.06583],[5.36161,53.07622],[5.3875,53.06581],[5.37742,53.08583],[5.33997,53.06705],[5.33411,53.07584],[5.40078,53.12247],[5.4408,53.21747],[5.59,53.30289],[5.86333,53.37791],[5.87833,53.39626],[5.91661,53.38622],[6.18836,53.41539],[6.16075,53.39914],[6.17914,53.33667],[6.18667,53.35706],[6.20161,53.34456],[6.21664,53.35542],[6.29659,53.33625],[6.23873,53.3548],[6.24331,53.36955],[6.1908,53.36497],[6.18328,53.37375],[6.23083,53.37497],[6.18578,53.37911],[6.20084,53.38417],[6.18253,53.38499],[6.18247,53.40331],[6.25161,53.39037],[6.19575,53.40744],[6.25494,53.41705],[6.30994,53.39542],[6.69003,53.46205],[6.81331,53.46455],[6.87914,53.44164],[6.90247,53.34998],[7.02206,53.3058],[7.09953,53.30775],[7.07953,53.29692],[7.09541,53.25728],[7.20856,53.23792],[7.24783,53.32],[7.33514,53.3195],[7.396,53.28892],[7.39594,53.23972],[7.42844,53.22253],[7.39933,53.238],[7.39761,53.29141],[7.3385,53.322],[7.02544,53.3375],[7.0097,53.34798],[7.02972,53.4865],[7.06055,53.51772],[7.10386,53.50684],[7.12133,53.51642],[7.10633,53.52394],[7.14803,53.5347],[7.08975,53.5715],[7.09303,53.58572],[7.223,53.664],[7.28717,53.68183],[7.47208,53.6865],[7.52539,53.67225],[7.69361,53.70287],[7.95672,53.71831],[8.03408,53.70416],[8.01744,53.68747],[8.0408,53.64497],[8.08244,53.64753],[8.16075,53.55997],[8.15744,53.53333],[8.17414,53.54167],[8.14831,53.51541],[8.06078,53.50664],[8.06919,53.46831],[8.09998,53.44622],[8.1467,53.45289],[8.205,53.40289],[8.26417,53.40664],[8.31242,53.45831],[8.30914,53.52495],[8.22914,53.52167],[8.23908,53.58583],[8.27336,53.61206],[8.33327,53.61625],[8.38995,53.57539],[8.55247,53.54083],[8.55419,53.52331],[8.49247,53.49333],[8.48414,53.47081],[8.50569,53.36908],[8.50247,53.48083],[8.51575,53.5],[8.5575,53.50833],[8.57414,53.5408],[8.48578,53.6525],[8.4808,53.69664],[8.57914,53.85583],[8.61661,53.88539],[8.66833,53.89458],[8.79667,53.83458],[8.90667,53.82958],[8.98492,53.84372],[9.02827,53.82872],[9.01833,53.84458],[9.11,53.86703],[9.28,53.85869],[9.32747,53.83081],[9.34419,53.78833],[9.49586,53.67833],[9.5408,53.61417],[9.68328,53.55042],[9.82581,53.53164],[9.8317,53.55289],[9.68333,53.57211],[9.55578,53.62161],[9.54166,53.66705],[9.57408,53.6333],[9.54583,53.68497],[9.52084,53.715],[9.44247,53.74003],[9.40083,53.82497],[9.29169,53.87456],[9.14581,53.88994],[9.19164,53.92042],[9.12994,53.88875],[9.04166,53.90205],[8.98333,53.89041],[8.9075,53.93581],[8.83581,54.03075],[8.89336,54.04617],[8.96825,54.01786],[9.00486,54.02786],[9.01572,54.09081],[8.96989,54.14369],[8.85828,54.12283],[8.8075,54.17998],[8.84253,54.25826],[8.91744,54.26661],[8.96081,54.31741],[8.89333,54.2845],[8.86333,54.3045],[8.78831,54.28203],[8.73994,54.29456],[8.68494,54.26617],[8.62914,54.28078],[8.60161,54.31369],[8.6125,54.28661],[8.58908,54.31812],[8.60909,54.2858],[8.57411,54.30161],[8.60081,54.3558],[8.63834,54.34369],[8.69241,54.36081],[8.65164,54.37537],[8.65164,54.36539],[8.60909,54.36914],[8.63825,54.39786],[8.81003,54.41539],[8.85995,54.40533],[8.95164,54.45705],[9.00403,54.46661],[9.01403,54.48663],[8.98336,54.52116],[8.91325,54.46452],[8.80742,54.46994],[8.80747,54.50081],[8.86328,54.52536],[8.97247,54.53162],[8.90242,54.56325],[8.87666,54.60203],[8.81084,54.59828],[8.84417,54.6208],[8.7233,54.72122],[8.71083,54.67416],[8.6727,54.66796],[8.65664,54.64286],[8.54828,54.61955],[8.52911,54.62664],[8.63658,54.65039],[8.70747,54.68744],[8.6908,54.72997],[8.71252,54.73997],[8.68078,54.79078],[8.6075,54.84077],[8.61078,54.88167],[8.51071,54.87971],[8.41825,54.84706],[8.33997,54.88036],[8.29581,54.84247],[8.295,54.73619],[8.27575,54.75247],[8.29236,54.90916],[8.39995,55.05375],[8.46577,55.04414],[8.39739,55.04497],[8.44253,55.01664],[8.39081,55.00247],[8.35242,54.96834],[8.37578,54.89581],[8.48164,54.87786],[8.64242,54.89581],[8.67253,54.96664],[8.63242,55.0358],[8.68909,55.14581],[8.65411,55.14833],[8.68411,55.16],[8.6525,55.2875],[8.67741,55.33247],[8.6225,55.42578],[8.55333,55.45458],[8.43083,55.46247],[8.29747,55.56331],[8.32575,55.58081],[8.30667,55.59039],[8.26411,55.59247],[8.23911,55.5558],[8.31084,55.49495],[8.31328,55.46542],[8.19333,55.52453],[8.07244,55.55911],[8.17911,55.77333],[8.14414,55.94164],[8.09908,56.02997],[8.12914,56.21164],[8.11742,56.53831],[8.1575,56.64417],[8.21328,56.71036],[8.2325,56.68333],[8.18909,56.63497],[8.23075,56.62666],[8.245,56.60205],[8.30578,56.59334],[8.28414,56.58414],[8.29994,56.55122],[8.32661,56.57875],[8.39328,56.57875],[8.51161,56.54205],[8.55911,56.56747],[8.45908,56.6475],[8.35411,56.67667],[8.29911,56.7583],[8.26167,56.77708],[8.23836,56.69622],[8.22083,56.72669],[8.23581,56.80664],[8.34245,56.94081],[8.59661,57.12119],[8.74828,57.10289],[8.84333,57.11039],[8.97833,57.15875],[9.17333,57.13786],[9.4,57.16119],[9.55744,57.23663],[9.72745,57.39081],[9.79086,57.47498],[9.93825,57.58623],[10.21825,57.60455],[10.55664,57.74458],[10.65747,57.7375],[10.52086,57.68494],[10.4225,57.5883],[10.43745,57.53664],[10.5508,57.43831],[10.51752,57.39081],[10.54581,57.22917],[10.4158,57.14164],[10.34077,56.9933],[10.23072,56.98678],[10.30911,56.98167],[10.26742,56.87077],[10.29075,56.77081],[10.33578,56.70747],[10.2317,56.71875],[10.18997,56.70203],[10.16167,56.71875],[10.12408,56.71161],[10.205,56.68203],[10.25322,56.69875],[10.34744,56.69417],[10.36075,56.63497],[10.31164,56.60709],[10.41,56.53119],[10.51828,56.51208],[10.76334,56.53795],[10.83664,56.53122],[10.96078,56.44167],[10.92242,56.41664],[10.91586,56.34331],[10.81081,56.25583],[10.74247,56.22498],[10.71328,56.14206],[10.63908,56.1758],[10.67744,56.20914],[10.62495,56.22872],[10.53911,56.17751],[10.56081,56.12747],[10.54664,56.10289],[10.51164,56.09539],[10.48083,56.1358],[10.52084,56.15],[10.51991,56.17375],[10.465,56.18205],[10.42164,56.16289],[10.3792,56.16833],[10.34834,56.20125],[10.43667,56.22289],[10.43833,56.20206],[10.48075,56.20833],[10.44578,56.22833],[10.5075,56.26661],[10.48333,56.28289],[10.46575,56.27414],[10.45494,56.29459],[10.38247,56.28828],[10.34081,56.235],[10.24417,56.18664],[10.21406,56.13747],[10.27414,56.0475],[10.26242,56.02248],[10.28247,56.0192],[10.2525,55.98988],[10.25747,55.91075],[10.19256,55.88408],[10.19747,55.83905],[10.1575,55.84572],[10.13497,55.88033],[10.11997,55.8703],[10.0817,55.88448],[9.97158,55.87955],[9.96497,55.85872],[9.90161,55.86539],[9.85911,55.8525],[10.0,55.82536],[10.02331,55.83698],[10.01825,55.81863],[10.05244,55.82405],[10.06586,55.80656],[10.01578,55.76989],[10.08253,55.74575],[10.0025,55.72658],[10.03083,55.69569],[9.91994,55.69205],[9.82661,55.66872],[9.74667,55.68042],[9.67836,55.71205],[9.55914,55.70747],[9.58498,55.69128],[9.66994,55.69375],[9.74081,55.6575],[9.75661,55.62459],[9.86075,55.62328],[9.79916,55.595],[9.76914,55.55833],[9.73244,55.5558],[9.73828,55.51875],[9.67667,55.52702],[9.61494,55.50955],[9.57164,55.5262],[9.58661,55.49789],[9.49578,55.49248],[9.58664,55.48625],[9.62833,55.4987],[9.69583,55.46164],[9.59414,55.42333],[9.62244,55.3925],[9.59747,55.35747],[9.64917,55.34084],[9.62247,55.31084],[9.64333,55.31375],[9.67247,55.2858],[9.64003,55.29459],[9.56578,55.25],[9.63328,55.28625],[9.71747,55.24828],[9.68919,55.22414],[9.69328,55.19456],[9.63658,55.17456],[9.59161,55.19373],[9.49578,55.15581],[9.51908,55.12666],[9.47495,55.13045],[9.46075,55.11661],[9.52158,55.10959],[9.5525,55.07664],[9.50667,55.04711],[9.43,55.04289],[9.42416,55.02831],[9.49325,55.01622],[9.57831,55.04542],[9.60167,55.03955],[9.63161,55.01039],[9.73906,54.98908],[9.75747,54.92911],[9.78572,54.91411],[9.76492,54.89867],[9.70406,54.90073],[9.76078,54.86325],[9.74658,54.83867],[9.63742,54.86241],[9.65583,54.88161],[9.60081,54.90911],[9.67236,54.91825],[9.62161,54.93536],[9.56911,54.88158],[9.52661,54.87784],[9.42078,54.82825],[9.43497,54.79533],[9.46492,54.8245],[9.49667,54.82455],[9.58659,54.87869],[9.61658,54.87953],[9.59077,54.85323],[9.60414,54.83325],[9.79317,54.79953],[9.84153,54.75948],[9.90572,54.76575],[9.90825,54.7995],[9.95903,54.78239],[9.99078,54.71994],[10.03909,54.6875],[10.02914,54.55251],[9.97164,54.50533],[9.87161,54.47369],[9.84161,54.47697],[9.84402,54.46664],[9.87984,54.45033],[10.10664,54.48706],[10.16331,54.47705],[10.20078,54.45831],[10.17247,54.43753],[10.19414,54.39164],[10.12578,54.37],[10.15244,54.36581],[10.14328,54.32039],[10.1725,54.33244],[10.22242,54.4117],[10.32494,54.43875],[10.61664,54.36122],[10.705,54.30708],[10.795,54.31622],[10.93,54.38458],[11.02666,54.37042],[11.09828,54.39626],[11.13242,54.39081],[11.07828,54.34706],[11.06078,54.35667],[11.09417,54.1983],[10.9525,54.14161],[10.88331,54.09039],[10.80336,54.09875],[10.75581,54.05583],[10.78244,54.00247],[10.86983,53.99453],[10.88822,53.95953],[11.04164,54.00958],[11.18,54.01788],[11.21159,53.98878],[11.26078,53.98666],[11.24408,53.95917],[11.25989,53.9362],[11.28828,53.93208],[11.3382,53.96125],[11.46161,53.90039],[11.44744,53.91245],[11.48414,53.94747],[11.48402,53.96831],[11.46572,53.96664],[11.50742,53.98244],[11.49075,53.995],[11.53081,54.02083],[11.51575,54.03336],[11.56164,54.03039],[11.57911,54.06494],[11.62247,54.07834],[11.61244,54.10414],[11.53164,54.05038],[11.52708,54.07004],[11.51328,54.04202],[11.51247,54.06414],[11.67664,54.15542],[11.84658,54.14706],[12.0,54.17066],[12.0,46.0],[-1.06141,46.0]]]}},{"type":"Feature","properties":{"kind":"land","level":1},"geometry":{"type":"Polygon","coordinates":[[[12.0,57.34771],[11.98333,57.37206],[11.96328,57.35125],[11.9425,57.36081],[11.9625,57.3875],[11.90914,57.39166],[11.92419,57.42917],[11.89414,57.43333],[11.91086,57.46914],[11.93745,57.47581],[11.90578,57.48663],[11.96739,57.49497],[11.91578,57.50166],[11.94581,57.50997],[11.91914,57.51997],[11.93497,57.53208],[11.91248,57.52667],[11.93747,57.575],[11.92167,57.59125],[11.89911,57.58828],[11.9275,57.62414],[11.90997,57.63375],[11.88664,57.60792],[11.84406,57.65083],[11.85744,57.66661],[11.83417,57.65913],[11.85831,57.68042],[11.95747,57.70747],[11.84825,57.68789],[11.79828,57.69208],[11.79828,57.71125],[11.77167,57.68542],[11.70247,57.70494],[11.71586,57.73583],[11.8,57.75041],[11.80917,57.7625],[11.78575,57.76917],[11.85408,57.8],[11.73495,57.78208],[11.73411,57.81914],[11.68414,57.8375],[11.71252,57.85333],[11.67414,57.84833],[11.72075,57.8858],[11.70333,57.89628],[11.78411,57.90167],[11.75408,57.92244],[11.7858,57.92747],[11.7458,57.93747],[11.78745,57.94997],[11.75997,57.94869],[11.75739,57.96417],[11.81411,57.98917],[11.80564,58.08578],[11.83395,58.10164],[11.80564,58.10494],[11.84394,58.12164],[11.86064,58.19664],[11.89816,58.20206],[11.9173,58.2233],[11.87566,58.22078],[11.81406,58.31667],[11.91067,58.34167],[11.88983,58.34956],[11.81311,58.32125],[11.70153,58.34128],[11.74406,58.31583],[11.6757,58.30667],[11.64906,58.27664],[11.674,58.27583],[11.67067,58.26164],[11.61491,58.26456],[11.5948,58.24289],[11.60233,58.25997],[11.55822,58.26378],[11.5873,58.25583],[11.57069,58.23578],[11.5165,58.20536],[11.48906,58.21003],[11.4882,58.19622],[11.49983,58.20792],[11.53481,58.20125],[11.62317,58.25041],[11.67986,58.24292],[11.7048,58.30622],[11.75572,58.29994],[11.76561,58.26161],[11.78653,58.26869],[11.84566,58.2308],[11.85392,58.16661],[11.83058,58.12164],[11.77981,58.13042],[11.72731,58.09666],[11.76817,58.10956],[11.79561,58.09245],[11.7415,58.07536],[11.72644,58.09539],[11.70064,58.07497],[11.7823,58.06411],[11.77811,58.05456],[11.78892,58.05078],[11.75897,58.04913],[11.76228,58.00748],[11.71997,57.99042],[11.71484,58.02208],[11.70564,58.00411],[11.684,58.00664],[11.68909,57.96831],[11.56831,57.92789],[11.5658,57.95167],[11.5125,57.95828],[11.54408,57.9783],[11.52253,57.98331],[11.54747,57.98669],[11.53667,57.99956],[11.51747,57.99081],[11.55156,58.00958],[11.58891,58.00748],[11.5665,58.01869],[11.51147,58.00542],[11.49983,58.01872],[11.48153,58.00291],[11.48906,58.02914],[11.52231,58.02164],[11.50562,58.04919],[11.54984,58.06541],[11.56981,58.04956],[11.65981,58.06039],[11.63394,58.07581],[11.64897,58.09412],[11.70564,58.1025],[11.68816,58.11378],[11.67147,58.10539],[11.66983,58.11958],[11.63486,58.09872],[11.654,58.12414],[11.62322,58.13372],[11.57406,58.11166],[11.58981,58.09122],[11.60725,58.1],[11.58475,58.08372],[11.53147,58.09203],[11.54897,58.07914],[11.5015,58.05789],[11.50228,58.09998],[11.52736,58.09334],[11.49483,58.11039],[11.49072,58.07333],[11.4657,58.07417],[11.48739,58.06084],[11.44312,58.06039],[11.47569,58.08333],[11.43903,58.10167],[11.479,58.09833],[11.40906,58.13497],[11.39909,58.16331],[11.41983,58.15539],[11.41233,58.18164],[11.4565,58.17372],[11.47903,58.19333],[11.4698,58.20541],[11.41989,58.19292],[11.40564,58.20581],[11.43816,58.25294],[11.49986,58.27126],[11.50072,58.25003],[11.53733,58.31081],[11.63236,58.38744],[11.66069,58.38414],[11.63067,58.4025],[11.7057,58.43667],[11.67819,58.43706],[11.62314,58.40208],[11.57575,58.4783],[11.57575,58.35744],[11.52072,58.30583],[11.43647,58.26791],[11.41075,58.26994],[11.45069,58.30583],[11.40317,58.29542],[11.419,58.3083],[11.39733,58.3233],[11.41495,58.35374],[11.47072,58.34583],[11.44733,58.36083],[11.45567,58.39331],[11.37489,58.33458],[11.35741,58.35081],[11.46322,58.45958],[11.36322,58.36292],[11.31233,58.35997],[11.31656,58.38123],[11.29659,58.35625],[11.21069,58.35081],[11.20403,58.36417],[11.24497,58.37955],[11.24489,58.36288],[11.25239,58.37997],[11.21909,58.38747],[11.24078,58.40581],[11.21909,58.41],[11.22908,58.44086],[11.25989,58.44792],[11.28992,58.42628],[11.28069,58.46667],[11.32992,58.46378],[11.3158,58.47583],[11.36239,58.49001],[11.31158,58.48122],[11.30664,58.50041],[11.30658,58.48456],[11.28236,58.49248],[11.29819,58.50958],[11.25833,58.52211],[11.22739,58.51414],[11.28075,58.535],[11.24489,58.54208],[11.24503,58.52542],[11.22406,58.54417],[11.31908,58.58167],[11.27739,58.58583],[11.28658,58.61792],[11.26242,58.60583],[11.29242,58.64833],[11.24997,58.66208],[11.235,58.64375],[11.20911,58.65167],[11.24161,58.67211],[11.26906,58.65753],[11.26086,58.69003],[11.24831,58.67706],[11.23419,58.71503],[11.17247,58.72086],[11.19672,58.77128],[11.19137,58.75494],[11.21822,58.75381],[11.26247,58.72],[11.18584,58.78169],[11.22161,58.78958],[11.22745,58.77589],[11.21909,58.80502],[11.25083,58.81167],[11.20253,58.82497],[11.22156,58.83714],[11.24253,58.82086],[11.2392,58.85252],[11.22667,58.84294],[11.20586,58.86166],[11.22411,58.83917],[11.19836,58.82875],[11.13589,58.83256],[11.15923,58.84334],[11.1375,58.85667],[11.17917,58.8575],[11.16,58.86964],[11.20245,58.86503],[11.18333,58.85378],[11.21917,58.8667],[11.20092,58.9017],[11.15831,58.89545],[11.11417,58.92003],[11.15336,58.92792],[11.20583,58.915],[11.11919,58.96083],[11.14083,58.98753],[11.17592,58.99339],[11.13167,58.99794],[11.09417,58.98339],[11.18906,59.07664],[11.26408,59.09663],[11.21655,59.08867],[11.21989,59.10452],[11.19906,59.09245],[11.22569,59.13078],[11.20164,59.11203],[11.17578,59.12747],[11.17992,59.14369],[11.21575,59.14664],[11.17575,59.15331],[11.18156,59.18703],[11.14408,59.19576],[11.16911,59.15911],[11.12656,59.14619],[11.08083,59.18497],[11.11069,59.13411],[11.07661,59.12286],[11.06992,59.13872],[11.02905,59.13081],[11.04244,59.15831],[11.02661,59.14955],[11.00411,59.17494],[11.02248,59.185],[10.96664,59.17878],[10.95744,59.20833],[10.91664,59.22286],[10.87411,59.18167],[10.85753,59.18744],[10.86078,59.17166],[10.82078,59.17164],[10.81164,59.19625],[10.78914,59.18914],[10.80578,59.2075],[10.77077,59.24667],[10.72752,59.2283],[10.74081,59.29002],[10.79578,59.32161],[10.75164,59.30539],[10.73333,59.34453],[10.68239,59.30583],[10.64919,59.37586],[10.65747,59.42833],[10.58742,59.42166],[10.64836,59.51042],[10.67416,59.49001],[10.66578,59.44247],[10.68914,59.525],[10.6675,59.52333],[10.64911,59.55328],[10.63081,59.69747],[10.615,59.68375],[10.58414,59.76083],[10.65994,59.87122],[10.73575,59.76747],[10.73744,59.80417],[10.7825,59.85081],[10.75333,59.90872],[10.69167,59.91705],[10.70253,59.90337],[10.67667,59.89455],[10.66991,59.91872],[10.60828,59.87459],[10.61169,59.90289],[10.53825,59.89122],[10.47414,59.835],[10.51244,59.83997],[10.47916,59.82086],[10.50586,59.80247],[10.52245,59.69164],[10.60245,59.66583],[10.60909,59.5625],[10.51164,59.51958],[10.46322,59.51619],[10.41241,59.5325],[10.42997,59.61288],[10.39081,59.58331],[10.40919,59.56333],[10.3783,59.53042],[10.30828,59.54036],[10.24492,59.57622],[10.23417,59.56828],[10.385,59.43956],[10.45,59.45372],[10.46169,59.42873],[10.49917,59.43333],[10.46581,59.36081],[10.52914,59.3083],[10.49414,59.2758],[10.50586,59.25581],[10.48989,59.26541],[10.46328,59.24455],[10.435,59.27122],[10.4225,59.26253],[10.46083,59.21914],[10.45917,59.17998],[10.43831,59.16453],[10.38578,59.17331],[10.44747,59.15581],[10.4175,59.14244],[10.4375,59.13495],[10.4108,59.09581],[10.42245,59.06336],[10.39584,59.05747],[10.38578,59.16248],[10.35914,59.185],[10.39992,59.27959],[10.37417,59.27417],[10.37742,59.22747],[10.35828,59.21375],[10.34072,59.21997],[10.3275,59.19417],[10.32575,59.12083],[10.28244,59.13997],[10.3075,59.05498],[10.26667,59.12456],[10.26914,59.04167],[10.22994,59.12788],[10.21416,59.02664],[10.13328,59.0062],[10.13075,59.02664],[10.17747,59.04083],[10.16822,59.05539],[10.07836,59.01706],[10.0675,59.04167],[10.01989,59.04872],[10.04073,58.98],[9.98336,58.96872],[9.97164,58.98369],[9.96003,58.96289],[9.92664,58.96536],[9.92169,58.97955],[9.90325,58.96622],[9.865,58.97453],[9.85667,58.95872],[9.81419,58.9733],[9.85083,58.99081],[9.85245,59.015],[9.83661,59.04205],[9.82994,59.00875],[9.80411,59.02917],[9.79833,59.09039],[9.77664,59.04205],[9.73991,59.07375],[9.7142,59.07249],[9.70658,59.10792],[9.70911,59.05167],[9.67164,59.05539],[9.61083,59.12247],[9.62328,59.13458],[9.58164,59.12039],[9.5183,59.13458],[9.62906,59.08167],[9.63828,59.05289],[9.70744,59.04581],[9.74919,59.01744],[9.75086,58.98663],[9.71831,59.00958],[9.70834,58.98706],[9.65744,58.98914],[9.70414,58.97166],[9.69,58.95956],[9.68658,58.97125],[9.65158,58.97128],[9.62472,58.95119],[9.64664,58.95042],[9.64325,58.93953],[9.615,58.95372],[9.5875,58.94495],[9.625,58.93125],[9.46658,58.93791],[9.50911,58.92747],[9.48836,58.91872],[9.56409,58.90831],[9.49664,58.87202],[9.48164,58.91789],[9.45827,58.88619],[9.43494,58.90539],[9.3708,58.89578],[9.37,58.88289],[9.42408,58.9008],[9.42242,58.88167],[9.39742,58.88167],[9.41661,58.86456],[9.32658,58.86792],[9.29922,58.88667],[9.28748,58.84087],[9.44325,58.84789],[9.46577,58.82831],[9.37747,58.79916],[9.44083,58.80414],[9.34998,58.75458],[9.28492,58.74123],[9.10161,58.74961],[9.06075,58.73],[9.19328,58.71875],[9.09084,58.73917],[9.22992,58.73872],[9.20911,58.72414],[9.2383,58.72958],[9.24086,58.71661],[9.19583,58.70331],[9.22916,58.68916],[9.20253,58.6658],[9.15161,58.66286],[9.06997,58.62039],[9.02164,58.61789],[9.03911,58.60494],[8.99919,58.58578],[9.03748,58.59666],[9.00994,58.56708],[8.97242,58.60164],[8.95409,58.59666],[8.95417,58.62331],[8.93578,58.62],[8.94414,58.59245],[8.96917,58.59581],[8.96745,58.55578],[8.97495,58.58625],[9.0025,58.55917],[8.92497,58.51042],[8.88908,58.52328],[8.87991,58.49539],[8.94917,58.5125],[8.92081,58.475],[8.82825,58.43289],[8.82003,58.44786],[8.81825,58.43127],[8.78584,58.43664],[8.77914,58.45831],[8.87664,58.49539],[8.75244,58.45244],[8.78253,58.44331],[8.77908,58.41911],[8.71577,58.41078],[8.71584,58.37828],[8.67159,58.37128],[8.62167,58.32956],[8.60078,58.33498],[8.61244,58.36083],[8.57411,58.30664],[8.5175,58.29584],[8.51164,58.28122],[8.5408,58.28497],[8.52239,58.26164],[8.45,58.26036],[8.47242,58.25247],[8.44658,58.25039],[8.43658,58.28786],[8.41744,58.27164],[8.43081,58.23661],[8.39577,58.24164],[8.39491,58.25539],[8.35245,58.23414],[8.39417,58.22247],[8.38164,58.19703],[8.33336,58.19119],[8.31664,58.21289],[8.28917,58.21333],[8.30161,58.20125],[8.25581,58.20663],[8.32919,58.18914],[8.29914,58.18497],[8.30336,58.16708],[8.27578,58.17497],[8.285,58.15205],[8.2325,58.14997],[8.26078,58.1333],[8.21911,58.12583],[8.21669,58.10875],[8.19495,58.15036],[8.18164,58.12872],[8.1508,58.12831],[8.16914,58.11917],[8.14664,58.10374],[8.08158,58.11458],[8.08325,58.13039],[8.06081,58.11917],[8.07325,58.14206],[8.0425,58.12997],[8.08578,58.18744],[8.03159,58.23456],[8.05578,58.20747],[8.04586,58.15836],[8.00075,58.1425],[8.01167,58.13042],[7.98833,58.14288],[7.96577,58.1358],[7.95911,58.11333],[7.99741,58.10747],[7.97572,58.10834],[7.99083,58.09995],[7.9483,58.07372],[7.93328,58.09372],[7.90831,58.06875],[7.87669,58.07789],[7.81995,58.06456],[7.80495,58.07872],[7.78664,58.06622],[7.78336,58.08041],[7.72994,58.05292],[7.66078,58.04666],[7.68417,58.03664],[7.67836,58.01958],[7.65583,58.02414],[7.67164,58.01208],[7.63167,58.02039],[7.59834,58.00122],[7.50503,58.00461],[7.5033,58.01791],[7.4633,58.01539],[7.4567,58.02705],[7.43994,58.01375],[7.39831,58.01955],[7.42575,58.01164],[7.40836,58.00378],[7.31497,58.04958],[7.32244,58.02583],[7.29833,58.03953],[7.27836,58.02542],[7.28169,58.05705],[7.26836,58.02539],[7.24834,58.05038],[7.19667,58.02708],[7.17839,58.05705],[7.14503,58.02792],[7.14169,58.04208],[7.12334,58.02539],[7.1058,58.03917],[7.11247,58.00664],[7.04833,57.98039],[7.0275,57.9958],[7.04253,58.02583],[7.13411,58.07831],[7.10328,58.08289],[7.10748,58.06914],[6.98328,58.02286],[6.97578,58.04744],[7.01083,58.0583],[7.00414,58.07411],[7.05666,58.12039],[6.95992,58.04789],[6.93742,58.07417],[6.96081,58.08161],[6.93253,58.08083],[6.95325,58.10625],[6.92167,58.07122],[6.81164,58.09369],[6.90497,58.12625],[6.95492,58.11292],[7.04747,58.13828],[6.90659,58.13208],[6.83411,58.17081],[6.87661,58.19708],[6.83,58.17622],[6.79414,58.18497],[6.80417,58.15581],[6.86578,58.13083],[6.82661,58.10792],[6.77328,58.11453],[6.78828,58.09706],[6.80914,58.09416],[6.77502,58.07789],[6.82411,58.08],[6.79669,58.05458],[6.77167,58.0712],[6.72664,58.06122],[6.65661,58.07536],[6.63831,58.06538],[6.55411,58.11583],[6.59747,58.13167],[6.62161,58.17873],[6.71664,58.17372],[6.6758,58.19417],[6.93828,58.29459],[6.72334,58.21956],[6.70078,58.25583],[6.65581,58.26164],[6.66164,58.29456],[6.64828,58.23292],[6.48,58.25545],[6.47166,58.27039],[6.41495,58.26703],[6.38408,58.2758],[6.43166,58.29042],[6.37328,58.27708],[6.32411,58.29997],[6.35167,58.32709],[6.32164,58.30956],[6.26497,58.32039],[6.25997,58.33872],[6.24831,58.32289],[6.15325,58.34203],[6.06333,58.38458],[6.05164,58.3737],[6.03408,58.38081],[5.98825,58.43375],[5.95497,58.40791],[5.92664,58.45456],[5.89161,58.42039],[5.88325,58.44041],[5.86161,58.42875],[5.89831,58.46205],[5.87164,58.45958],[5.87325,58.47792],[5.8233,58.47458],[5.78909,58.49078],[5.79253,58.51497],[5.76495,58.53039],[5.66253,58.5508],[5.54919,58.65584],[5.54916,58.69],[5.48908,58.75081],[5.54753,58.795],[5.55244,58.86497],[5.60083,58.87833],[5.57072,58.89748],[5.57411,58.92081],[5.60578,58.92661],[5.5658,58.935],[5.57242,58.96164],[5.60703,58.94975],[5.63336,58.89622],[5.68414,58.92833],[5.66998,58.94036],[5.63414,58.9325],[5.58742,58.96584],[5.59828,58.98378],[5.56245,58.97917],[5.56419,59.01584],[5.59084,59.02],[5.57417,59.03247],[5.72825,58.97122],[5.7458,58.9725],[5.70917,58.98994],[5.71414,59.00664],[5.75159,59.01286],[5.76908,58.9958],[5.73917,58.98331],[5.7692,58.965],[5.74578,58.95247],[5.75411,58.92],[5.72916,58.91997],[5.74328,58.85292],[5.78416,58.93831],[5.84828,58.92875],[5.87167,58.96961],[5.97919,58.93664],[5.96581,58.90414],[6.05836,58.89291],[6.16333,58.8387],[6.2858,58.83917],[6.17658,58.84789],[6.12078,58.87664],[6.0875,58.90161],[6.11745,58.93664],[6.28328,58.99792],[6.64742,59.05247],[6.26828,59.00872],[6.10075,58.94083],[6.07158,58.90205],[5.9958,58.97163],[6.03328,58.99625],[6.08747,58.98583],[6.02991,59.02122],[5.95164,59.02208],[5.88911,59.08414],[5.9783,59.12202],[6.03006,59.11458],[6.09503,59.13872],[6.19414,59.14753],[6.02747,59.14413],[6.10408,59.21664],[6.17831,59.23292],[6.19828,59.25706],[6.30997,59.27875],[6.33495,59.26875],[6.33331,59.28703],[6.42336,59.31122],[6.5625,59.31914],[6.38161,59.31873],[6.15994,59.25958],[6.12336,59.30373],[6.25166,59.31206],[6.27664,59.29706],[6.27245,59.31578],[6.29244,59.31667],[6.24583,59.33583],[6.21911,59.39084],[6.235,59.32208],[6.19247,59.31667],[6.19994,59.34375],[6.17831,59.31372],[6.10833,59.32042],[6.10333,59.36206],[6.08994,59.32787],[6.04664,59.32622],[6.02245,59.3425],[6.05417,59.38248],[6.13333,59.40125],[6.13625,59.41588],[6.17833,59.42122],[6.21664,59.44539],[6.21083,59.41],[6.26997,59.50372],[6.46167,59.54709],[6.59742,59.55917],[6.44328,59.55539],[6.27331,59.51539],[6.3325,59.58163],[6.3325,59.62581],[6.36742,59.64169],[6.31828,59.63869],[6.29414,59.61664],[6.31253,59.57417],[6.2092,59.50164],[6.21584,59.47166],[6.12003,59.40625],[6.08167,59.41122],[6.04669,59.39622],[6.01161,59.40706],[6.02245,59.38083],[5.97667,59.35208],[5.94078,59.36083],[5.91245,59.44749],[6.01328,59.44539],[6.1975,59.48167],[5.90497,59.47289],[5.85,59.54039],[5.81416,59.5175],[5.85245,59.46167],[5.76661,59.43459],[5.73495,59.47375],[5.75083,59.42917],[5.66742,59.39084],[5.84161,59.43542],[5.89584,59.37911],[5.88911,59.35],[5.825,59.32875],[5.79823,59.34541],[5.79003,59.32289],[5.74158,59.34119],[5.75083,59.32834],[5.66908,59.29414],[5.67578,59.26417],[5.64828,59.25875],[5.64244,59.31998],[5.68408,59.33],[5.6275,59.3925],[5.6292,59.50081],[5.57083,59.49495],[5.52494,59.44375],[5.46577,59.45583],[5.46411,59.43164],[5.51503,59.42792],[5.58331,59.47456],[5.61242,59.445],[5.61745,59.40584],[5.5825,59.40664],[5.62411,59.39497],[5.61417,59.32836],[5.5575,59.2725],[5.49,59.27036],[5.46414,59.2825],[5.45575,59.31917],[5.48744,59.32661],[5.45575,59.32831],[5.47503,59.39372],[5.4425,59.33664],[5.45908,59.29411],[5.39909,59.29911],[5.38158,59.42044],[5.36411,59.29],[5.38245,59.2858],[5.35328,59.26711],[5.33414,59.31503],[5.36247,59.32911],[5.32078,59.33664],[5.23581,59.43327],[5.25078,59.46664],[5.22742,59.4675],[5.22247,59.49997],[5.25325,59.49706],[5.26075,59.51164],[5.27664,59.50958],[5.27908,59.51913],[5.2242,59.52578],[5.32581,59.59914],[5.3158,59.61748],[5.39,59.65042],[5.43747,59.61661],[5.43581,59.60747],[5.47408,59.62164],[5.41245,59.66164],[5.44578,59.66417],[5.43747,59.68661],[5.52333,59.73292],[5.53572,59.56831],[5.51334,59.54542],[5.49744,59.55251],[5.49828,59.51958],[5.45075,59.54083],[5.45995,59.48203],[5.46584,59.50911],[5.50664,59.51119],[5.52666,59.53456],[5.54659,59.52453],[5.56084,59.54494],[5.57911,59.59167],[5.5525,59.59828],[5.5525,59.64417],[5.59331,59.68375],[5.77409,59.64581],[5.78741,59.61494],[5.74328,59.59706],[5.80997,59.60452],[5.7933,59.64125],[5.91656,59.64203],[5.89417,59.64914],[5.93742,59.67164],[5.795,59.64536],[5.78247,59.68164],[5.85909,59.71081],[5.85997,59.72789],[5.93739,59.73331],[5.92995,59.76961],[5.9783,59.73456],[5.98997,59.74372],[6.09494,59.73622],[6.14414,59.7825],[6.2383,59.82455],[6.35741,59.8525],[6.37997,59.87459],[6.33997,59.8512],[6.23161,59.83286],[6.12156,59.78036],[6.10159,59.78625],[6.085,59.75958],[6.02834,59.75208],[5.98158,59.76125],[5.95419,59.7867],[5.98828,59.85622],[5.96416,59.84917],[5.95739,59.80994],[5.88333,59.76703],[5.7767,59.82872],[5.71989,59.82289],[5.73495,59.83623],[5.69661,59.83038],[5.67239,59.84497],[5.73164,59.85956],[5.73497,59.87537],[5.76739,59.8708],[5.76581,59.90495],[5.80661,59.93205],[5.99086,59.95334],[6.01247,59.98247],[5.97906,59.99914],[6.03831,60.06956],[6.11494,60.09789],[6.31578,60.12911],[6.28247,60.13499],[6.28156,60.16539],[6.24661,60.13045],[6.13831,60.10789],[6.1675,60.12581],[6.0825,60.19333],[6.11994,60.22125],[6.16495,60.21542],[6.19239,60.22833],[6.20414,60.25997],[6.24914,60.27664],[6.22081,60.295],[6.37578,60.34334],[6.35494,60.37292],[6.49489,60.38539],[6.56167,60.43875],[6.67083,60.40997],[6.56747,60.24497],[6.52914,60.09084],[6.54491,60.07208],[6.61747,60.28331],[6.68414,60.38664],[6.72581,60.38081],[6.70914,60.39997],[6.83156,60.47456],[6.99494,60.48375],[7.06158,60.46625],[7.14078,60.4975],[7.08,60.48706],[6.99492,60.50455],[6.91245,60.49583],[7.02489,60.58708],[6.92828,60.52875],[6.92083,60.56167],[6.94586,60.57247],[6.91409,60.56583],[6.92078,60.51917],[6.895,60.49042],[6.76656,60.47206],[6.70161,60.43122],[6.63503,60.44869],[6.62917,60.46747],[6.71658,60.52211],[6.60658,60.46039],[6.52661,60.45792],[6.30331,60.39288],[6.26331,60.4012],[6.28078,60.3825],[6.25491,60.37209],[6.20997,60.38708],[6.205,60.36958],[6.15002,60.37378],[6.22408,60.3375],[6.17083,60.31333],[6.19742,60.28081],[6.15491,60.24375],[6.14333,60.25958],[6.08492,60.25288],[6.01752,60.26913],[6.00917,60.2325],[5.96414,60.21333],[5.95586,60.1608],[5.90078,60.15666],[5.92583,60.05997],[5.89753,60.01331],[5.81494,59.97955],[5.82497,60.01625],[5.76664,59.9762],[5.76078,60.00917],[5.72583,60.00247],[5.705,60.05036],[5.70411,59.99667],[5.62083,59.93911],[5.66744,59.925],[5.6692,59.90414],[5.64164,59.89619],[5.6508,59.91417],[5.62331,59.90706],[5.60833,59.92875],[5.54664,59.88628],[5.50081,59.97414],[5.4733,59.93958],[5.37583,59.98997],[5.39161,59.98456],[5.4,60.00206],[5.41333,59.98872],[5.43411,59.99747],[5.43658,59.98286],[5.45494,59.99709],[5.49167,59.99039],[5.46914,60.04333],[5.50336,60.05378],[5.56328,60.04542],[5.53414,60.055],[5.58065,60.06689],[5.55328,60.06792],[5.55669,60.07956],[5.62661,60.05292],[5.66991,60.07961],[5.71156,60.04956],[5.71989,60.07625],[5.75578,60.05997],[5.71911,60.10667],[5.76752,60.12666],[5.71917,60.17084],[5.76578,60.1875],[5.705,60.17958],[5.69667,60.19122],[5.69244,60.15913],[5.64661,60.14875],[5.59494,60.14208],[5.57242,60.15666],[5.60245,60.185],[5.59158,60.20541],[5.7475,60.23997],[5.65997,60.24455],[5.61914,60.23334],[5.66158,60.28291],[5.60161,60.23788],[5.58247,60.2542],[5.66084,60.29747],[5.65408,60.33498],[5.6936,60.36118],[5.745,60.37039],[5.76583,60.39084],[5.7233,60.40456],[5.7175,60.37917],[5.66,60.34375],[5.64747,60.37247],[5.61411,60.28667],[5.56422,60.26003],[5.53748,60.20081],[5.4625,60.17917],[5.44161,60.13211],[5.42497,60.15791],[5.41666,60.13206],[5.39414,60.13503],[5.405,60.15369],[5.37914,60.14917],[5.39581,60.17833],[5.32408,60.18914],[5.3533,60.21961],[5.36328,60.20209],[5.38075,60.2125],[5.35992,60.23045],[5.29161,60.22456],[5.26661,60.20287],[5.24406,60.20998],[5.3275,60.26831],[5.29825,60.25708],[5.26492,60.26791],[5.28416,60.25914],[5.26989,60.24039],[5.24825,60.24286],[5.20078,60.28583],[5.21156,60.31958],[5.29661,60.3187],[5.29997,60.30456],[5.33411,60.34334],[5.29161,60.31958],[5.25669,60.32042],[5.22833,60.34786],[5.19992,60.32787],[5.1692,60.37417],[5.23825,60.39875],[5.34908,60.38003],[5.3075,60.38834],[5.32086,60.4108],[5.27578,60.4458],[5.31583,60.4425],[5.25253,60.4783],[5.29498,60.52625],[5.38914,60.4975],[5.45997,60.42206],[5.45834,60.45375],[5.52995,60.42125],[5.61992,60.42956],[5.65164,60.46042],[5.73583,60.45753],[5.7175,60.5575],[5.73411,60.65664],[5.76247,60.66331],[5.73747,60.66331],[5.73581,60.69164],[5.79908,60.73414],[5.74403,60.70197],[5.67661,60.70042],[5.66583,60.71912],[5.72919,60.76331],[5.7067,60.76456],[5.66661,60.72708],[5.59664,60.69875],[5.55083,60.69917],[5.57917,60.655],[5.55911,60.62914],[5.49333,60.63123],[5.43664,60.59541],[5.39161,60.60794],[5.40916,60.58498],[5.36578,60.59414],[5.38911,60.56914],[5.27664,60.54042],[5.23086,60.56331],[5.20575,60.62169],[5.11239,60.65833],[5.11664,60.67542],[5.14492,60.67542],[5.26744,60.61917],[5.23086,60.63911],[5.23911,60.66083],[5.10586,60.715],[5.14828,60.70876],[5.13167,60.72292],[5.19497,60.69544],[5.15919,60.72914],[5.12497,60.73625],[5.13919,60.7225],[5.09825,60.73042],[5.09834,60.71539],[5.04828,60.73539],[5.03411,60.74914],[5.06072,60.7608],[5.03667,60.78039],[5.04491,60.76539],[5.00164,60.77956],[5.03739,60.75667],[5.01156,60.76286],[5.01405,60.74161],[4.99328,60.74539],[4.94747,60.80833],[5.03169,60.81789],[5.08503,60.78125],[5.10911,60.78413],[5.08244,60.77919],[5.11169,60.76128],[5.10667,60.78042],[5.24331,60.73958],[5.23994,60.74961],[5.265,60.74458],[5.27825,60.72792],[5.31169,60.73122],[5.35078,60.705],[5.33247,60.695],[5.35416,60.65919],[5.39753,60.64081],[5.36494,60.67958],[5.45822,60.63542],[5.37914,60.68414],[5.38831,60.70125],[5.46825,60.65872],[5.42081,60.70164],[5.45247,60.71252],[5.41492,60.70705],[5.40078,60.73416],[5.37744,60.72917],[5.38417,60.74747],[5.3475,60.74333],[5.34836,60.76459],[5.31667,60.74706],[5.26752,60.76917],[5.32994,60.81458],[5.38084,60.81581],[5.35086,60.84164],[5.37495,60.86542],[5.47322,60.87625],[5.51164,60.85455],[5.53331,60.86953],[5.50584,60.86833],[5.4875,60.88831],[5.48167,60.88539],[5.35164,60.86958],[5.31409,60.8083],[5.2717,60.82289],[5.26,60.79124],[5.20658,60.84456],[5.19833,60.82455],[5.18497,60.84622],[5.14672,60.82458],[5.135,60.83625],[5.09834,60.82958],[5.09658,60.84375],[5.08659,60.83205],[5.02753,60.89586],[5.04914,60.92413],[5.00586,60.93667],[5.00584,60.96417],[5.12575,60.95581],[5.1217,60.87541],[5.12914,60.9592],[5.19417,60.96836],[5.17667,60.99709],[5.15161,60.97041],[5.11667,60.96378],[5.08667,60.98209],[5.08492,60.96792],[5.05164,60.96872],[5.02739,61.01161],[5.05086,61.02753],[5.0225,61.03416],[5.04669,61.06122],[5.14333,61.07205],[5.15495,61.08545],[5.17328,61.07122],[5.20658,61.07953],[5.29491,61.06538],[5.32833,61.03122],[5.47,61.02959],[5.48164,60.98622],[5.48239,61.04666],[5.51331,61.06289],[5.57667,61.06625],[5.6133,61.08376],[5.67992,61.05792],[5.61916,61.08328],[5.64078,61.09666],[5.67331,61.10372],[5.69997,61.09042],[5.81,61.12459],[5.82906,61.0992],[5.80656,61.06458],[5.84834,61.09708],[5.87917,61.09414],[5.8558,61.10834],[5.89664,61.12788],[5.98664,61.12791],[6.04336,61.10709],[6.17503,61.11786],[6.21994,61.10045],[6.28992,61.09958],[6.32919,61.07411],[6.27328,61.03542],[6.34489,61.07039],[6.41492,61.06958],[6.38914,61.01666],[6.35419,61.00997],[6.40997,61.00623],[6.43584,61.06998],[6.5433,61.10374],[6.59241,61.09167],[6.64661,61.17545],[6.70494,61.15125],[6.85159,61.14708],[6.88503,61.08955],[6.94161,61.07622],[6.95831,61.08955],[7.01075,61.06831],[7.04086,60.99831],[6.87072,60.92081],[7.05336,60.98625],[7.1575,60.93916],[7.12336,60.86206],[7.19417,60.9375],[7.08572,60.975],[7.03575,61.04666],[7.04239,61.10497],[7.21828,61.12036],[7.24995,61.14877],[7.47659,61.09956],[7.37408,61.14833],[7.51495,61.19373],[7.62503,61.19705],[7.65836,61.22458],[7.71247,61.23419],[7.64994,61.24128],[7.62336,61.2137],[7.41991,61.20122],[7.39239,61.20831],[7.37747,61.26828],[7.31084,61.29831],[7.38419,61.32664],[7.41586,61.38078],[7.59245,61.47661],[7.58667,61.49372],[7.45078,61.43667],[7.43739,61.40919],[7.36497,61.37875],[7.28745,61.39917],[7.3492,61.34663],[7.24917,61.30083],[7.33078,61.26664],[7.35414,61.1983],[7.39747,61.18247],[7.32831,61.15706],[7.24161,61.18372],[7.24497,61.17044],[7.17911,61.16164],[7.17664,61.14288],[7.04161,61.13455],[6.99494,61.10622],[6.94581,61.1133],[6.92917,61.14413],[7.0,61.15289],[7.04667,61.19041],[7.17242,61.20164],[7.11911,61.21169],[7.16656,61.26791],[7.11581,61.24744],[7.10078,61.21581],[7.02744,61.19333],[6.99661,61.15786],[6.915,61.16039],[6.83992,61.18625],[6.71658,61.18125],[6.68322,61.20289],[6.59998,61.20622],[6.58914,61.23997],[6.68239,61.28164],[6.74408,61.3483],[6.7533,61.41872],[6.72747,61.35328],[6.65744,61.28416],[6.58002,61.25206],[6.56497,61.29958],[6.54669,61.27126],[6.50414,61.27578],[6.54572,61.2608],[6.57244,61.21247],[6.48744,61.22667],[6.54244,61.20998],[6.54911,61.13831],[6.48161,61.12958],[6.47833,61.11458],[6.36836,61.11122],[6.27161,61.13286],[6.20417,61.16583],[6.22498,61.18709],[6.185,61.15961],[6.05328,61.14626],[6.00747,61.16497],[6.07414,61.1875],[6.06822,61.21789],[6.05497,61.1937],[5.98664,61.17042],[5.885,61.15956],[5.82411,61.165],[5.82161,61.20705],[5.8083,61.16122],[5.73331,61.16539],[5.71169,61.13622],[5.62172,61.14958],[5.57328,61.11292],[5.42492,61.07042],[5.3933,61.06956],[5.34747,61.09917],[5.34,61.13203],[5.31661,61.11372],[5.28836,61.10789],[5.27158,61.12539],[5.26417,61.10577],[5.23167,61.10455],[5.19742,61.1475],[5.26828,61.13042],[5.28909,61.13747],[5.21489,61.16289],[5.17336,61.14789],[5.07664,61.16795],[5.08914,61.19997],[5.15997,61.20375],[5.26825,61.16953],[5.29747,61.17497],[5.25669,61.19453],[5.3125,61.18664],[5.18497,61.22708],[5.01328,61.22039],[5.02836,61.27119],[4.98666,61.24455],[4.94744,61.24753],[4.95,61.26208],[4.99075,61.25664],[4.98075,61.28416],[5.07503,61.29456],[5.03911,61.29083],[5.05836,61.30622],[5.11,61.29625],[5.12833,61.30795],[5.13995,61.29205],[5.14159,61.31958],[5.16661,61.30375],[5.22169,61.30627],[5.20164,61.34703],[5.28159,61.35039],[5.33325,61.33292],[5.29244,61.3575],[5.36158,61.35289],[5.42997,61.37872],[5.56667,61.36372],[5.67411,61.36833],[5.41164,61.38453],[5.19161,61.35792],[5.17331,61.33376],[5.08156,61.3212],[5.0742,61.33911],[5.11075,61.34247],[5.0508,61.3483],[5.03414,61.39333],[5.09503,61.40208],[5.10664,61.37875],[5.10583,61.41248],[5.16409,61.43078],[5.015,61.40456],[4.97911,61.42162],[5.07989,61.45206],[5.23492,61.45705],[5.23991,61.48372],[5.34995,61.46208],[5.38072,61.46411],[5.32992,61.47955],[5.415,61.47874],[5.46336,61.44789],[5.55666,61.44205],[5.58916,61.44333],[5.55991,61.45289],[5.63664,61.45541],[5.69328,61.49042],[5.75325,61.49372],[5.85589,61.45578],[5.80759,61.47722],[5.81164,61.48872],[5.71994,61.51128],[5.62833,61.47119],[5.52502,61.45456],[5.44581,61.46417],[5.44653,61.47372],[5.47745,61.46747],[5.48822,61.49375],[5.35336,61.48706],[5.17822,61.51369],[5.17658,61.55705],[5.24992,61.54122],[5.29664,61.54124],[5.27834,61.55375],[5.40086,61.5508],[5.19828,61.58289],[5.18156,61.59708],[5.29997,61.60872],[5.4008,61.59328],[5.33994,61.58625],[5.35492,61.57372],[5.45664,61.57125],[5.46081,61.58914],[5.38834,61.60703],[5.23333,61.61125],[4.99744,61.58],[4.99747,61.59914],[5.04244,61.60414],[5.01661,61.61211],[5.14,61.60372],[5.28833,61.62459],[5.10503,61.63872],[4.99253,61.62831],[5.01075,61.64914],[4.97242,61.67164],[4.96914,61.72],[5.00745,61.72],[4.98991,61.73875],[5.03661,61.75961],[5.08659,61.75458],[5.11078,61.70581],[5.12331,61.74461],[5.16836,61.70291],[5.17831,61.72286],[5.22581,61.72661],[5.15083,61.73917],[5.16245,61.76419],[5.2975,61.77248],[5.16656,61.77292],[5.135,61.75708],[5.08908,61.76334],[5.10575,61.78331],[5.15822,61.80872],[5.31167,61.82625],[5.29581,61.83667],[5.32994,61.84789],[5.38578,61.84744],[5.30072,61.85744],[5.32494,61.88375],[5.27336,61.86625],[5.19167,61.88211],[5.33336,61.89288],[5.32661,61.87539],[5.43164,61.91872],[5.54503,61.90461],[5.54667,61.88956],[5.61497,61.89958],[5.70997,61.88542],[5.78244,61.85164],[5.685,61.84039],[5.64667,61.81291],[5.71,61.83792],[5.86322,61.85712],[5.98322,61.85045],[5.92325,61.73792],[6.02331,61.84539],[6.13575,61.77744],[6.18831,61.76622],[6.21408,61.77834],[6.08331,61.84789],[6.13828,61.83038],[6.30325,61.84792],[6.39325,61.81708],[6.49825,61.80542],[6.61081,61.84917],[6.58664,61.86955],[6.755,61.86456],[6.80669,61.83545],[6.84583,61.87083],[6.71161,61.87955],[6.7133,61.90372],[6.68169,61.88539],[6.57164,61.88208],[6.52666,61.83292],[6.45502,61.82956],[6.33327,61.86208],[6.13825,61.84625],[6.06331,61.87375],[5.9117,61.88289],[5.80828,61.85703],[5.73503,61.89536],[5.96997,61.89955],[5.98583,61.9108],[5.79164,61.91956],[5.6833,61.90956],[5.45995,61.92622],[5.45325,61.93956],[5.32497,61.90958],[5.22334,61.91375],[5.17836,61.89539],[5.14747,61.91167],[5.18667,61.91875],[5.12581,61.91833],[5.1608,61.9825],[5.19742,61.98917],[5.22495,61.93456],[5.20333,61.98042],[5.25328,61.98206],[5.29166,61.95119],[5.30083,61.965],[5.2575,61.99161],[5.31489,61.97789],[5.34328,62.03372],[5.3533,62.02208],[5.42414,62.02],[5.33989,62.03545],[5.34414,62.05914],[5.24333,62.10125],[5.11747,62.09911],[5.11247,62.12497],[5.16248,62.12581],[5.10253,62.15],[5.09905,62.19331],[5.19997,62.19289],[5.17253,62.19833],[5.18489,62.21542],[5.22753,62.20917],[5.28833,62.15872],[5.28995,62.17211],[5.3308,62.16583],[5.30083,62.14997],[5.3175,62.1225],[5.49578,62.04244],[5.45836,62.00458],[5.5275,62.03664],[5.52502,62.07706],[5.59172,62.07628],[5.61161,62.05042],[5.62239,62.0667],[5.56494,62.09786],[5.43831,62.10289],[5.40405,62.12831],[5.4375,62.17751],[5.48825,62.20125],[5.56161,62.16792],[5.64325,62.17375],[5.67406,62.11919],[5.72661,62.08872],[5.75089,62.0975],[5.6908,62.12417],[5.67239,62.175],[5.72994,62.17206],[5.85003,62.20456],[5.9158,62.19],[5.94922,62.15831],[5.94419,62.11667],[5.84834,62.00625],[5.9675,62.10333],[5.97828,62.14372],[6.09077,62.09497],[6.03833,62.04625],[6.06667,62.06622],[6.08322,62.05705],[6.095,62.07375],[6.175,62.08458],[6.25672,62.06873],[6.28169,62.08038],[6.31333,62.05956],[6.31003,62.08036],[6.14494,62.09372],[5.93078,62.22247],[5.98497,62.23039],[6.01167,62.20122],[6.11831,62.18956],[6.11994,62.20203],[6.01411,62.21497],[6.00578,62.2375],[5.96086,62.2475],[5.98253,62.26997],[6.22328,62.35455],[6.3483,62.37456],[6.42917,62.2908],[6.42914,62.26247],[6.47742,62.24419],[6.48072,62.20581],[6.58078,62.14748],[6.55158,62.10452],[6.61083,62.14333],[6.55581,62.19414],[6.59666,62.20375],[6.65408,62.19414],[6.59328,62.21123],[6.53086,62.20667],[6.40419,62.35747],[6.42747,62.3708],[6.41089,62.3867],[6.45831,62.40125],[6.55339,62.39291],[6.59328,62.33372],[6.58253,62.40164],[6.54742,62.41161],[6.7283,62.45209],[6.75,62.43539],[6.85828,62.43375],[6.91578,62.41164],[6.89244,62.36247],[6.96917,62.29167],[7.01083,62.28331],[7.02086,62.17917],[6.86916,62.08664],[6.94161,62.10709],[7.01833,62.08539],[7.07,62.08789],[7.12839,62.11539],[7.19828,62.09875],[7.14997,62.12456],[7.06161,62.09541],[6.96244,62.11583],[7.03909,62.16917],[7.03919,62.27664],[7.13834,62.28042],[7.23164,62.25455],[7.26497,62.28542],[7.32333,62.28789],[7.42164,62.22958],[7.42914,62.25247],[7.33661,62.29375],[7.24658,62.29625],[7.19669,62.28289],[6.98997,62.31209],[6.93914,62.36333],[6.93833,62.37537],[6.98573,62.3825],[6.95753,62.38744],[6.94408,62.42586],[6.87003,62.46039],[6.77497,62.45872],[6.80994,62.48203],[6.70664,62.47456],[6.72572,62.48917],[6.70167,62.48792],[6.53336,62.43459],[6.39661,62.41789],[6.39831,62.42956],[6.34417,62.43247],[6.35489,62.45876],[6.25333,62.45541],[6.22236,62.465],[6.35494,62.47289],[6.52502,62.50875],[6.62,62.49956],[6.64836,62.48372],[6.72253,62.4925],[6.60833,62.50211],[6.61992,62.52203],[6.46244,62.51334],[6.58327,62.53125],[6.57497,62.54205],[6.25489,62.52953],[6.28741,62.54247],[6.25903,62.585],[6.33503,62.61372],[6.44167,62.61458],[6.46161,62.56538],[6.45583,62.6125],[6.57158,62.62453],[6.615,62.55872],[6.62583,62.62917],[6.65247,62.63081],[6.67323,62.60292],[6.66505,62.63455],[6.78167,62.65539],[6.88747,62.60912],[6.91495,62.57372],[6.94078,62.61664],[6.91161,62.64792],[7.07994,62.65461],[7.0975,62.62833],[7.02744,62.61664],[7.09583,62.62336],[7.14161,62.52289],[7.15414,62.56911],[7.12744,62.60667],[7.17,62.63125],[7.23333,62.60959],[7.26164,62.62294],[7.29158,62.60792],[7.36161,62.60789],[7.44075,62.53833],[7.51825,62.54375],[7.55828,62.49709],[7.56494,62.53539],[7.7,62.55456],[7.66911,62.56333],[7.68831,62.57042],[7.78408,62.57664],[7.72836,62.58458],[7.55333,62.55375],[7.46244,62.57249],[7.39992,62.63206],[7.48994,62.63956],[7.50586,62.58664],[7.54322,62.5887],[7.50494,62.66373],[7.83158,62.73203],[7.93828,62.72289],[7.95333,62.74375],[8.09322,62.71208],[8.12325,62.68292],[8.14748,62.695],[8.10997,62.72872],[8.02086,62.74911],[8.06503,62.77542],[7.86494,62.76039],[7.50822,62.68706],[7.34575,62.695],[7.42414,62.70998],[7.39406,62.71994],[7.41503,62.72961],[7.36494,62.73878],[7.71075,62.78831],[7.65825,62.78208],[7.66991,62.79369],[7.26489,62.74286],[6.98167,62.72375],[6.97583,62.79247],[7.01908,62.81414],[6.9967,62.81375],[7.09998,62.83122],[7.11753,62.82581],[7.07492,62.81789],[7.15495,62.81958],[7.17997,62.80373],[7.24247,62.80997],[7.18244,62.81833],[7.20417,62.83414],[7.15836,62.84039],[7.16828,62.84958],[6.99747,62.83498],[7.00914,62.85994],[6.9625,62.87911],[6.97908,62.89578],[6.92997,62.88875],[6.95917,62.89833],[6.89919,62.90664],[6.99583,62.94164],[6.98331,62.95622],[7.04158,62.95538],[7.05497,62.97206],[7.09828,62.95789],[7.09328,62.98625],[7.15327,62.98289],[7.1467,62.99619],[7.21489,62.99622],[7.28997,63.01622],[7.32742,62.99497],[7.32083,62.97244],[7.41664,62.95872],[7.47161,62.90125],[7.59322,62.92708],[7.68997,62.97036],[7.77831,62.96956],[7.79414,62.95914],[7.69,62.89706],[7.83,62.94872],[7.9733,62.97372],[8.03661,62.96709],[8.12078,62.92084],[8.08914,62.88917],[8.11406,62.88664],[8.14075,62.81914],[8.26161,62.77959],[8.31328,62.78372],[8.40581,62.74414],[8.41994,62.71958],[8.44994,62.73042],[8.5033,62.71792],[8.53164,62.66875],[8.55911,62.68914],[8.53828,62.72952],[8.44658,62.75623],[8.44825,62.74706],[8.32494,62.80203],[8.19247,62.82834],[8.1508,62.89],[8.20586,62.91],[8.15414,62.90916],[8.13744,62.94498],[7.99744,63.00078],[7.98172,63.03875],[7.95245,63.02167],[7.98495,63.02875],[7.98999,63.01501],[7.88247,62.98997],[7.88578,63.02583],[7.97745,63.04913],[7.9808,63.08997],[8.06664,63.11206],[8.11169,63.10789],[8.14408,63.07497],[8.13417,63.03748],[8.25917,62.99664],[8.25336,62.97289],[8.27664,62.98372],[8.33408,62.96497],[8.28578,62.92744],[8.34086,62.89164],[8.30003,62.86039],[8.37497,62.88542],[8.51328,62.83625],[8.51747,62.85497],[8.45075,62.87331],[8.41998,62.90208],[8.52006,62.86456],[8.58489,62.86789],[8.63328,62.83122],[8.69911,62.81667],[8.69161,62.83125],[8.63242,62.84077],[8.6142,62.87914],[8.53667,62.87961],[8.45908,62.90913],[8.42247,62.94747],[8.64992,62.97208],[8.65575,62.98833],[8.46411,62.96916],[8.57989,63.02286],[8.36994,62.96872],[8.32406,62.9925],[8.34331,63.00958],[8.49247,63.02081],[8.265,63.01622],[8.21911,63.03],[8.23077,63.0675],[8.15572,63.11244],[8.16994,63.13042],[8.23158,63.14206],[8.26828,63.10622],[8.30747,63.09833],[8.28078,63.07831],[8.31661,63.07791],[8.33908,63.08498],[8.31911,63.11161],[8.2375,63.1425],[8.33495,63.15125],[8.36667,63.13458],[8.54336,63.13622],[8.6217,63.09786],[8.62408,63.11748],[8.57153,63.12872],[8.56164,63.15205],[8.52084,63.13847],[8.49747,63.14581],[8.67167,63.18378],[8.9825,63.205],[8.59497,63.19292],[8.55573,63.24917],[8.51825,63.27458],[8.47747,63.27667],[8.52911,63.29164],[8.52336,63.30373],[8.61083,63.31664],[8.55994,63.31375],[8.54667,63.34289],[8.5192,63.34],[8.54158,63.32042],[8.44578,63.3383],[8.52075,63.34666],[8.49242,63.35494],[8.51495,63.38206],[8.62666,63.38705],[8.69007,63.35603],[8.69411,63.34164],[8.72089,63.33997],[8.61667,63.31619],[8.835,63.34539],[8.70155,63.34539],[8.6508,63.40753],[8.70831,63.41705],[8.73997,63.40205],[8.73661,63.42291],[8.81667,63.43456],[8.86914,63.42828],[8.89167,63.38956],[8.88245,63.41331],[8.91994,63.41208],[8.92995,63.42708],[9.0033,63.40286],[9.02239,63.4125],[8.97081,63.41997],[8.9975,63.43],[8.96911,63.445],[9.02,63.46375],[9.02827,63.44703],[9.0975,63.44164],[9.08752,63.42833],[9.15242,63.4025],[9.14911,63.37664],[9.17919,63.37494],[9.11914,63.35],[9.10003,63.28789],[9.20333,63.34039],[9.23828,63.33292],[9.24158,63.34956],[9.49919,63.39586],[9.23997,63.3687],[9.23417,63.38917],[9.21494,63.38372],[9.1775,63.40913],[9.19161,63.43039],[9.48997,63.46619],[9.50583,63.48416],[9.33992,63.45541],[9.34417,63.47086],[9.29997,63.47203],[9.27827,63.49625],[9.28411,63.46831],[9.32506,63.47039],[9.32919,63.45414],[9.22994,63.44789],[9.17081,63.46078],[9.14753,63.48833],[9.22836,63.52036],[9.25336,63.49123],[9.27417,63.50583],[9.24406,63.52253],[9.29327,63.52789],[9.31,63.51708],[9.38831,63.55952],[9.41075,63.55498],[9.39075,63.51414],[9.41991,63.50125],[9.41084,63.52664],[9.48325,63.57292],[9.54992,63.56875],[9.58167,63.52705],[9.56411,63.58161],[9.49245,63.58],[9.60167,63.62206],[9.73161,63.64789],[9.75244,63.64578],[9.72078,63.61581],[9.83247,63.54167],[9.8075,63.51669],[9.8525,63.50166],[9.84998,63.48539],[9.97906,63.4425],[9.94239,63.37247],[9.82664,63.31289],[9.96497,63.34958],[10.04322,63.34958],[10.08164,63.32542],[10.1683,63.31125],[10.22661,63.34125],[10.25989,63.32458],[10.26164,63.33878],[10.11494,63.35042],[10.05744,63.38083],[10.08745,63.41497],[10.18828,63.45122],[10.30492,63.45375],[10.38169,63.43205],[10.44994,63.45789],[10.52164,63.4312],[10.64167,63.44458],[10.76325,63.43208],[10.78833,63.41375],[10.80492,63.43459],[10.86325,63.44705],[10.96086,63.44749],[10.89494,63.45039],[10.89325,63.47703],[10.8083,63.47208],[10.75411,63.50497],[10.77502,63.53789],[10.895,63.54542],[10.93411,63.56081],[10.8567,63.56206],[10.8492,63.5742],[10.87164,63.58872],[10.91578,63.58667],[10.88905,63.59084],[10.92919,63.60164],[10.89256,63.60497],[10.90825,63.61372],[10.67658,63.54292],[10.62908,63.54831],[10.67242,63.55914],[10.72161,63.62042],[10.84489,63.63872],[10.95167,63.70128],[11.01642,63.71525],[11.04806,63.69611],[11.08314,63.71025],[11.14486,63.70692],[11.14811,63.71775],[11.18647,63.71191],[11.21233,63.71986],[11.20728,63.75567],[11.25972,63.76444],[11.29553,63.7515],[11.24231,63.73319],[11.27309,63.72861],[11.34727,63.76236],[11.33311,63.77022],[11.42975,63.77194],[11.45472,63.80111],[11.40225,63.81819],[11.44234,63.82486],[11.40639,63.84692],[11.3298,63.83772],[11.29217,63.86569],[11.34311,63.86105],[11.38058,63.88233],[11.35386,63.89403],[11.37808,63.94772],[11.32066,63.9165],[11.30314,63.86861],[11.23139,63.87025],[11.13969,63.83778],[11.09303,63.83855],[11.07056,63.8598],[11.08061,63.88902],[11.19469,63.91356],[11.29147,63.97775],[11.32142,63.96022],[11.35817,63.97439],[11.38133,63.96775],[11.38311,63.97942],[11.40808,63.97105],[11.4925,64.00833],[11.48331,64.02036],[11.43328,64.01625],[11.43172,64.02956],[11.36672,64.02208],[11.36494,64.04128],[11.23581,64.03169],[11.23669,64.07375],[11.27158,64.07206],[11.385,64.11289],[11.31661,64.11708],[11.32497,64.09539],[11.22247,64.075],[11.22742,64.03083],[11.16797,63.99356],[10.59081,63.8058],[10.66666,63.81708],[10.68802,63.83542],[10.84998,63.86375],[10.94505,63.90625],[11.0472,63.87981],[11.06892,63.83903],[11.00386,63.814],[10.94997,63.74206],[10.62167,63.66956],[10.60753,63.64664],[10.42997,63.58872],[10.42159,63.56953],[10.21994,63.55208],[10.10003,63.49455],[9.99492,63.48541],[9.93411,63.50081],[9.89914,63.5733],[9.95536,63.57939],[9.93244,63.56328],[9.95494,63.55956],[10.00417,63.59744],[9.94164,63.57872],[9.91827,63.59211],[9.85159,63.58705],[9.80419,63.62578],[9.85411,63.64164],[9.8025,63.65747],[9.81406,63.68414],[9.85161,63.69036],[9.86333,63.67873],[9.91325,63.70291],[9.95825,63.6962],[9.93747,63.70831],[9.97164,63.71953],[9.98325,63.70953],[10.04491,63.71789],[10.14244,63.75497],[10.01417,63.7308],[10.11497,63.78289],[9.93494,63.75288],[9.74664,63.69792],[9.67839,63.70119],[9.66502,63.67375],[9.60328,63.67294],[9.52661,63.63625],[9.50244,63.64581],[9.54911,63.65247],[9.57745,63.68414],[9.56658,63.71292],[9.52409,63.70663],[9.53664,63.71872],[9.70492,63.75625],[9.80578,63.76331],[9.60995,63.75623],[9.56078,63.76997],[9.6825,63.81917],[9.61417,63.81416],[9.68997,63.85042],[9.81158,63.86706],[9.80658,63.84125],[9.68911,63.81998],[9.80825,63.83122],[9.83164,63.85872],[9.83498,63.84536],[9.88253,63.85831],[9.88164,63.87125],[9.86325,63.85374],[9.83247,63.87],[9.8533,63.88372],[9.9633,63.89792],[9.91744,63.87997],[9.95656,63.88959],[9.93658,63.87206],[10.17325,63.94208],[10.21833,63.90619],[10.25089,63.90747],[10.20247,63.93744],[10.22581,63.95828],[10.1875,63.95087],[10.20003,63.96208],[10.09828,63.94625],[10.06506,63.92125],[10.03822,63.92789],[9.97328,63.90122],[9.94744,63.90669],[9.96003,63.92625],[10.08656,63.94536],[10.17416,63.98583],[10.10664,63.96455],[10.07742,63.96664],[10.12997,63.98375],[10.04828,63.96123],[10.01325,63.97119],[10.02325,63.96123],[9.94253,63.945],[10.00583,63.97747],[9.99325,63.99789],[10.05417,63.99001],[10.0025,64.0192],[10.03161,64.02959],[10.06503,64.01622],[10.03911,64.03917],[10.07914,64.0525],[10.02836,64.07958],[10.02747,64.10081],[10.07669,64.10706],[10.1367,64.06956],[10.2525,64.10331],[10.25325,64.11459],[10.17161,64.10455],[10.11578,64.12581],[10.155,64.14703],[10.20583,64.13914],[10.17239,64.14753],[10.17161,64.1787],[10.22414,64.14914],[10.18745,64.1917],[10.2067,64.20708],[10.26331,64.18625],[10.24822,64.20541],[10.28506,64.20708],[10.29997,64.18786],[10.30153,64.21294],[10.3483,64.20625],[10.37086,64.19661],[10.3525,64.17914],[10.37583,64.18081],[10.38917,64.20414],[10.2758,64.23664],[10.35586,64.25911],[10.33589,64.27664],[10.36664,64.28625],[10.42155,64.25706],[10.39083,64.27914],[10.40664,64.29869],[10.43325,64.30039],[10.44825,64.2812],[10.44492,64.30039],[10.50078,64.29669],[10.50491,64.30791],[10.44914,64.3083],[10.44744,64.33331],[10.47583,64.33336],[10.43997,64.35622],[10.51164,64.33955],[10.45747,64.3567],[10.48666,64.36125],[10.56836,64.32875],[10.50994,64.37786],[10.57,64.37375],[10.61994,64.34792],[10.68081,64.36078],[10.61161,64.36544],[10.61575,64.38667],[10.5667,64.38958],[10.56336,64.40289],[10.49506,64.38958],[10.4657,64.39997],[10.45078,64.40916],[10.51825,64.44036],[10.63161,64.39206],[10.60748,64.43166],[10.5408,64.43994],[10.58334,64.44292],[10.60836,64.46289],[10.68156,64.41372],[10.75083,64.41497],[10.76503,64.37959],[10.80158,64.38705],[10.83997,64.37206],[10.78419,64.405],[10.79494,64.42042],[10.81908,64.41664],[10.80495,64.43792],[10.74164,64.44456],[10.70673,64.42628],[10.6508,64.455],[10.69992,64.48039],[10.73492,64.45956],[10.75994,64.48122],[10.78331,64.46455],[10.75075,64.49414],[10.78167,64.51453],[10.87666,64.50291],[10.89167,64.46539],[10.90992,64.51872],[10.98583,64.50164],[10.94739,64.52081],[10.97244,64.53997],[10.90408,64.57747],[10.95494,64.60792],[11.08745,64.57164],[11.06908,64.51664],[11.12825,64.52208],[11.19411,64.47169],[11.16,64.44289],[11.19325,64.42958],[11.19503,64.44706],[11.29491,64.46542],[11.29583,64.44164],[11.33916,64.43747],[11.21831,64.31208],[11.33334,64.39536],[11.37322,64.40122],[11.39083,64.39],[11.3492,64.42078],[11.40322,64.44875],[11.41827,64.43539],[11.48331,64.43789],[11.62659,64.47875],[11.79336,64.44209],[11.86028,64.44844],[11.79,64.44539],[11.63494,64.48042],[11.43997,64.45539],[11.44419,64.51],[11.53253,64.52081],[11.48744,64.5433],[11.52164,64.56206],[11.57578,64.5583],[11.54831,64.53542],[11.62006,64.57208],[11.79408,64.59164],[11.68822,64.59622],[11.60831,64.5712],[11.62408,64.61667],[11.59494,64.62036],[11.54083,64.60164],[11.58498,64.61211],[11.59917,64.58664],[11.51325,64.56875],[11.39745,64.63169],[11.3967,64.64708],[11.42747,64.63753],[11.38242,64.65581],[11.38586,64.6875],[11.39153,64.66872],[11.43414,64.69247],[11.40414,64.71497],[11.51492,64.73209],[11.54825,64.7587],[11.62997,64.73536],[11.60242,64.74578],[11.62917,64.76411],[11.57997,64.75958],[11.57,64.77125],[11.67155,64.77122],[11.715,64.78875],[11.73164,64.76955],[11.86506,64.79792],[11.79664,64.80622],[11.73666,64.79536],[11.74328,64.81042],[11.62505,64.81792],[11.79414,64.83911],[11.75242,64.8383],[11.81245,64.86164],[11.79322,64.86628],[11.75667,64.84456],[11.65156,64.83706],[11.66989,64.86375],[11.71245,64.86833],[11.69325,64.87622],[11.94992,64.93545],[12.0,64.93207],[12.0,57.34771]]]}},{"type":"Feature","properties":{"kind":"land","level":1},"geometry":{"type":"Polygon","coordinates":[[[12.0,64.94628],[11.94825,64.94955],[11.72495,64.88453],[11.615,64.86872],[11.65583,64.86417],[11.625,64.83375],[11.46169,64.80959],[11.46661,64.79622],[11.40414,64.7933],[11.47583,64.79333],[11.3933,64.75375],[11.22491,64.72708],[11.28081,64.7525],[11.20658,64.73289],[11.21328,64.74953],[11.34656,64.76711],[11.44241,64.81247],[11.36825,64.80456],[11.30495,64.82122],[11.25411,64.7942],[11.34164,64.80458],[11.34169,64.79122],[11.315,64.80122],[11.29327,64.78622],[11.18836,64.78291],[11.27239,64.80661],[11.20586,64.80744],[11.26242,64.81497],[11.23336,64.82956],[11.32403,64.84084],[11.26161,64.84875],[11.40669,64.86789],[11.56169,64.86794],[11.72242,64.91],[11.28828,64.85664],[11.28828,64.87872],[11.45158,64.94122],[11.53825,64.88953],[11.57144,64.89332],[11.56414,64.91333],[11.585,64.90122],[11.61,64.93208],[11.53664,64.90372],[11.46997,64.94542],[11.56656,64.96122],[11.56836,64.94628],[11.60325,64.96625],[11.65002,64.93703],[11.61003,64.96956],[11.72,64.95625],[11.76405,64.98167],[11.58828,64.98122],[11.61283,65.0],[11.77375,65.0],[11.78839,64.99539],[11.79135,65.0],[12.0,65.0],[12.0,64.94628]]]}},{"type":"Feature","properties":{"kind":"land","level":1},"geometry":{"type":"Polygon","coordinates":[[[0.0,50.78795],[-0.005,50.78789],[-0.1,50.81206],[-0.27834,50.83041],[-0.25089,50.82497],[-0.39167,50.8037],[-0.54839,50.80708],[-0.75339,50.75623],[-0.76503,50.77045],[-0.78416,50.75999],[-0.75428,50.75333],[-0.79333,50.72044],[-0.91753,50.77827],[-0.88167,50.80625],[-0.82839,50.80289],[-0.81333,50.82956],[-0.85295,50.80704],[-0.87253,50.815],[-0.86081,50.835],[-0.88167,50.81036],[-0.89584,50.83581],[-0.91673,50.83705],[-0.91505,50.80119],[-0.94589,50.81333],[-0.93758,50.83417],[-0.92247,50.82914],[-0.93336,50.84375],[-1.00508,50.84292],[-1.03006,50.82375],[-1.08997,50.82709],[-1.10841,50.84378],[-1.12167,50.83292],[-1.17831,50.84375],[-1.11916,50.79414],[-1.14086,50.78331],[-1.11422,50.78917],[-1.14506,50.77126],[-1.31084,50.8383],[-1.30339,50.87955],[-1.31258,50.84747],[-1.33,50.84703],[-1.38836,50.89458],[-1.39839,50.88125],[-1.48003,50.91624],[-1.36086,50.84164],[-1.33417,50.84161],[-1.33089,50.81503],[-1.3092,50.81917],[-1.34333,50.78372],[-1.41172,50.78369],[-1.39755,50.77083],[-1.53003,50.75706],[-1.53253,50.73412],[-1.57589,50.71417],[-1.55167,50.70375],[-1.69505,50.73456],[-1.74333,50.72208],[-1.78255,50.72917],[-1.74089,50.72],[-1.75003,50.71039],[-1.88336,50.71294],[-1.95164,50.68375],[-1.93586,50.69836],[-1.95914,50.715],[-1.98672,50.71205],[-2.00333,50.73456],[-1.9875,50.70914],[-2.01672,50.70956],[-2.04342,50.73045],[-2.04086,50.7125],[-2.06758,50.71247],[-2.08247,50.68667],[-2.03342,50.70705],[-2.0192,50.69997],[-2.045,50.66878],[-2.01669,50.68122],[-2.00169,50.66872],[-1.98172,50.67706],[-1.97672,50.66292],[-1.94922,50.67998],[-1.95084,50.6475],[-1.92419,50.64164],[-1.95583,50.6208],[-1.95255,50.59416],[-2.05836,50.57539],[-2.06836,50.59125],[-2.19839,50.62122],[-2.24509,50.61456],[-2.4267,50.63375],[-2.45086,50.61664],[-2.43256,50.59494],[-2.45169,50.59956],[-2.46919,50.58163],[-2.42253,50.56917],[-2.41589,50.54913],[-2.45664,50.51289],[-2.45092,50.55919],[-2.49086,50.58747],[-2.62172,50.65619],[-2.79342,50.71625],[-2.91003,50.73212],[-2.98336,50.70289],[-3.07833,50.70125],[-3.09834,50.68208],[-3.22667,50.67706],[-3.36003,50.60539],[-3.4275,50.61581],[-3.41922,50.63164],[-3.47669,50.68706],[-3.44247,50.60414],[-3.4258,50.60667],[-3.49672,50.53873],[-3.58425,50.5375],[-3.4975,50.53664],[-3.51417,50.47997],[-3.48086,50.45998],[-3.53756,50.4575],[-3.56086,50.42413],[-3.54503,50.40128],[-3.48256,50.39833],[-3.51922,50.34416],[-3.55589,50.33669],[-3.58768,50.38298],[-3.57922,50.38997],[-3.63336,50.39706],[-3.63583,50.40253],[-3.66,50.39125],[-3.59419,50.3875],[-3.56416,50.3342],[-3.64086,50.29083],[-3.65923,50.23997],[-3.64336,50.21869],[-3.72336,50.19955],[-3.76833,50.21872],[-3.76436,50.23257],[-3.73425,50.24164],[-3.75672,50.23875],[-3.75753,50.25],[-3.72747,50.26584],[-3.75836,50.25288],[-3.7767,50.27869],[-3.7675,50.26164],[-3.7858,50.2525],[-3.76089,50.23747],[-3.79003,50.20625],[-3.81834,50.21292],[-3.8725,50.24001],[-3.86089,50.2575],[-3.88419,50.27497],[-3.8625,50.28748],[-3.89506,50.27872],[-3.94419,50.29414],[-3.93506,50.32872],[-3.96172,50.30125],[-4.0517,50.29205],[-4.07755,50.30414],[-4.055,50.31206],[-4.12256,50.31747],[-4.13422,50.35831],[-4.11253,50.36166],[-4.18333,50.36206],[-4.18755,50.39164],[-4.21422,50.39748],[-4.22833,50.39037],[-4.19422,50.36914],[-4.23583,50.36247],[-4.19586,50.3558],[-4.20836,50.34539],[-4.17664,50.35875],[-4.16586,50.34497],[-4.20086,50.33167],[-4.18922,50.31583],[-4.22339,50.30875],[-4.22919,50.33],[-4.31678,50.35959],[-4.43669,50.35875],[-4.475,50.33038],[-4.53667,50.32205],[-4.63336,50.32211],[-4.63339,50.33289],[-4.67339,50.31125],[-4.69833,50.34539],[-4.75672,50.33128],[-4.75417,50.29584],[-4.7858,50.28331],[-4.77086,50.25081],[-4.80092,50.21831],[-4.86506,50.23375],[-4.92,50.19373],[-4.95169,50.20291],[-5.01,50.13625],[-5.0192,50.14831],[-4.99422,50.15916],[-5.02917,50.15327],[-5.01586,50.18584],[-5.02917,50.1808],[-5.03586,50.2],[-5.00584,50.22417],[-5.01583,50.24001],[-5.06003,50.19044],[-5.06836,50.20456],[-5.10836,50.20538],[-5.05589,50.18747],[-5.07584,50.17998],[-5.04589,50.17247],[-5.05414,50.15919],[-5.09586,50.1658],[-5.04086,50.14164],[-5.07747,50.13747],[-5.09839,50.09792],[-5.13831,50.09706],[-5.13836,50.10792],[-5.1617,50.09378],[-5.16331,50.10792],[-5.16167,50.09125],[-5.2092,50.08997],[-5.10333,50.09125],[-5.07753,50.08331],[-5.0592,50.04913],[-5.1033,50.00288],[-5.16891,50.0],[-5.20422,49.95708],[-5.26759,49.99702],[-5.26581,50.0325],[-5.31419,50.07834],[-5.39342,50.10208],[-5.43172,50.09539],[-5.49006,50.12625],[-5.54747,50.10667],[-5.53425,50.08498],[-5.57669,50.05038],[-5.68172,50.03372],[-5.71589,50.06167],[-5.6908,50.0875],[-5.71086,50.12664],[-5.6758,50.16417],[-5.63,50.16711],[-5.60167,50.19208],[-5.50003,50.21875],[-5.47583,50.2175],[-5.43664,50.17708],[-5.39755,50.23833],[-5.335,50.23956],[-5.24583,50.28413],[-5.23753,50.31664],[-5.15589,50.34583],[-5.15083,50.40167],[-5.0825,50.4025],[-5.12747,50.41083],[-5.06081,50.43167],[-5.0525,50.47083],[-5.03419,50.47166],[-5.03753,50.54753],[-4.98666,50.54036],[-4.94669,50.56708],[-4.94003,50.52203],[-4.91836,50.53125],[-4.84256,50.52003],[-4.92919,50.54247],[-4.91922,50.57497],[-4.93747,50.58667],[-4.88503,50.58125],[-4.87334,50.59372],[-4.79758,50.59747],[-4.76752,50.6675],[-4.6842,50.69414],[-4.65589,50.7375],[-4.56416,50.78086],[-4.55083,50.82916],[-4.57089,50.90334],[-4.52753,51.02078],[-4.46506,51.02126],[-4.34339,50.98795],[-4.30422,50.99753],[-4.22669,51.06372],[-4.19083,51.05331],[-4.20006,51.02126],[-4.17072,51.0703],[-4.11667,51.08878],[-4.06756,51.07831],[-4.12508,51.09206],[-4.19,51.06372],[-4.21747,51.07417],[-4.22417,51.11497],[-4.26089,51.14081],[-4.21756,51.15],[-4.23092,51.18664],[-4.12,51.21208],[-4.04169,51.20622],[-3.92506,51.23039],[-3.81,51.23125],[-3.78503,51.24455],[-3.62336,51.21625],[-3.53833,51.23122],[-3.44334,51.20705],[-3.40503,51.18122],[-3.27664,51.17961],[-3.15164,51.20792],[-3.05672,51.20206],[-3.01839,51.21869],[-3.05672,51.17706],[-2.98917,51.22],[-3.0225,51.26581],[-3.01086,51.31661],[-3.03584,51.32667],[-2.99451,51.31747],[-2.99416,51.29913],[-2.9725,51.29333],[-2.99253,51.3],[-2.99416,51.355],[-2.96425,51.36583],[-2.97919,51.38747],[-2.91256,51.395],[-2.79669,51.48541],[-2.71833,51.49959],[-2.68925,51.48581],[-2.7142,51.50414],[-2.66419,51.57247],[-2.58258,51.62747],[-2.55753,51.6658],[-2.49414,51.695],[-2.47919,51.72209],[-2.38414,51.75745],[-2.38753,51.77331],[-2.4475,51.78917],[-2.43417,51.81081],[-2.37339,51.79039],[-2.34758,51.7975],[-2.34922,51.79997],[-2.36506,51.79286],[-2.42,51.81708],[-2.44089,51.81084],[-2.45086,51.78661],[-2.4042,51.77167],[-2.50833,51.70705],[-2.60919,51.67078],[-2.6475,51.60916],[-2.66669,51.63123],[-2.65753,51.61828],[-2.71169,51.57956],[-2.90672,51.53042],[-2.98086,51.5425],[-2.96584,51.55667],[-2.98333,51.58208],[-2.97086,51.55495],[-2.99589,51.53331],[-3.12083,51.4883],[-3.15675,51.44955],[-3.16586,51.4733],[-3.17,51.40375],[-3.26003,51.39039],[-3.25333,51.4012],[-3.27834,51.38372],[-3.40342,51.38039],[-3.56003,51.39955],[-3.6425,51.46167],[-3.63169,51.47372],[-3.7225,51.47919],[-3.8125,51.57914],[-3.78083,51.58581],[-3.80672,51.58289],[-3.84256,51.60828],[-3.83167,51.62875],[-3.8483,51.61623],[-3.98008,51.60208],[-3.99592,51.58836],[-3.9817,51.56209],[-4.03506,51.56705],[-4.06667,51.55542],[-4.14008,51.56792],[-4.15916,51.5575],[-4.14836,51.54042],[-4.19833,51.54625],[-4.21005,51.53539],[-4.30672,51.56039],[-4.28919,51.57914],[-4.30759,51.61],[-4.24509,51.64786],[-4.24169,51.62539],[-4.17008,51.62289],[-4.08286,51.65845],[-4.15166,51.65292],[-4.20672,51.68286],[-4.27839,51.66702],[-4.33089,51.67911],[-4.37756,51.71834],[-4.375,51.72874],[-4.30756,51.72336],[-4.37753,51.745],[-4.36747,51.78661],[-4.33503,51.79789],[-4.37089,51.79],[-4.40336,51.75623],[-4.4492,51.78],[-4.46255,51.76578],[-4.4333,51.73786],[-4.67508,51.72708],[-4.71172,51.65039],[-4.75667,51.65205],[-4.78336,51.63286],[-4.86175,51.64455],[-4.89925,51.62586],[-4.89753,51.60914],[-4.95006,51.59539],[-5.05997,51.61958],[-5.06583,51.66164],[-5.12583,51.67998],[-5.10333,51.69038],[-5.05003,51.67538],[-5.035,51.69456],[-4.93836,51.67203],[-4.92253,51.67751],[-4.97923,51.68667],[-4.93172,51.70291],[-4.89667,51.69208],[-4.91922,51.69914],[-4.89011,51.71714],[-4.98339,51.69789],[-5.08667,51.70541],[-5.09675,51.73625],[-5.11672,51.70956],[-5.15669,51.71123],[-5.16747,51.72661],[-5.15089,51.70084],[-5.17836,51.67958],[-5.18922,51.70663],[-5.25584,51.73581],[-5.21333,51.73375],[-5.1617,51.77122],[-5.11083,51.77419],[-5.12753,51.8533],[-5.19672,51.87122],[-5.32083,51.86081],[-5.30672,51.90875],[-5.21339,51.93208],[-5.19672,51.95044],[-5.08752,51.96916],[-5.09586,51.995],[-5.07414,52.00581],[-5.09089,52.0175],[-5.07008,52.03208],[-4.99164,52.02625],[-4.97425,52.01164],[-4.99422,52.0025],[-4.97334,51.99625],[-4.9225,52.01164],[-4.91003,52.03542],[-4.8867,52.02042],[-4.82833,52.02126],[-4.84753,52.04247],[-4.77586,52.06828],[-4.73164,52.11789],[-4.68755,52.10247],[-4.68172,52.08458],[-4.68672,52.12955],[-4.57339,52.14375],[-4.52175,52.13372],[-4.37666,52.21625],[-4.32672,52.21208],[-4.20417,52.26494],[-4.09092,52.39748],[-4.05589,52.47836],[-4.05922,52.53164],[-4.01503,52.52289],[-3.9375,52.55333],[-4.06836,52.54128],[-4.13084,52.6075],[-4.05753,52.70995],[-3.96416,52.73911],[-4.06167,52.72208],[-4.15092,52.80836],[-4.11755,52.82997],[-4.14755,52.895],[-4.08503,52.90122],[-4.05836,52.92294],[-4.10333,52.90872],[-4.12497,52.92706],[-4.15339,52.90459],[-4.22675,52.91789],[-4.31836,52.90875],[-4.32672,52.89203],[-4.39506,52.89378],[-4.47919,52.85667],[-4.46914,52.84663],[-4.50581,52.8275],[-4.48753,52.79417],[-4.53006,52.77708],[-4.53917,52.8008],[-4.60006,52.82455],[-4.64497,52.79878],[-4.72005,52.80375],[-4.73333,52.78208],[-4.76917,52.795],[-4.72586,52.855],[-4.67089,52.87747],[-4.65086,52.90664],[-4.56667,52.94958],[-4.56175,52.93872],[-4.52333,52.94038],[-4.35416,53.03416],[-4.35086,53.11333],[-4.32169,53.12125],[-4.31756,53.10081],[-4.31589,53.12664],[-4.21584,53.1833],[-4.19917,53.21247],[-4.12833,53.23792],[-4.03839,53.23708],[-3.85333,53.29628],[-3.81586,53.275],[-3.8167,53.24372],[-3.79919,53.2758],[-3.83916,53.29333],[-3.87672,53.34039],[-3.83336,53.33792],[-3.81836,53.32208],[-3.77331,53.32872],[-3.71172,53.29536],[-3.6067,53.29205],[-3.51505,53.31705],[-3.49667,53.30125],[-3.50914,53.31581],[-3.48172,53.32872],[-3.31336,53.35628],[-3.28253,53.32417],[-3.07833,53.23292],[-3.10255,53.25247],[-3.07581,53.2525],[-3.1058,53.26747],[-3.07414,53.2775],[-3.11253,53.28831],[-3.12586,53.32083],[-3.10756,53.31331],[-3.2058,53.38917],[-3.04506,53.44205],[-2.95414,53.32667],[-2.88331,53.29289],[-2.85006,53.29039],[-2.84341,53.30705],[-2.79003,53.29539],[-2.7542,53.31336],[-2.76089,53.34161],[-2.68086,53.35497],[-2.76497,53.34706],[-2.79,53.32039],[-2.89005,53.33536],[-2.98253,53.38078],[-3.06756,53.52161],[-3.10756,53.54586],[-3.10083,53.57417],[-2.98086,53.6958],[-2.905,53.7287],[-2.85503,53.73209],[-2.82747,53.71497],[-2.85416,53.73334],[-2.83334,53.74208],[-2.92003,53.73042],[-3.03089,53.74248],[-3.06084,53.76831],[-3.0592,53.84581],[-3.05089,53.92162],[-3.0042,53.92664],[-3.0125,53.90167],[-2.96833,53.85956],[-2.99922,53.93078],[-2.925,53.95289],[-2.885,53.94539],[-2.88919,53.9575],[-2.85083,53.9642],[-2.88081,53.97833],[-2.85664,53.99959],[-2.83417,53.9975],[-2.83595,54.00995],[-2.86678,54.00953],[-2.88167,53.98872],[-2.92594,54.03244],[-2.87928,54.07161],[-2.81934,54.08661],[-2.791,54.12664],[-2.821,54.13245],[-2.86428,54.17995],[-2.79264,54.22411],[-2.79928,54.23994],[-2.84348,54.20369],[-2.90764,54.18825],[-2.93175,54.14786],[-2.99767,54.15244],[-2.99425,54.16997],[-3.03255,54.18997],[-3.01583,54.20164],[-3.02917,54.22253],[-3.05247,54.22747],[-3.03756,54.20831],[-3.06084,54.16167],[-3.16922,54.07914],[-3.1517,54.0612],[-3.19178,54.10042],[-3.22169,54.08955],[-3.19914,54.1033],[-3.225,54.09122],[-3.24089,54.10083],[-3.2375,54.15164],[-3.26253,54.15916],[-3.21584,54.17747],[-3.19253,54.22664],[-3.21584,54.25247],[-3.2525,54.22247],[-3.25083,54.18994],[-3.32586,54.18914],[-3.42255,54.27914],[-3.4258,54.3317],[-3.40589,54.34666],[-3.43836,54.36372],[-3.41914,54.3483],[-3.43922,54.34247],[-3.64252,54.50833],[-3.58419,54.56494],[-3.57925,54.64578],[-3.51253,54.71497],[-3.43914,54.75583],[-3.44256,54.79833],[-3.40414,54.86748],[-3.34503,54.89789],[-3.28255,54.86917],[-3.2925,54.89084],[-3.26253,54.8925],[-3.25667,54.90872],[-3.31592,54.9108],[-3.28167,54.94125],[-3.20333,54.95287],[-3.11511,54.92622],[-3.02842,54.94208],[-3.0975,54.9458],[-3.05256,54.98247],[-3.14833,54.96123],[-3.20839,54.97375],[-3.27831,54.97292],[-3.27675,54.96289],[-3.32833,54.97542],[-3.40836,54.97125],[-3.44833,54.99039],[-3.46003,54.97039],[-3.51339,54.9612],[-3.56084,54.97247],[-3.58664,55.00789],[-3.59089,54.93083],[-3.56583,54.90414],[-3.59753,54.87164],[-3.70172,54.88289],[-3.79164,54.84958],[-3.82339,54.88794],[-3.81086,54.84164],[-3.84333,54.86206],[-3.8375,54.84334],[-3.86425,54.84497],[-3.82753,54.82],[-3.97667,54.76622],[-4.061,54.77747],[-4.05683,54.84044],[-4.08933,54.81414],[-4.0927,54.76584],[-4.1235,54.78792],[-4.15183,54.77705],[-4.221,54.825],[-4.20425,54.86664],[-4.26517,54.83378],[-4.30508,54.84211],[-4.38428,54.87666],[-4.40011,54.91631],[-4.39764,54.89339],[-4.43433,54.86752],[-4.411,54.82584],[-4.341,54.80083],[-4.34681,54.7888],[-4.36761,54.79337],[-4.37097,54.77333],[-4.34764,54.70998],[-4.39347,54.67538],[-4.51339,54.70876],[-4.57758,54.74001],[-4.60178,54.77542],[-4.71172,54.82381],[-4.78345,54.83128],[-4.81419,54.86256],[-4.85672,54.86875],[-4.86011,54.85381],[-4.93761,54.83006],[-4.95917,54.8017],[-4.90425,54.70084],[-4.86425,54.68172],[-4.88255,54.6517],[-4.85672,54.63125],[-4.96761,54.66336],[-4.95758,54.72586],[-4.99428,54.73422],[-5.0125,54.78166],[-5.14584,54.85494],[-5.18747,54.91328],[-5.17083,55.0],[-5.09417,55.01497],[-5.05586,54.96667],[-5.0725,54.96417],[-5.06255,54.925],[-5.02836,54.90708],[-5.0,54.91183],[-5.06253,55.03162],[-5.00919,55.09164],[-4.99919,55.13917],[-4.86753,55.22333],[-4.84081,55.28081],[-4.84922,55.32581],[-4.7758,55.36081],[-4.77092,55.4017],[-4.73672,55.42461],[-4.65256,55.4417],[-4.6225,55.495],[-4.63086,55.51747],[-4.68747,55.54497],[-4.66084,55.5508],[-4.6975,55.60252],[-4.68586,55.61581],[-4.71506,55.63292],[-4.69844,55.60542],[-4.75342,55.62872],[-4.82003,55.63375],[-4.86586,55.68164],[-4.90916,55.69749],[-4.90586,55.7233],[-4.85928,55.7575],[-4.90425,55.88917],[-4.87928,55.90753],[-4.88419,55.94247],[-4.79008,55.96375],[-4.67997,55.93459],[-4.48505,55.92542],[-4.42753,55.90331],[-4.48003,55.92706],[-4.70169,55.96625],[-4.70419,55.99081],[-4.79092,56.01497],[-4.83508,56.08041],[-4.83581,56.04417],[-4.76747,55.98747],[-4.85592,55.98663],[-4.88086,56.06084],[-4.75175,56.20708],[-4.86339,56.10042],[-4.89259,56.11664],[-4.90422,56.1725],[-4.91758,56.16583],[-4.9125,56.11501],[-4.87586,56.09247],[-4.91583,56.05247],[-4.89592,55.98663],[-4.96584,55.9925],[-4.90923,55.96333],[-4.97923,55.86166],[-5.04758,55.86997],[-5.06922,55.94667],[-5.12505,56.00872],[-5.07586,55.89753],[-5.11339,55.89877],[-5.19083,55.93919],[-5.19339,55.98042],[-5.19589,55.935],[-5.24258,55.89831],[-5.20592,55.82667],[-5.26503,55.85123],[-5.31589,55.85164],[-5.3125,55.87003],[-5.35416,55.89914],[-5.33258,55.95416],[-5.34592,55.99495],[-5.20756,56.10669],[-5.20422,56.12917],[-5.08422,56.16583],[-5.06255,56.20831],[-4.98833,56.24045],[-5.04836,56.23372],[-5.05756,56.24497],[-5.11922,56.16997],[-5.2375,56.12828],[-5.315,56.05786],[-5.33589,56.0675],[-5.3392,56.03081],[-5.38333,56.00291],[-5.40836,56.00037],[-5.44253,56.03247],[-5.45092,55.96916],[-5.39589,55.86917],[-5.41422,55.86501],[-5.34086,55.82667],[-5.3175,55.77336],[-5.39508,55.75206],[-5.45261,55.70583],[-5.48417,55.64247],[-5.46086,55.57503],[-5.49089,55.57836],[-5.49089,55.52917],[-5.55256,55.43417],[-5.60423,55.42583],[-5.54916,55.41586],[-5.5175,55.36417],[-5.60672,55.30539],[-5.68833,55.30625],[-5.76003,55.28792],[-5.80586,55.30251],[-5.79919,55.39247],[-5.71917,55.44083],[-5.72086,55.57164],[-5.68253,55.61667],[-5.67914,55.6825],[-5.63589,55.7],[-5.57586,55.76331],[-5.48083,55.80498],[-5.44083,55.85577],[-5.52092,55.79664],[-5.61175,55.75958],[-5.60917,55.79167],[-5.64175,55.78542],[-5.67253,55.80583],[-5.65419,55.86581],[-5.57586,55.935],[-5.68172,55.88455],[-5.68417,55.92914],[-5.5675,56.03997],[-5.62759,56.0225],[-5.61758,56.00997],[-5.66008,55.98292],[-5.65583,55.99664],[-5.69339,55.93042],[-5.70922,55.94],[-5.68247,55.96497],[-5.71922,55.95081],[-5.58922,56.09161],[-5.55672,56.09292],[-5.53091,56.07584],[-5.53086,56.09998],[-5.57092,56.1125],[-5.50417,56.1875],[-5.61755,56.13167],[-5.54417,56.21497],[-5.56922,56.23753],[-5.48581,56.25497],[-5.50672,56.26878],[-5.59922,56.24911],[-5.57922,56.3325],[-5.55172,56.34872],[-5.515,56.34206],[-5.44583,56.3625],[-5.49675,56.36125],[-5.5217,56.34539],[-5.54095,56.3575],[-5.51747,56.39497],[-5.4742,56.41],[-5.48586,56.43584],[-5.46497,56.44703],[-5.35172,56.45878],[-5.28506,56.44872],[-5.26621,56.45341],[-5.24834,56.43791],[-5.19503,56.44708],[-5.0442,56.565],[-5.0775,56.56164],[-5.20172,56.45291],[-5.23003,56.44703],[-5.33997,56.47041],[-5.40675,56.45708],[-5.42175,56.50623],[-5.45675,56.47453],[-5.45509,56.48708],[-5.47417,56.4808],[-5.42756,56.52917],[-5.40411,56.53416],[-5.41256,56.5225],[-5.38006,56.50958],[-5.24589,56.55164],[-5.31169,56.54958],[-5.36503,56.52375],[-5.41589,56.53914],[-5.41086,56.55917],[-5.37086,56.56581],[-5.38922,56.57664],[-5.3625,56.6058],[-5.29753,56.63994],[-5.32755,56.64831],[-5.22508,56.68622],[-5.15172,56.67622],[-5.00417,56.71247],[-5.16008,56.68459],[-5.24667,56.70211],[-5.08916,56.8325],[-5.17836,56.85208],[-5.33667,56.85869],[-5.31672,56.84789],[-5.175,56.84622],[-5.12253,56.82417],[-5.23758,56.76584],[-5.24258,56.71914],[-5.28503,56.70039],[-5.30167,56.7112],[-5.47173,56.61453],[-5.5275,56.61581],[-5.49422,56.605],[-5.54753,56.55336],[-5.68669,56.49619],[-5.70006,56.51286],[-5.75677,56.51625],[-5.7725,56.53078],[-5.745,56.56206],[-5.78667,56.53128],[-5.90759,56.5508],[-6.00586,56.61997],[-6.00747,56.64917],[-5.90672,56.65706],[-5.83172,56.62122],[-5.88258,56.65167],[-5.75,56.70039],[-5.675,56.67708],[-5.54005,56.68706],[-5.66006,56.68125],[-5.72005,56.70956],[-5.7767,56.71372],[-5.84,56.67372],[-5.9267,56.67536],[-5.94003,56.68789],[-5.97667,56.67122],[-6.05836,56.69292],[-6.18675,56.68625],[-6.22916,56.72583],[-6.18589,56.73661],[-6.18833,56.75539],[-5.98333,56.76872],[-5.96172,56.78458],[-5.91003,56.74956],[-5.8867,56.76208],[-5.87589,56.74333],[-5.84669,56.74042],[-5.85416,56.76077],[-5.89089,56.76417],[-5.88842,56.78458],[-5.83339,56.77039],[-5.79831,56.79205],[-5.75417,56.78164],[-5.86833,56.81039],[-5.85922,56.83253],[-5.71833,56.84372],[-5.67255,56.87503],[-5.72839,56.85042],[-5.78925,56.85916],[-5.72417,56.88417],[-5.73672,56.89455],[-5.88664,56.87372],[-5.92422,56.88911],[-5.88997,56.90625],[-5.85081,56.9],[-5.88753,56.91914],[-5.84419,56.96664],[-5.81919,56.96083],[-5.8475,56.97166],[-5.8325,57.00745],[-5.72672,57.01869],[-5.70914,56.99167],[-5.6367,56.96961],[-5.50919,56.99414],[-5.52336,57.00372],[-5.62006,56.98125],[-5.66414,56.99419],[-5.67503,57.03289],[-5.70842,57.04039],[-5.73666,57.02875],[-5.7617,57.05125],[-5.78081,57.04503],[-5.79425,57.06664],[-5.72003,57.11877],[-5.59167,57.11955],[-5.52011,57.08376],[-5.51006,57.09789],[-5.38753,57.10831],[-5.53169,57.10292],[-5.56164,57.13289],[-5.66,57.14203],[-5.6925,57.16167],[-5.62583,57.2125],[-5.65253,57.23994],[-5.59834,57.25958],[-5.52167,57.27039],[-5.43172,57.21292],[-5.3925,57.2325],[-5.45509,57.23958],[-5.51508,57.27872],[-5.59331,57.27042],[-5.64506,57.28542],[-5.73253,57.28253],[-5.72747,57.30667],[-5.67411,57.32578],[-5.68506,57.34125],[-5.53336,57.35455],[-5.45756,57.39247],[-5.44417,57.42164],[-5.54833,57.35712],[-5.63422,57.36664],[-5.59586,57.38997],[-5.61,57.41542],[-5.74494,57.35039],[-5.78667,57.34622],[-5.80836,57.37456],[-5.82256,57.36414],[-5.80747,57.43914],[-5.85167,57.44122],[-5.87253,57.47083],[-5.84256,57.57584],[-5.81003,57.58539],[-5.74003,57.54453],[-5.70836,57.54122],[-5.70842,57.55622],[-5.6975,57.53164],[-5.64839,57.51036],[-5.65672,57.54202],[-5.62167,57.52206],[-5.60336,57.53625],[-5.53175,57.53039],[-5.51253,57.54083],[-5.58833,57.55625],[-5.66833,57.54539],[-5.75753,57.62417],[-5.8175,57.63917],[-5.785,57.69705],[-5.73341,57.70708],[-5.68172,57.68958],[-5.67416,57.69997],[-5.69839,57.73039],[-5.8125,57.74919],[-5.81422,57.855],[-5.76006,57.87042],[-5.68339,57.86789],[-5.66589,57.79913],[-5.61831,57.76788],[-5.5975,57.7725],[-5.62247,57.78995],[-5.57917,57.79086],[-5.5975,57.80086],[-5.5842,57.83747],[-5.64339,57.85536],[-5.65591,57.87583],[-5.62006,57.92456],[-5.56339,57.91789],[-5.53753,57.86748],[-5.46667,57.85208],[-5.42167,57.90875],[-5.31842,57.86372],[-5.22003,57.84289],[-5.33836,57.90542],[-5.3942,57.91167],[-5.40256,57.93245],[-5.35833,57.93869],[-5.32839,57.91375],[-5.24169,57.91789],[-5.12839,57.87459],[-5.07253,57.81914],[-5.10086,57.87083],[-5.2242,57.92416],[-5.17756,57.9525],[-5.19497,57.94456],[-5.19505,57.95625],[-5.31,57.97794],[-5.36836,58.03125],[-5.42255,58.03244],[-5.41583,58.05251],[-5.4592,58.07581],[-5.42508,58.10625],[-5.35672,58.05875],[-5.34,58.08125],[-5.30333,58.06541],[-5.27086,58.10167],[-5.30428,58.12],[-5.26759,58.12414],[-5.30092,58.13828],[-5.24422,58.14914],[-5.30839,58.15372],[-5.2825,58.1658],[-5.31419,58.16331],[-5.30756,58.1758],[-5.40753,58.23581],[-5.37839,58.26453],[-5.31008,58.22453],[-5.2383,58.25458],[-5.17169,58.24289],[-5.16595,58.25999],[-5.12009,58.27039],[-5.06,58.24794],[-5.01842,58.25875],[-4.96497,58.22708],[-4.99586,58.25166],[-4.92255,58.25667],[-5.08334,58.26369],[-5.1425,58.29164],[-5.13261,58.32164],[-5.17086,58.32333],[-5.18253,58.35247],[-5.15583,58.35417],[-5.17425,58.36414],[-5.14,58.41373],[-5.03091,58.38081],[-5.07081,58.40334],[-5.03506,58.41128],[-5.11417,58.41414],[-5.07586,58.41744],[-5.11578,58.42503],[-5.07839,58.45289],[-5.03172,58.44952],[-4.99086,58.42664],[-5.01667,58.45287],[-5.07506,58.45705],[-5.05756,58.46333],[-5.12586,58.49081],[-5.11581,58.52331],[-5.03089,58.56331],[-5.00336,58.62791],[-4.82925,58.5983],[-4.79589,58.54836],[-4.83256,58.52336],[-4.81172,58.51703],[-4.78081,58.54828],[-4.80092,58.57669],[-4.76747,58.58],[-4.79342,58.60205],[-4.77084,58.60587],[-4.73508,58.56789],[-4.65422,58.55247],[-4.75169,58.44789],[-4.66586,58.48497],[-4.64755,58.52],[-4.62003,58.52622],[-4.61592,58.51497],[-4.58009,58.58289],[-4.50508,58.57709],[-4.45333,58.55042],[-4.43667,58.55703],[-4.40916,58.5217],[-4.45586,58.49583],[-4.47669,58.44456],[-4.35506,58.53792],[-4.3,58.54459],[-4.26586,58.53583],[-4.26833,58.51955],[-4.24003,58.52708],[-4.22503,58.51541],[-4.24589,58.53503],[-4.21255,58.53333],[-4.21506,58.55208],[-4.17833,58.54375],[-4.12833,58.57039],[-4.07172,58.55375],[-4.02006,58.60374],[-4.00664,58.56792],[-3.93336,58.57452],[-3.91,58.55872],[-3.80503,58.57375],[-3.77842,58.56456],[-3.65669,58.62202],[-3.53667,58.62372],[-3.55083,58.60747],[-3.52842,58.59958],[-3.45834,58.61286],[-3.37334,58.59453],[-3.35083,58.61833],[-3.41419,58.64164],[-3.37503,58.67289],[-3.30997,58.64455],[-3.1917,58.66122],[-3.16006,58.63872],[-3.02247,58.64333],[-3.13417,58.50497],[-3.11503,58.47789],[-3.04914,58.47997],[-3.05083,58.44997],[-3.08422,58.44164],[-3.06919,58.43002],[-3.10925,58.37077],[-3.20756,58.31164],[-3.37331,58.27295],[-3.51253,58.1683],[-3.79836,58.05869],[-3.8475,58.00664],[-3.98006,57.96958],[-4.00506,57.93372],[-4.03089,57.93336],[-4.01503,57.94869],[-4.04833,57.9437],[-4.08256,57.95744],[-4.06831,57.93703],[-3.99847,57.9255],[-4.0117,57.86122],[-4.06831,57.86789],[-4.1133,57.84875],[-4.15089,57.85669],[-4.13842,57.87122],[-4.16669,57.85878],[-4.22339,57.87375],[-4.285,57.86041],[-4.35592,57.88499],[-4.29669,57.85208],[-4.19167,57.86286],[-4.16172,57.83372],[-4.1217,57.82956],[-4.135,57.84456],[-4.05006,57.81541],[-3.96503,57.84625],[-3.91914,57.82914],[-3.94669,57.81206],[-3.8717,57.82205],[-3.81167,57.86125],[-3.77255,57.86503],[-3.97672,57.69289],[-4.03419,57.69414],[-4.0217,57.73788],[-4.08336,57.72792],[-4.1617,57.68706],[-4.28336,57.68125],[-4.44419,57.57494],[-4.23008,57.67122],[-4.16336,57.67538],[-4.16003,57.65791],[-3.99672,57.68042],[-4.10258,57.60577],[-4.0892,57.5742],[-4.14506,57.57455],[-4.18669,57.54542],[-4.24667,57.54956],[-4.19086,57.53664],[-4.23669,57.49959],[-4.38336,57.51122],[-4.43836,57.48619],[-4.40836,57.49709],[-4.38169,57.48125],[-4.29003,57.48212],[-4.22175,57.49625],[-4.18333,57.48459],[-4.14917,57.51666],[-4.115,57.51541],[-4.04258,57.55917],[-4.07755,57.5825],[-4.05836,57.59122],[-3.85506,57.59206],[-3.67,57.66208],[-3.62089,57.65833],[-3.63339,57.63125],[-3.5917,57.63123],[-3.58414,57.64413],[-3.62172,57.66455],[-3.53336,57.66292],[-3.49255,57.68247],[-3.49497,57.70458],[-3.34503,57.72458],[-3.28172,57.72545],[-3.27666,57.71872],[-3.1,57.66872],[-3.03675,57.66539],[-2.86008,57.70708],[-2.74167,57.68292],[-2.71839,57.69205],[-2.57339,57.68372],[-2.51336,57.66536],[-2.34509,57.67122],[-2.29839,57.6962],[-2.18506,57.67209],[-2.12175,57.70125],[-2.00333,57.69958],[-1.98836,57.68042],[-1.91833,57.67538],[-1.88758,57.63997],[-1.81917,57.61083],[-1.79919,57.5175],[-1.76414,57.50333],[-1.7875,57.5025],[-1.79258,57.48331],[-1.76759,57.47081],[-1.83261,57.41078],[-1.85917,57.4075],[-1.85586,57.38994],[-1.98336,57.31039],[-1.99422,57.33083],[-1.99081,57.30086],[-2.08583,57.1758],[-2.04925,57.12417],[-2.20583,56.9675],[-2.1975,56.90836],[-2.23083,56.86411],[-2.3225,56.79584],[-2.4375,56.75083],[-2.45333,56.70458],[-2.48092,56.70583],[-2.47845,56.72122],[-2.51669,56.72295],[-2.5267,56.70956],[-2.53914,56.71828],[-2.51667,56.69952],[-2.43586,56.70087],[-2.50256,56.66167],[-2.50755,56.63497],[-2.4825,56.62],[-2.53925,56.56664],[-2.7175,56.49495],[-2.73672,56.46208],[-2.79175,56.47958],[-2.98341,56.45042],[-3.05167,56.45705],[-3.21339,56.37539],[-3.29333,56.35625],[-3.37753,56.38083],[-3.3075,56.35414],[-3.31834,56.34706],[-3.25344,56.35125],[-2.99342,56.42042],[-2.92664,56.45119],[-2.86333,56.43872],[-2.81336,56.44625],[-2.82584,56.37666],[-2.9108,56.3533],[-2.83334,56.35372],[-2.81836,56.36625],[-2.77672,56.33208],[-2.65916,56.3175],[-2.5875,56.27997],[-2.59586,56.2675],[-2.81167,56.18289],[-2.86845,56.18542],[-2.90164,56.20786],[-2.96839,56.20705],[-3.15089,56.11501],[-3.17841,56.06042],[-3.28503,56.05456],[-3.32167,56.03369],[-3.39506,56.02711],[-3.39841,56.00706],[-3.57503,56.05622],[-3.60175,56.05622],[-3.60339,56.04372],[-3.68836,56.04703],[-3.84914,56.11748],[-3.83833,56.09958],[-3.80116,56.09454],[-3.73417,56.06411],[-3.71672,56.02622],[-3.67917,56.03413],[-3.68336,56.00623],[-3.60333,56.02126],[-3.51003,55.99875],[-3.39164,55.99039],[-3.35175,56.00208],[-3.30331,55.97792],[-3.16675,55.98206],[-3.18166,55.99292],[-3.06839,55.9462],[-2.91503,55.97625],[-2.89259,56.01164],[-2.85253,56.01497],[-2.86925,56.03667],[-2.81664,56.06291],[-2.68011,56.06128],[-2.58425,56.02333],[-2.59836,55.99789],[-2.51334,56.00623],[-2.33339,55.93039],[-2.21831,55.93125],[-2.13756,55.9158],[-2.13425,55.89081],[-2.07589,55.8725],[-2.07083,55.84253],[-1.99922,55.78503],[-1.99086,55.76833],[-2.02917,55.76831],[-1.87419,55.7],[-1.9175,55.70831],[-1.83339,55.63872],[-1.80505,55.63458],[-1.7875,55.65747],[-1.7475,55.62083],[-1.78253,55.61581],[-1.76836,55.60455],[-1.72503,55.61706],[-1.64081,55.58247],[-1.62256,55.55164],[-1.63922,55.53831],[-1.59089,55.49164],[-1.57755,55.43164],[-1.57755,55.40664],[-1.62258,55.38667],[-1.56922,55.33747],[-1.60917,55.34416],[-1.5475,55.32083],[-1.56922,55.27083],[-1.49758,55.185],[-1.52333,55.16042],[-1.5725,55.165],[-1.52255,55.1575],[-1.4808,55.1175],[-1.49753,55.12331],[-1.49422,55.10328],[-1.4125,55.0175],[-1.44425,55.0025],[-1.41333,55.00375],[-1.35586,54.9642],[-1.3675,54.91248],[-1.30083,54.76584],[-1.17583,54.69661],[-1.19586,54.69827],[-1.1975,54.67667],[-1.15916,54.64664],[-1.19917,54.62161],[-1.16673,54.62958],[-1.15919,54.61166],[-1.21255,54.58083],[-1.15089,54.60167],[-1.13664,54.64875],[-1.12167,54.62958],[-0.98836,54.59036],[-0.77341,54.55789],[-0.74167,54.52792],[-0.70502,54.53208],[-0.66842,54.50288],[-0.56672,54.47952],[-0.5192,54.44667],[-0.52419,54.41919],[-0.45253,54.38003],[-0.3642,54.24577],[-0.26581,54.21836],[-0.27925,54.18994],[-0.23333,54.16206],[-0.07753,54.11995],[-0.1775,54.09164],[-0.21592,54.02578],[-0.15589,53.9025],[0.0,53.76378],[3e-05,53.76375],[0.13417,53.64667],[0.15247,53.6],[0.11,53.57122],[0.14742,53.60667],[0.10828,53.63039],[0.03494,53.6487],[0.0,53.64062],[-0.055,53.62791],[-0.10339,53.63372],[-0.26503,53.74289],[-0.54667,53.70786],[-0.63006,53.73039],[-0.69839,53.70289],[-0.78083,53.69583],[-0.70081,53.69917],[-0.6925,53.67],[-0.71667,53.63708],[-0.6875,53.67164],[-0.69753,53.69414],[-0.62672,53.71292],[-0.51839,53.67789],[-0.47503,53.69708],[-0.29342,53.71372],[-0.2242,53.6508],[-0.09505,53.58041],[-0.07086,53.58498],[-0.09341,53.57372],[-0.06175,53.58208],[0.0,53.54372],[0.08664,53.49375],[0.11491,53.49045],[0.11497,53.50375],[0.13167,53.48369],[0.14831,53.49375],[0.16744,53.47919],[0.32247,53.27161],[0.3575,53.175],[0.33583,53.09497],[0.3083,53.09708],[0.17744,53.02497],[0.10578,52.975],[0.07578,52.92917],[0.0258,52.91495],[0.03247,52.90331],[0.0,52.88842],[-0.00753,52.88497],[0.0,52.88542],[0.02827,52.89703],[0.14159,52.88542],[0.17411,52.87328],[0.21664,52.81622],[0.32164,52.81287],[0.37492,52.78289],[0.37911,52.81494],[0.44581,52.84416],[0.48917,52.94747],[0.54498,52.97705],[0.61661,52.97122],[0.69503,52.98875],[0.74831,52.98122],[0.7308,52.97414],[0.75169,52.96872],[0.77333,52.97872],[0.85503,52.96789],[0.86994,52.97955],[0.90836,52.96203],[1.0358,52.96747],[0.96828,52.96872],[0.98333,52.98042],[1.30161,52.93372],[1.44078,52.87911],[1.69419,52.72997],[1.7458,52.6325],[1.73578,52.54994],[1.76581,52.47833],[1.73411,52.445],[1.72916,52.38997],[1.6358,52.2825],[1.62414,52.18411],[1.58086,52.08495],[1.47083,52.04747],[1.40327,51.98706],[1.35917,52.00914],[1.3925,51.97828],[1.31995,51.93039],[1.27911,51.99078],[1.16828,52.02959],[1.21497,51.99458],[1.26908,51.98663],[1.27914,51.95578],[1.18831,51.95375],[1.16328,51.96706],[1.12997,51.95203],[1.06075,51.95],[1.12167,51.93872],[1.29081,51.94664],[1.24242,51.88417],[1.20081,51.88164],[1.25333,51.88375],[1.26825,51.86706],[1.27,51.88455],[1.29414,51.8708],[1.23586,51.81583],[1.13,51.7737],[1.04336,51.76788],[1.01914,51.80164],[1.04911,51.80083],[1.0025,51.80753],[0.96994,51.84875],[0.98241,51.81664],[0.96494,51.82875],[0.94575,51.8208],[0.99242,51.8058],[0.92661,51.80705],[0.92075,51.79581],[0.97223,51.80495],[1.0042,51.79831],[0.98997,51.78458],[0.92825,51.77122],[0.89911,51.77414],[0.91666,51.79289],[0.8933,51.77375],[0.85331,51.78289],[0.90408,51.76833],[0.8525,51.77083],[0.88414,51.75583],[0.84664,51.73539],[0.7933,51.74289],[0.6925,51.72664],[0.70827,51.71792],[0.72327,51.72872],[0.73078,51.71664],[0.71328,51.71539],[0.7692,51.7075],[0.75328,51.68956],[0.79498,51.71786],[0.85492,51.71622],[0.89831,51.74375],[0.93742,51.74336],[0.95411,51.68333],[0.9375,51.6325],[0.86011,51.61783],[0.86855,51.6053],[0.95494,51.61792],[0.93253,51.59081],[0.785,51.51958],[0.57169,51.5387],[0.64083,51.52081],[0.46159,51.50455],[0.43584,51.45998],[0.40161,51.45209],[0.34331,51.45044],[0.31828,51.47208],[0.25417,51.46587],[0.28333,51.45375],[0.31328,51.46706],[0.335,51.44875],[0.41664,51.44373],[0.45919,51.45414],[0.48164,51.48622],[0.69328,51.47372],[0.72414,51.45661],[0.71497,51.43372],[0.62997,51.43956],[0.60658,51.41453],[0.53494,51.41208],[0.52409,51.38997],[0.54164,51.40958],[0.615,51.37786],[0.635,51.38786],[0.62661,51.37537],[0.64497,51.39622],[0.67503,51.37622],[0.69997,51.39372],[0.6983,51.37953],[0.71919,51.38747],[0.69828,51.42042],[0.73078,51.42247],[0.7208,51.40994],[0.74586,51.39417],[0.72595,51.41187],[0.74245,51.4117],[0.74997,51.44627],[0.90575,51.41495],[0.95084,51.37497],[0.90667,51.35289],[0.77333,51.36625],[0.7525,51.3875],[0.75997,51.35959],[0.86661,51.35542],[0.89661,51.33958],[1.09834,51.37209],[1.42661,51.39288],[1.45084,51.37336],[1.43414,51.3383],[1.36833,51.32462],[1.35411,51.3075],[1.37241,51.31],[1.40414,51.2375],[1.3942,51.15331],[1.34497,51.12042],[1.31747,51.1208],[1.33167,51.10961],[1.22992,51.09875],[1.18831,51.07542],[1.03914,51.04836],[0.97578,50.995],[0.97503,50.91039],[0.76994,50.93372],[0.66664,50.86872],[0.36497,50.81453],[0.24,50.73209],[0.0,50.78795]]]}},{"type":"Feature","properties":{"kind":"land","level":1},"geometry":{"type":"Polygon","coordinates":[[[-13.59919,65.0],[-13.66008,64.98544],[-13.78336,64.98625],[-13.80373,65.0],[-13.59919,65.0]]]}},{"type":"Feature","properties":{"kind":"land","level":1},"geometry":{"type":"Polygon","coordinates":[[[-13.89405,65.0],[-13.78003,64.94373],[-13.68008,64.94286],[-13.68081,64.91417],[-13.78836,64.90789],[-14.03839,64.93625],[-14.02,64.91708],[-13.85172,64.90122],[-13.75081,64.86417],[-13.82675,64.82461],[-13.95756,64.84077],[-13.8317,64.80959],[-13.83842,64.79955],[-13.99172,64.79622],[-14.04002,64.77039],[-14.03586,64.78917],[-14.06842,64.79461],[-14.07256,64.77914],[-13.98086,64.73331],[-14.08164,64.70039],[-14.22836,64.68789],[-14.32342,64.70372],[-14.44581,64.78833],[-14.50508,64.79122],[-14.45419,64.77664],[-14.47089,64.75584],[-14.39748,64.73328],[-14.33508,64.67375],[-14.2767,64.65786],[-14.25589,64.66495],[-14.28589,64.64167],[-14.24431,64.64164],[-14.29842,64.63541],[-14.39345,64.65789],[-14.48253,64.65667],[-14.48505,64.64375],[-14.40417,64.62334],[-14.4025,64.60167],[-14.48175,64.58625],[-14.55497,64.59372],[-14.58589,64.57581],[-14.58006,64.54042],[-14.46678,64.54539],[-14.48341,64.51958],[-14.41255,64.57247],[-14.3375,64.5958],[-14.47086,64.52666],[-14.49419,64.4375],[-14.53833,64.40125],[-14.7617,64.37289],[-14.54928,64.40914],[-14.62675,64.42789],[-14.70667,64.42545],[-14.71422,64.39747],[-14.89003,64.33292],[-14.91275,64.30373],[-14.89667,64.34625],[-14.96917,64.29831],[-14.90497,64.30211],[-14.89428,64.2833],[-14.96252,64.25753],[-14.95836,64.24042],[-14.99831,64.23853],[-14.9633,64.26208],[-15.02836,64.24711],[-15.00753,64.25828],[-15.03755,64.27834],[-15.10345,64.29208],[-15.1368,64.27122],[-15.19164,64.27872],[-15.16914,64.26331],[-15.21333,64.25044],[-15.19505,64.29708],[-15.24006,64.28122],[-15.27827,64.32708],[-15.27341,64.28709],[-15.36166,64.31372],[-15.41011,64.26039],[-15.38842,64.26542],[-15.34998,64.24208],[-15.22166,64.24375],[-15.18333,64.22955],[-15.46,64.23539],[-15.65997,64.20956],[-15.72009,64.17628],[-15.97508,64.13792],[-16.52,63.88208],[-16.45336,63.92125],[-16.60164,63.86456],[-16.73003,63.85289],[-16.71841,63.84036],[-16.78011,63.85628],[-16.73428,63.83578],[-16.78423,63.83581],[-16.78166,63.79124],[-16.88333,63.88125],[-16.88911,63.84998],[-16.87845,63.86039],[-16.85092,63.82083],[-16.88499,63.84622],[-16.91177,63.78622],[-16.93167,63.81122],[-16.92086,63.78333],[-16.98256,63.7825],[-16.97508,63.82872],[-16.99669,63.80208],[-17.0,63.80507],[-17.0,65.0],[-13.89405,65.0]]]}},{"type":"Feature","properties":{"kind":"land","level":1},"geometry":{"type":"Polygon","coordinates":[[[-8.0,51.85872],[-8.00166,51.85789],[-8.02756,51.84669],[-8.00166,51.82542],[-8.13003,51.80542],[-8.17667,51.78378],[-8.18339,51.79375],[-8.25672,51.7912],[-8.26923,51.81419],[-8.17497,51.86122],[-8.21581,51.86664],[-8.32169,51.84209],[-8.32503,51.90958],[-8.34081,51.90916],[-8.32654,51.90465],[-8.33672,51.88622],[-8.38339,51.90625],[-8.46167,51.90042],[-8.39089,51.89081],[-8.43672,51.87955],[-8.34092,51.87581],[-8.33422,51.8483],[-8.35917,51.83833],[-8.30172,51.83458],[-8.32581,51.81914],[-8.29417,51.81],[-8.39003,51.81287],[-8.33002,51.80125],[-8.27834,51.80956],[-8.27586,51.7975],[-8.34917,51.76417],[-8.30664,51.77126],[-8.29916,51.75583],[-8.34666,51.71461],[-8.38667,51.71375],[-8.44336,51.68542],[-8.44419,51.70744],[-8.45836,51.69708],[-8.49664,51.71792],[-8.45419,51.69414],[-8.47839,51.67456],[-8.49922,51.67583],[-8.51334,51.70456],[-8.53503,51.69542],[-8.51298,51.69916],[-8.50703,51.6879],[-8.52925,51.68584],[-8.55417,51.64413],[-8.53336,51.60622],[-8.58503,51.64288],[-8.65997,51.63372],[-8.67506,51.65625],[-8.715,51.63872],[-8.68584,51.63583],[-8.70247,51.61501],[-8.68081,51.60664],[-8.71342,51.56956],[-8.75172,51.56875],[-8.76167,51.59125],[-8.77831,51.58208],[-8.85169,51.59203],[-8.85252,51.61081],[-8.88506,51.62125],[-8.85592,51.59998],[-8.89256,51.60247],[-8.87089,51.57664],[-8.91998,51.53877],[-8.94167,51.54539],[-8.9567,51.52875],[-8.9575,51.55251],[-9.02502,51.56792],[-9.01833,51.55786],[-9.07339,51.55711],[-9.08336,51.54539],[-9.14008,51.56291],[-9.11089,51.5367],[-9.17836,51.51456],[-9.17247,51.5258],[-9.21339,51.48539],[-9.245,51.48042],[-9.24003,51.49372],[-9.27336,51.48286],[-9.26925,51.49828],[-9.30833,51.50372],[-9.29417,51.48914],[-9.3483,51.46622],[-9.39417,51.47333],[-9.36081,51.48666],[-9.32417,51.54167],[-9.41666,51.49455],[-9.41583,51.51247],[-9.43584,51.50995],[-9.39919,51.54747],[-9.43339,51.54124],[-9.45839,51.56039],[-9.43753,51.54164],[-9.45,51.52708],[-9.53506,51.51205],[-9.54,51.52789],[-9.55,51.50792],[-9.58836,51.50208],[-9.58833,51.51289],[-9.6142,51.49831],[-9.58747,51.49747],[-9.62334,51.49042],[-9.66669,51.51537],[-9.66417,51.49997],[-9.71091,51.4933],[-9.7075,51.47414],[-9.75247,51.4625],[-9.70258,51.46914],[-9.77502,51.44458],[-9.78089,51.47247],[-9.81336,51.44708],[-9.81253,51.47247],[-9.8425,51.48164],[-9.75667,51.52208],[-9.65672,51.54039],[-9.65083,51.56416],[-9.54417,51.61581],[-9.73336,51.55792],[-9.85753,51.5408],[-9.70172,51.61458],[-9.46339,51.68039],[-9.44419,51.71997],[-9.46255,51.71587],[-9.45836,51.72955],[-9.50667,51.71625],[-9.55339,51.74789],[-9.55083,51.7125],[-9.62839,51.67878],[-9.68005,51.66872],[-9.67169,51.68127],[-9.71833,51.67453],[-9.72997,51.69038],[-9.73336,51.66708],[-9.91006,51.65036],[-9.94006,51.61372],[-9.97339,51.61955],[-10.04002,51.58792],[-10.05336,51.6012],[-10.12336,51.59958],[-10.16339,51.57956],[-10.1475,51.60414],[-10.16419,51.61163],[-10.06756,51.62414],[-10.06422,51.64997],[-10.10919,51.66497],[-9.97755,51.685],[-9.95425,51.71328],[-10.00922,51.71584],[-9.98175,51.73459],[-9.89172,51.76289],[-9.87414,51.75748],[-9.8867,51.74123],[-9.85423,51.755],[-9.84839,51.77794],[-9.84834,51.76541],[-9.79675,51.76706],[-9.82919,51.78583],[-9.77925,51.79913],[-9.725,51.8387],[-9.65009,51.84536],[-9.55586,51.8825],[-9.77664,51.84044],[-9.87503,51.79459],[-9.86417,51.81333],[-9.90336,51.81128],[-9.91006,51.83292],[-9.91333,51.80373],[-10.01669,51.76955],[-10.06342,51.76869],[-10.13336,51.73625],[-10.11831,51.76289],[-10.16836,51.75958],[-10.22923,51.77747],[-10.1775,51.80251],[-10.2092,51.84084],[-10.18836,51.85458],[-10.24997,51.84292],[-10.27753,51.80664],[-10.34497,51.78208],[-10.35917,51.79831],[-10.33922,51.80578],[-10.33916,51.84164],[-10.40422,51.84334],[-10.39506,51.88622],[-10.30167,51.89626],[-10.27842,51.91289],[-10.25589,51.90247],[-10.2825,51.92998],[-10.23258,51.94833],[-10.28003,51.93709],[-10.285,51.94958],[-10.32584,51.95164],[-10.2692,51.965],[-10.26003,51.99125],[-10.21841,51.98792],[-10.13506,52.02875],[-10.0,52.04625],[-9.97173,52.09039],[-9.97589,52.05667],[-9.94006,52.07872],[-9.92836,52.06538],[-9.93916,52.08581],[-9.90591,52.11336],[-9.90586,52.13837],[-9.89664,52.10953],[-9.81833,52.13203],[-9.77339,52.12459],[-9.80422,52.14166],[-9.75919,52.15664],[-9.86839,52.15789],[-9.97003,52.14128],[-9.94006,52.10539],[-9.99169,52.14286],[-10.19503,52.10455],[-10.20839,52.13292],[-10.22342,52.11539],[-10.25166,52.11458],[-10.28833,52.13789],[-10.31586,52.12747],[-10.26836,52.11128],[-10.32833,52.11044],[-10.365,52.12955],[-10.38089,52.11828],[-10.35005,52.10458],[-10.45667,52.09289],[-10.48256,52.10747],[-10.4642,52.12167],[-10.48417,52.14748],[-10.44419,52.17166],[-10.47755,52.17831],[-10.4117,52.20711],[-10.41922,52.1833],[-10.37753,52.17164],[-10.36342,52.23541],[-10.31172,52.23875],[-10.29672,52.25706],[-10.21336,52.27119],[-10.18169,52.29122],[-10.15747,52.28748],[-10.14922,52.25997],[-10.18333,52.23039],[-10.08833,52.24706],[-10.03755,52.28247],[-10.06089,52.30914],[-10.03003,52.30292],[-10.02006,52.31372],[-10.02583,52.2675],[-9.95834,52.23203],[-9.86839,52.23541],[-9.82342,52.26125],[-9.84086,52.24914],[-9.82669,52.24292],[-9.72425,52.2575],[-9.77842,52.27373],[-9.87922,52.27417],[-9.88925,52.30167],[-9.86583,52.29497],[-9.8717,52.28044],[-9.83589,52.30078],[-9.87419,52.30251],[-9.82922,52.31333],[-9.83836,52.32372],[-9.85255,52.31084],[-9.83422,52.38078],[-9.94167,52.40208],[-9.94922,52.41827],[-9.91336,52.43208],[-9.83006,52.43289],[-9.71167,52.48128],[-9.635,52.46953],[-9.65503,52.48958],[-9.69089,52.48583],[-9.68247,52.54664],[-9.62339,52.58122],[-9.50003,52.57039],[-9.47089,52.56],[-9.48092,52.56664],[-9.43506,52.58456],[-9.3633,52.59039],[-9.37339,52.57289],[-9.29664,52.57122],[-9.12503,52.61458],[-9.09003,52.61542],[-9.0583,52.59539],[-9.08581,52.61581],[-9.06503,52.63628],[-9.05833,52.61372],[-9.02505,52.62875],[-8.98172,52.60961],[-8.99841,52.63705],[-8.95502,52.65961],[-8.8167,52.66872],[-8.7867,52.64041],[-8.80086,52.65994],[-8.75,52.67289],[-8.69756,52.65327],[-8.71,52.67289],[-8.79,52.67706],[-8.80833,52.69205],[-8.83675,52.68456],[-8.88339,52.69792],[-8.91339,52.68042],[-8.92333,52.69041],[-8.9675,52.68417],[-8.96589,52.70084],[-8.9325,52.71167],[-8.9575,52.72914],[-8.94083,52.73753],[-8.97919,52.75333],[-8.94589,52.77081],[-8.955,52.78795],[-8.96508,52.76706],[-9.05417,52.7425],[-9.03584,52.74497],[-9.03253,52.7308],[-9.07755,52.67166],[-9.10592,52.66747],[-9.16666,52.61625],[-9.25333,52.61872],[-9.26419,52.5983],[-9.31164,52.58623],[-9.34089,52.59914],[-9.27167,52.63872],[-9.41497,52.60205],[-9.47833,52.61539],[-9.49167,52.63458],[-9.53253,52.63081],[-9.54342,52.6662],[-9.59167,52.66705],[-9.54755,52.63997],[-9.60339,52.61792],[-9.70167,52.61206],[-9.69836,52.58125],[-9.74175,52.58625],[-9.80836,52.56372],[-9.94089,52.55747],[-9.87997,52.58958],[-9.8092,52.60411],[-9.69505,52.67375],[-9.65334,52.67873],[-9.66248,52.6925],[-9.61919,52.71584],[-9.63583,52.72747],[-9.61,52.74375],[-9.5517,52.75122],[-9.52672,52.73289],[-9.53083,52.745],[-9.49592,52.75331],[-9.50253,52.77086],[-9.47589,52.77919],[-9.49419,52.80914],[-9.43417,52.83414],[-9.45089,52.8483],[-9.43586,52.88078],[-9.35583,52.91667],[-9.36256,52.94164],[-9.40339,52.93125],[-9.47339,52.93042],[-9.47916,52.94083],[-9.43256,52.96745],[-9.3975,53.00497],[-9.40755,53.02],[-9.36086,53.07164],[-9.31247,53.09084],[-9.27084,53.15083],[-9.17003,53.13372],[-9.18083,53.12664],[-9.15175,53.11623],[-9.09666,53.14041],[-9.07339,53.12042],[-9.09336,53.14453],[-9.13753,53.14831],[-9.05672,53.15619],[-9.00839,53.13875],[-9.0,53.15375],[-9.0575,53.16333],[-8.96836,53.17456],[-8.98586,53.1608],[-8.93003,53.13875],[-8.95422,53.16997],[-8.93089,53.19498],[-8.95419,53.18997],[-8.87917,53.20828],[-8.91092,53.20998],[-8.88834,53.22872],[-8.92831,53.20953],[-8.9825,53.20831],[-8.97005,53.20122],[-9.01583,53.21164],[-8.97669,53.21205],[-8.99419,53.21669],[-8.98003,53.22206],[-9.04836,53.21539],[-8.95006,53.23375],[-9.00583,53.22997],[-8.96081,53.24083],[-8.99086,53.245],[-8.9325,53.26753],[-8.99333,53.25955],[-9.04336,53.26541],[-9.035,53.27705],[-9.11166,53.24625],[-9.11503,53.25623],[-9.17,53.24292],[-9.36664,53.24042],[-9.52834,53.21956],[-9.55756,53.23581],[-9.55092,53.25997],[-9.56172,53.24959],[-9.5725,53.26337],[-9.54422,53.27914],[-9.56003,53.28706],[-9.58752,53.23661],[-9.61675,53.23042],[-9.63417,53.25083],[-9.60083,53.28914],[-9.62583,53.32417],[-9.58006,53.31708],[-9.57175,53.34458],[-9.5575,53.31244],[-9.55083,53.34167],[-9.60083,53.35744],[-9.56164,53.38123],[-9.61258,53.37828],[-9.59747,53.33498],[-9.63172,53.32869],[-9.6675,53.33752],[-9.62758,53.34583],[-9.65086,53.3525],[-9.6275,53.37336],[-9.65005,53.36958],[-9.63758,53.38414],[-9.65669,53.38455],[-9.71416,53.3558],[-9.6992,53.35081],[-9.7325,53.30753],[-9.77834,53.29124],[-9.8167,53.31958],[-9.82503,53.30708],[-9.86839,53.32956],[-9.87164,53.31125],[-9.90916,53.32417],[-9.87922,53.35081],[-9.89423,53.36583],[-9.79086,53.38667],[-9.78919,53.405],[-9.82414,53.40419],[-9.80497,53.41539],[-9.88414,53.39081],[-9.89089,53.41164],[-9.84169,53.42706],[-9.87,53.43205],[-9.88664,53.41458],[-9.90591,53.42247],[-9.92089,53.38583],[-9.95667,53.38042],[-9.95839,53.36706],[-9.97169,53.38206],[-10.03336,53.38372],[-10.03917,53.40662],[-10.07672,53.42203],[-10.12172,53.40039],[-10.15342,53.42042],[-10.18414,53.40828],[-10.13339,53.45795],[-10.09,53.43711],[-10.03917,53.46083],[-10.0925,53.46664],[-10.08503,53.48956],[-10.04753,53.4783],[-10.0267,53.48788],[-10.14256,53.5108],[-10.10756,53.51247],[-10.13836,53.52211],[-10.04581,53.50999],[-10.13667,53.52292],[-10.15,53.54208],[-10.2025,53.545],[-10.19172,53.55708],[-10.15839,53.55375],[-10.15172,53.56622],[-10.09003,53.55373],[-10.13255,53.57417],[-10.10339,53.57706],[-10.015,53.56705],[-10.00336,53.54456],[-9.96086,53.55333],[-10.00422,53.5575],[-9.96922,53.5708],[-10.025,53.57622],[-10.05175,53.61039],[-9.93672,53.59789],[-9.90339,53.61458],[-9.85252,53.60997],[-9.88172,53.62456],[-9.79002,53.59375],[-9.70006,53.59458],[-9.67416,53.60834],[-9.79,53.60208],[-9.91583,53.6525],[-9.90755,53.76337],[-9.78172,53.78206],[-9.72,53.77542],[-9.66,53.79539],[-9.66008,53.78122],[-9.61839,53.77792],[-9.55086,53.8008],[-9.60005,53.80211],[-9.63092,53.82249],[-9.60089,53.83331],[-9.62247,53.83247],[-9.61669,53.84625],[-9.56922,53.84666],[-9.59419,53.85914],[-9.55922,53.8575],[-9.60592,53.86583],[-9.55589,53.87497],[-9.59417,53.87747],[-9.55753,53.88917],[-9.57672,53.90125],[-9.58997,53.88794],[-9.65506,53.88622],[-9.65836,53.89873],[-9.74836,53.90042],[-9.74836,53.89041],[-9.7867,53.90375],[-9.86169,53.86625],[-9.94756,53.8708],[-9.90417,53.9325],[-9.92253,53.93167],[-9.91,53.95619],[-9.80505,53.94958],[-9.81758,53.92747],[-9.79922,53.91248],[-9.80586,53.97081],[-9.82919,53.96581],[-9.82571,53.95342],[-9.85423,53.96414],[-9.85258,53.9933],[-9.8308,53.98914],[-9.9,54.02122],[-9.90086,54.00752],[-9.91422,54.03333],[-9.8975,54.0625],[-9.87341,54.05208],[-9.8475,54.06664],[-9.8825,54.0692],[-9.84419,54.09],[-9.86747,54.1025],[-9.83256,54.10497],[-9.8375,54.1183],[-9.84503,54.10622],[-9.8825,54.11078],[-9.90339,54.06622],[-9.97919,54.05914],[-9.9967,54.10042],[-9.90581,54.11501],[-9.9675,54.14],[-9.96175,54.15208],[-9.92914,54.15],[-9.9925,54.17751],[-9.95839,54.17042],[-9.92586,54.19083],[-9.95836,54.19038],[-10.00164,54.22292],[-10.03086,54.21164],[-10.01419,54.17914],[-10.05497,54.18706],[-10.04417,54.16747],[-10.09753,54.155],[-10.06086,54.14336],[-10.0975,54.11328],[-10.06758,54.09414],[-10.08836,54.08289],[-10.12833,54.08955],[-10.13253,54.12581],[-10.09247,54.17664],[-10.10425,54.195],[-10.06258,54.22163],[-10.11422,54.24081],[-10.0725,54.23167],[-10.10086,54.24333],[-10.08922,54.26747],[-10.00836,54.30292],[-9.96339,54.26872],[-9.93422,54.26753],[-9.94006,54.24625],[-9.93,54.27122],[-9.92008,54.25958],[-9.89252,54.265],[-9.92089,54.225],[-9.95167,54.21706],[-9.9892,54.24667],[-9.96667,54.21208],[-9.88336,54.21455],[-9.89005,54.23122],[-9.85416,54.22081],[-9.88756,54.25583],[-9.84666,54.27794],[-9.82,54.28039],[-9.75672,54.24959],[-9.74425,54.25497],[-9.80672,54.27559],[-9.80997,54.29124],[-9.77086,54.28084],[-9.795,54.29375],[-9.86919,54.30083],[-9.86175,54.32205],[-9.78506,54.34039],[-9.78836,54.32872],[-9.76006,54.33542],[-9.66836,54.31125],[-9.63164,54.32378],[-9.55997,54.30956],[-9.50336,54.31705],[-9.40511,54.30711],[-9.38667,54.29211],[-9.35164,54.32542],[-9.27175,54.30789],[-9.26089,54.27],[-9.22334,54.28539],[-9.21255,54.27747],[-9.22089,54.24664],[-9.27092,54.22417],[-9.19922,54.2425],[-9.22916,54.21414],[-9.1625,54.19661],[-9.14508,54.13705],[-9.11919,54.19667],[-9.14259,54.20167],[-9.10083,54.21083],[-9.05839,54.29122],[-8.93669,54.28958],[-8.83675,54.25039],[-8.76508,54.27702],[-8.73339,54.26036],[-8.66341,54.26788],[-8.58839,54.20453],[-8.58167,54.21455],[-8.51842,54.21123],[-8.57841,54.2287],[-8.61,54.25706],[-8.63255,54.2525],[-8.61836,54.28122],[-8.48258,54.27408],[-8.52502,54.29789],[-8.58089,54.30164],[-8.57841,54.33456],[-8.535,54.31203],[-8.51083,54.32494],[-8.60005,54.3387],[-8.6517,54.31783],[-8.6842,54.35742],[-8.57836,54.38705],[-8.57336,54.40708],[-8.51256,54.42078],[-8.56758,54.39833],[-8.55008,54.38953],[-8.49419,54.41658],[-8.47173,54.46786],[-8.43333,54.45119],[-8.29005,54.47458],[-8.26342,54.5062],[-8.20414,54.4975],[-8.27586,54.5225],[-8.21756,54.54581],[-8.22916,54.56911],[-8.1725,54.59334],[-8.17589,54.61995],[-8.14086,54.60247],[-8.12083,54.62914],[-8.15083,54.62828],[-8.11586,54.64914],[-8.1683,54.62539],[-8.17336,54.64372],[-8.30333,54.59786],[-8.27922,54.63242],[-8.295,54.64288],[-8.46841,54.56453],[-8.45419,54.58495],[-8.38425,54.60914],[-8.39336,54.63203],[-8.44342,54.61036],[-8.43172,54.64539],[-8.4817,54.60036],[-8.48178,54.63289],[-8.59511,54.60289],[-8.64845,54.64288],[-8.63586,54.61828],[-8.68672,54.6162],[-8.70003,54.63869],[-8.79919,54.65744],[-8.78919,54.68661],[-8.81091,54.69914],[-8.74178,54.70869],[-8.75256,54.73578],[-8.65178,54.77033],[-8.44086,54.75414],[-8.55759,54.78162],[-8.48669,54.7887],[-8.44175,54.76202],[-8.42089,54.77078],[-8.56925,54.82578],[-8.51675,54.82706],[-8.49664,54.84622],[-8.45336,54.83705],[-8.40511,54.85036],[-8.34172,54.83205],[-8.32417,54.84081],[-8.38509,54.84786],[-8.39594,54.87578],[-8.32664,54.87119],[-8.31589,54.88577],[-8.34753,54.88831],[-8.35003,54.90539],[-8.38753,54.90164],[-8.38836,54.87955],[-8.46259,54.90911],[-8.46005,54.94289],[-8.43839,54.93286],[-8.37089,54.94664],[-8.42089,54.95744],[-8.45247,55.00414],[-8.40334,55.00372],[-8.40092,55.0408],[-8.35333,55.03875],[-8.33342,55.06538],[-8.3317,55.01955],[-8.32506,55.04292],[-8.27589,55.0358],[-8.32586,55.04836],[-8.30583,55.05583],[-8.32917,55.08747],[-8.29581,55.08333],[-8.32089,55.11253],[-8.28925,55.15669],[-8.16842,55.14455],[-8.17414,55.14164],[-8.14164,55.11955],[-8.12419,55.1575],[-8.02258,55.17578],[-8.02092,55.21167],[-7.98505,55.2262],[-7.94089,55.20831],[-7.98422,55.18414],[-7.93342,55.17875],[-7.90675,55.19122],[-7.88086,55.17159],[-7.91422,55.15414],[-7.85416,55.16331],[-7.90586,55.13245],[-7.87675,55.14369],[-7.8567,55.12703],[-7.82755,55.18],[-7.87253,55.19833],[-7.86928,55.22833],[-7.82336,55.22458],[-7.79008,55.25542],[-7.81927,55.19749],[-7.80761,55.17747],[-7.76672,55.18703],[-7.71425,55.16578],[-7.69094,55.14328],[-7.71425,55.10078],[-7.69678,55.09872],[-7.66922,55.15828],[-7.71761,55.19167],[-7.70589,55.22328],[-7.72589,55.21664],[-7.71339,55.16789],[-7.75259,55.18911],[-7.73758,55.19331],[-7.77175,55.18869],[-7.80094,55.21328],[-7.75589,55.23663],[-7.76178,55.25623],[-7.71172,55.24709],[-7.69678,55.26369],[-7.63428,55.27658],[-7.60423,55.23328],[-7.62425,55.19994],[-7.57259,55.17998],[-7.52089,55.12411],[-7.53428,55.09328],[-7.64259,55.045],[-7.57675,55.05456],[-7.55922,55.0358],[-7.64264,54.99661],[-7.68764,54.94994],[-7.64008,54.97203],[-7.64425,54.95747],[-7.63011,54.96205],[-7.59675,54.99706],[-7.47425,55.04664],[-7.52922,55.05747],[-7.52092,55.08331],[-7.45758,55.06414],[-7.48425,55.08747],[-7.46425,55.13664],[-7.55922,55.19664],[-7.52092,55.23914],[-7.52758,55.2858],[-7.47506,55.28122],[-7.46839,55.29619],[-7.43503,55.2795],[-7.36339,55.31789],[-7.30756,55.29414],[-7.34839,55.28372],[-7.2542,55.27911],[-7.33589,55.31244],[-7.35091,55.35744],[-7.4025,55.37497],[-7.38842,55.38123],[-7.19178,55.34622],[-7.16008,55.29292],[-6.92253,55.23663],[-6.95509,55.20792],[-7.15925,55.14661],[-7.31503,55.0062],[-7.25669,55.04372],[-7.23666,55.04036],[-7.22675,55.06036],[-7.14841,55.05789],[-7.13175,55.04205],[-7.04428,55.05251],[-7.01425,55.07667],[-7.01922,55.10247],[-6.97753,55.105],[-6.99914,55.11083],[-6.96672,55.19458],[-6.89005,55.16875],[-6.75003,55.16042],[-6.76922,55.16664],[-6.66167,55.20042],[-6.66673,55.21292],[-6.54667,55.21706],[-6.48336,55.25208],[-6.40842,55.23206],[-6.36672,55.24625],[-6.23333,55.20458],[-6.14172,55.22786],[-6.06253,55.19917],[-6.02589,55.16333],[-6.05581,55.06164],[-5.96081,55.04913],[-5.98753,54.98164],[-5.91753,54.96081],[-5.79758,54.85081],[-5.80753,54.82581],[-5.74919,54.81583],[-5.72506,54.77289],[-5.73417,54.8083],[-5.79258,54.84995],[-5.72506,54.84625],[-5.69086,54.80664],[-5.70756,54.7458],[-5.88917,54.6758],[-5.91253,54.625],[-5.88589,54.63083],[-5.90914,54.6133],[-5.74006,54.67622],[-5.67006,54.6637],[-5.63003,54.67958],[-5.58172,54.67622],[-5.52925,54.64166],[-5.52253,54.60161],[-5.47425,54.56247],[-5.46247,54.49747],[-5.43089,54.48412],[-5.43753,54.45414],[-5.47583,54.42836],[-5.45925,54.38164],[-5.48758,54.37503],[-5.50506,54.32956],[-5.58083,54.3975],[-5.57753,54.41994],[-5.53416,54.4308],[-5.53748,54.45914],[-5.55922,54.45578],[-5.53083,54.46916],[-5.56091,54.53003],[-5.58505,54.52203],[-5.5975,54.54664],[-5.68253,54.58081],[-5.69422,54.545],[-5.72081,54.53748],[-5.62914,54.51331],[-5.64336,54.49792],[-5.61753,54.505],[-5.64172,54.49375],[-5.65,54.51119],[-5.67419,54.50748],[-5.67089,54.49167],[-5.63753,54.48663],[-5.64247,54.45087],[-5.62422,54.45503],[-5.64083,54.39664],[-5.68256,54.36997],[-5.65172,54.36369],[-5.57169,54.38125],[-5.52414,54.30917],[-5.61172,54.24458],[-5.64086,54.25667],[-5.66172,54.22206],[-5.68836,54.24792],[-5.82003,54.24039],[-5.83583,54.25331],[-5.81756,54.25667],[-5.82089,54.28],[-5.84922,54.25078],[-5.82917,54.23994],[-5.8875,54.20578],[-5.86914,54.16997],[-5.89417,54.1033],[-6.06008,54.02286],[-6.10922,54.04],[-6.07758,54.04997],[-6.09678,54.06287],[-6.16673,54.06619],[-6.20003,54.09622],[-6.27842,54.10789],[-6.18339,54.04202],[-6.13089,54.03411],[-6.1025,53.99747],[-6.13836,53.97789],[-6.23672,53.98289],[-6.31503,54.01205],[-6.35345,54.01039],[-6.36839,54.02956],[-6.36089,54.01331],[-6.39917,54.01334],[-6.3392,53.99667],[-6.37759,53.95167],[-6.36592,53.89748],[-6.33334,53.87625],[-6.23758,53.85997],[-6.25914,53.80498],[-6.21589,53.79417],[-6.24756,53.7583],[-6.24422,53.71997],[-6.27336,53.73456],[-6.33916,53.71411],[-6.25719,53.72569],[-6.21416,53.63248],[-6.14506,53.58456],[-6.0975,53.5825],[-6.07914,53.55247],[-6.07747,53.51666],[-6.17091,53.49917],[-6.12508,53.49706],[-6.12362,53.50623],[-6.09589,53.49001],[-6.12928,53.45661],[-6.14919,53.45334],[-6.13422,53.46667],[-6.1517,53.47292],[-6.20417,53.4625],[-6.12086,53.44081],[-6.11422,53.39914],[-6.13834,53.41708],[-6.13255,53.40331],[-6.04586,53.38167],[-6.0525,53.35916],[-6.08336,53.35872],[-6.12669,53.38539],[-6.18166,53.35709],[-6.23258,53.35661],[-6.20255,53.34998],[-6.22506,53.34292],[-6.17589,53.33914],[-6.19003,53.32709],[-6.21422,53.33667],[-6.20414,53.31416],[-6.09086,53.27078],[-6.11092,53.25745],[-6.10753,53.22169],[-6.0375,53.10417],[-6.04922,52.99664],[-5.99416,52.9675],[-6.0592,52.88336],[-6.05753,52.85916],[-6.10255,52.84167],[-6.1425,52.79916],[-6.14083,52.73581],[-6.22591,52.64914],[-6.19419,52.5625],[-6.35416,52.40916],[-6.35586,52.34666],[-6.42503,52.36458],[-6.45664,52.34375],[-6.46839,52.37791],[-6.50753,52.35419],[-6.44756,52.33],[-6.43172,52.27708],[-6.42919,52.30414],[-6.40175,52.28789],[-6.36583,52.33414],[-6.38583,52.27],[-6.31425,52.24083],[-6.36172,52.17119],[-6.49506,52.18872],[-6.43916,52.19753],[-6.48505,52.21125],[-6.48839,52.19292],[-6.59006,52.16872],[-6.63672,52.19792],[-6.70039,52.21339],[-6.63333,52.20209],[-6.6517,52.22206],[-6.79089,52.20331],[-6.80925,52.21919],[-6.79086,52.2133],[-6.75586,52.24747],[-6.76331,52.26372],[-6.78,52.24292],[-6.83752,52.2325],[-6.8492,52.20661],[-6.80917,52.21164],[-6.83747,52.18916],[-6.82086,52.19081],[-6.82414,52.17333],[-6.87839,52.16125],[-6.92672,52.12209],[-6.90256,52.155],[-6.90586,52.1992],[-6.96833,52.24123],[-6.98422,52.18828],[-6.95084,52.1767],[-7.02502,52.13125],[-7.10839,52.12622],[-7.07086,52.1683],[-7.12339,52.16875],[-7.09086,52.15002],[-7.14836,52.15791],[-7.17172,52.13622],[-7.21839,52.12958],[-7.29667,52.13959],[-7.43,52.12955],[-7.53833,52.09875],[-7.555,52.07622],[-7.58669,52.10539],[-7.61333,52.08708],[-7.64336,52.10545],[-7.61916,52.08997],[-7.6425,52.06084],[-7.60917,52.06414],[-7.61003,52.08289],[-7.59006,52.05206],[-7.53917,52.05331],[-7.57592,52.03411],[-7.58752,51.9933],[-7.70509,51.97206],[-7.72753,51.955],[-7.71416,51.94167],[-7.73669,51.93791],[-7.77839,51.95125],[-7.83339,51.93953],[-7.84089,51.95667],[-7.82092,51.9675],[-7.88667,51.99292],[-7.84586,51.9425],[-7.88834,51.91042],[-7.91167,51.91869],[-7.93589,51.90584],[-7.90839,51.90872],[-7.86922,51.88164],[-8.0,51.85872]]]}},{"type":"Feature","properties":{"kind":"land","level":1},"geometry":{"type":"Polygon","coordinates":[[[12.0,54.99567],[11.91991,54.99872],[11.90086,54.97411],[11.87083,54.94827],[11.89083,54.92162],[11.91911,54.91664],[11.92664,54.93958],[11.97825,54.93622],[11.98908,54.90164],[12.0,54.90037],[12.0,54.71436],[11.97745,54.69833],[11.97166,54.55705],[11.91744,54.57414],[11.86908,54.64753],[11.90916,54.71667],[11.86919,54.72586],[11.88245,54.74744],[11.86075,54.77417],[11.79411,54.80747],[11.80581,54.84334],[11.75406,54.85503],[11.74742,54.92751],[11.70586,54.92998],[11.74664,54.9612],[11.80331,54.93709],[11.82158,54.96709],[11.86491,54.95289],[11.88753,54.99831],[11.80161,55.03955],[11.61408,55.08161],[11.8233,55.04286],[11.80581,55.07249],[11.76836,55.08625],[11.77747,55.07578],[11.75825,55.07709],[11.75908,55.09334],[11.71575,55.11497],[11.72334,55.12958],[11.75831,55.11955],[11.77497,55.13286],[11.80497,55.12875],[11.81084,55.14831],[11.71411,55.15666],[11.74,55.18539],[11.68578,55.17413],[11.70325,55.20372],[11.74078,55.19667],[11.72,55.20792],[11.68664,55.20792],[11.64328,55.17706],[11.49333,55.19705],[11.43667,55.21869],[11.37334,55.19792],[11.31997,55.21036],[11.31583,55.19747],[11.34494,55.19208],[11.25908,55.20169],[11.23241,55.24414],[11.27827,55.23541],[11.28909,55.25164],[11.26659,55.23875],[11.24161,55.24789],[11.2308,55.28833],[11.09081,55.3475],[11.10995,55.37039],[11.15158,55.36955],[11.21584,55.39831],[11.16245,55.50417],[11.12156,55.53125],[11.11169,55.51208],[11.0775,55.51586],[11.09158,55.53708],[11.13911,55.53745],[11.15911,55.56084],[11.14586,55.59669],[11.06667,55.64125],[10.92919,55.6683],[11.08,55.66036],[11.10247,55.675],[11.07503,55.68122],[11.07669,55.67042],[10.99,55.72703],[10.91669,55.72872],[10.86583,55.74577],[10.9567,55.75206],[11.0583,55.73372],[11.17997,55.75536],[11.20167,55.73289],[11.22495,55.74875],[11.265,55.73122],[11.28831,55.75625],[11.30497,55.74706],[11.34666,55.75706],[11.38247,55.77997],[11.37742,55.82831],[11.35419,55.84331],[11.39661,55.83211],[11.50414,55.8533],[11.53244,55.88583],[11.52081,55.93167],[11.30158,55.97625],[11.2767,56.01208],[11.38664,55.96875],[11.51994,55.95291],[11.59497,55.96289],[11.63825,55.93953],[11.70825,55.94875],[11.77997,55.97872],[11.79583,55.95],[11.75917,55.94083],[11.75411,55.90414],[11.71581,55.90253],[11.71825,55.93039],[11.6725,55.9125],[11.67078,55.88747],[11.71245,55.86333],[11.73241,55.815],[11.71497,55.80625],[11.66989,55.81705],[11.61417,55.78416],[11.64997,55.77292],[11.73331,55.79619],[11.77245,55.74497],[11.65661,55.73206],[11.65242,55.72086],[11.77578,55.72914],[11.81253,55.68333],[11.77497,55.65791],[11.80583,55.66167],[11.83164,55.69208],[11.83586,55.6833],[11.87586,55.73666],[11.84917,55.75497],[11.86244,55.79666],[11.8967,55.81705],[11.93497,55.81792],[11.96086,55.84497],[11.90578,55.91833],[11.9117,55.93622],[11.94328,55.93456],[12.0,55.91575],[12.0,55.73009],[11.98914,55.7375],[11.92911,55.65331],[11.955,55.67542],[11.9958,55.67917],[11.99331,55.70622],[12.0,55.7035],[12.0,54.99567]]]}},{"type":"Feature","properties":{"kind":"land","level":1},"geometry":{"type":"Polygon","coordinates":[[[12.0,55.96389],[11.97994,55.96709],[11.88825,55.94122],[11.85411,55.9458],[11.84245,55.96834],[12.0,56.03432],[12.0,55.96389]]]}},{"type":"Feature","properties":{"kind":"land","level":1},"geometry":{"type":"Polygon","coordinates":[[[10.0,55.53947],[10.0033,55.54031],[10.22667,55.60367],[10.28833,55.6095],[10.28255,55.58325],[10.31331,55.58453],[10.29417,55.62073],[10.31831,55.622],[10.49494,55.547],[10.49747,55.53162],[10.47083,55.52908],[10.50417,55.49828],[10.4425,55.47825],[10.42744,55.43989],[10.47166,55.43869],[10.49747,55.45161],[10.48331,55.47283],[10.52664,55.46619],[10.62414,55.48994],[10.61925,55.50491],[10.56583,55.51991],[10.59003,55.53369],[10.62917,55.51908],[10.59422,55.58495],[10.60164,55.59622],[10.62666,55.56039],[10.62747,55.58742],[10.58414,55.61745],[10.62089,55.62331],[10.75089,55.48077],[10.66,55.44872],[10.58498,55.46033],[10.5408,55.44325],[10.57503,55.42286],[10.585,55.45622],[10.685,55.44119],[10.85748,55.29414],[10.82664,55.28456],[10.79339,55.30786],[10.74744,55.29825],[10.79089,55.28992],[10.81586,55.20161],[10.74583,55.0675],[10.61994,55.06039],[10.51164,55.02536],[10.39161,55.04533],[10.37161,55.06453],[10.35833,55.05119],[10.32169,55.05286],[10.22828,55.09869],[10.20995,55.05869],[10.13167,55.08952],[10.07497,55.07536],[10.08331,55.10703],[10.17419,55.12828],[10.10997,55.18947],[10.05333,55.17536],[10.0,55.1995],[9.98753,55.17753],[10.04408,55.12991],[10.01994,55.12036],[9.97745,55.13248],[9.98244,55.20998],[9.92497,55.21875],[9.88747,55.24248],[9.87575,55.34084],[9.89586,55.34],[9.87331,55.35792],[9.84161,55.35039],[9.78578,55.3633],[9.78664,55.37625],[9.83908,55.3833],[9.78753,55.41083],[9.82745,55.42084],[9.74492,55.43375],[9.71741,55.47161],[9.82161,55.43456],[9.8158,55.45411],[9.78328,55.45456],[9.7908,55.46417],[9.74836,55.47128],[9.6775,55.51664],[9.74825,55.50789],[9.75747,55.54414],[9.82494,55.55539],[9.8525,55.55003],[9.85753,55.51744],[9.89159,55.51042],[9.94158,55.51205],[10.0,55.53947]]]}},{"type":"Feature","properties":{"kind":"land","level":1},"geometry":{"type":"Polygon","coordinates":[[[-6.9017,57.94958],[-7.0,57.96042],[-7.08916,57.99419],[-7.11425,57.98914],[-7.08505,58.02126],[-7.05678,58.00958],[-7.0267,58.03456],[-6.93755,58.0508],[-7.05006,58.03622],[-7.06416,58.04581],[-7.02084,58.055],[-7.05925,58.05498],[-7.02919,58.08081],[-7.08336,58.06287],[-7.13592,58.12417],[-7.09086,58.16411],[-7.09669,58.18875],[-7.04503,58.17542],[-7.00917,58.18494],[-7.03175,58.20042],[-7.03997,58.18872],[-7.06586,58.19747],[-7.04919,58.23331],[-7.02341,58.24542],[-7.02336,58.23292],[-6.97005,58.22122],[-6.95836,58.23628],[-6.91253,58.2175],[-6.91172,58.20375],[-6.95258,58.20167],[-6.89425,58.18833],[-6.86669,58.12202],[-6.87753,58.19],[-6.86164,58.18289],[-6.83256,58.205],[-6.87086,58.21083],[-6.85255,58.22581],[-6.87003,58.24123],[-6.86095,58.22498],[-6.87756,58.23087],[-6.88836,58.26042],[-6.84511,58.2562],[-6.83669,58.23622],[-6.78423,58.22247],[-6.78506,58.20042],[-6.82589,58.20414],[-6.74834,58.19292],[-6.71672,58.17039],[-6.70914,58.18584],[-6.76086,58.19997],[-6.74083,58.21247],[-6.8092,58.25417],[-6.81758,58.27081],[-6.78756,58.27834],[-6.82758,58.28416],[-6.80586,58.30414],[-6.75669,58.30705],[-6.64997,58.35542],[-6.63834,58.34458],[-6.54839,58.36623],[-6.52089,58.39583],[-6.25336,58.51544],[-6.18083,58.46667],[-6.19422,58.44745],[-6.1675,58.41827],[-6.21584,58.36833],[-6.16256,58.34331],[-6.19925,58.33914],[-6.23922,58.29831],[-6.28083,58.29253],[-6.28089,58.27078],[-6.32589,58.26414],[-6.32589,58.24001],[-6.37589,58.225],[-6.33675,58.22789],[-6.28497,58.20872],[-6.16344,58.26459],[-6.13583,58.255],[-6.15923,58.21587],[-6.22836,58.18205],[-6.29831,58.20541],[-6.35167,58.18872],[-6.39008,58.21292],[-6.36583,58.15337],[-6.42083,58.13914],[-6.36833,58.14455],[-6.36916,58.1317],[-6.49006,58.14291],[-6.4275,58.12164],[-6.46178,58.10372],[-6.58083,58.09],[-6.43005,58.09209],[-6.40005,58.11206],[-6.39581,58.08583],[-6.37592,58.09],[-6.37089,58.04994],[-6.43755,58.04913],[-6.3558,58.03833],[-6.38839,58.00039],[-6.46005,58.01872],[-6.58083,58.00414],[-6.45414,57.99414],[-6.46756,57.93831],[-6.51833,57.92706],[-6.54503,57.95541],[-6.53586,57.91997],[-6.57175,57.92375],[-6.57003,57.90956],[-6.64005,57.9612],[-6.60423,57.9175],[-6.65923,57.92247],[-6.71255,57.98416],[-6.7125,58.01581],[-6.66836,58.04958],[-6.75586,58.005],[-6.71919,57.96414],[-6.73922,57.95331],[-6.70839,57.95544],[-6.67086,57.92331],[-6.71086,57.91497],[-6.66922,57.9008],[-6.66422,57.88167],[-6.79925,57.89661],[-6.78419,57.87997],[-6.81086,57.88],[-6.80258,57.86833],[-6.7675,57.86583],[-6.73581,57.82664],[-6.795,57.83286],[-6.79336,57.80539],[-6.85003,57.82875],[-6.83427,57.815],[-6.84503,57.80292],[-6.86092,57.81084],[-6.85675,57.79292],[-6.88084,57.79919],[-6.87083,57.77336],[-6.91164,57.78208],[-6.89917,57.76334],[-6.93086,57.76167],[-6.94172,57.73961],[-6.97753,57.74248],[-6.96836,57.72708],[-7.13253,57.83664],[-7.08,57.83208],[-7.07167,57.81206],[-7.07506,57.82289],[-6.99919,57.84663],[-6.99506,57.86872],[-6.90753,57.86997],[-6.96081,57.8875],[-6.94667,57.90456],[-6.81586,57.90164],[-6.85753,57.91661],[-6.84836,57.93203],[-6.91256,57.93664],[-6.9017,57.94958]]]}},{"type":"Feature","properties":{"kind":"land","level":1},"geometry":{"type":"Polygon","coordinates":[[[-6.0,57.27789],[-5.99925,57.27747],[-5.92172,57.26292],[-5.89,57.23878],[-5.74,57.27539],[-5.7092,57.26917],[-5.72839,57.26208],[-5.66006,57.26541],[-5.64753,57.25078],[-5.66758,57.20917],[-5.71169,57.18539],[-5.78345,57.16539],[-5.80592,57.17497],[-5.78592,57.13834],[-5.82339,57.10792],[-5.85081,57.11],[-5.89753,57.05664],[-6.01672,57.01955],[-6.03758,57.0558],[-6.0025,57.07414],[-5.99753,57.125],[-5.8392,57.18833],[-5.9,57.17039],[-5.98833,57.16872],[-6.03503,57.22708],[-6.02592,57.1833],[-6.08331,57.12708],[-6.11092,57.13667],[-6.11672,57.19292],[-6.16505,57.19875],[-6.17006,57.17461],[-6.32169,57.16122],[-6.28428,57.20167],[-6.34341,57.18628],[-6.38589,57.21581],[-6.34758,57.2308],[-6.3425,57.25164],[-6.35672,57.23539],[-6.40336,57.23209],[-6.48086,57.29164],[-6.48092,57.31084],[-6.42589,57.32414],[-6.42839,57.34125],[-6.34673,57.30122],[-6.30922,57.30083],[-6.40086,57.34081],[-6.39919,57.36],[-6.46,57.34042],[-6.48917,57.40334],[-6.525,57.37042],[-6.53089,57.39417],[-6.57261,57.38831],[-6.57669,57.33292],[-6.7133,57.37039],[-6.74416,57.41997],[-6.78922,57.42162],[-6.77842,57.46039],[-6.72086,57.45167],[-6.7475,57.49997],[-6.72003,57.51372],[-6.66589,57.46167],[-6.62164,57.43539],[-6.60006,57.44708],[-6.5825,57.42413],[-6.63753,57.50417],[-6.59666,57.51122],[-6.57005,57.49542],[-6.56084,57.5083],[-6.64169,57.55292],[-6.65425,57.54414],[-6.63753,57.6075],[-6.58589,57.5925],[-6.56583,57.5508],[-6.50506,57.53625],[-6.46172,57.50041],[-6.42419,57.51997],[-6.44922,57.48497],[-6.43336,57.47375],[-6.39841,57.52875],[-6.34339,57.48369],[-6.3342,57.49167],[-6.31342,57.45705],[-6.32581,57.48744],[-6.30914,57.48497],[-6.36414,57.51417],[-6.39753,57.55914],[-6.3625,57.58997],[-6.39589,57.58495],[-6.4275,57.64581],[-6.34756,57.67833],[-6.35508,57.70958],[-6.29758,57.70831],[-6.23422,57.63914],[-6.18425,57.63167],[-6.13589,57.5892],[-6.14252,57.43],[-6.19589,57.40997],[-6.19917,57.39333],[-6.18166,57.40789],[-6.13839,57.40708],[-6.12089,57.3875],[-6.14425,57.37247],[-6.09256,57.34081],[-6.0975,57.32247],[-6.11842,57.31541],[-6.05339,57.31456],[-6.03925,57.29247],[-6.08256,57.27161],[-6.02341,57.28873],[-6.0,57.27789]]]}},{"type":"Feature","properties":{"kind":"land","level":1},"geometry":{"type":"Polygon","coordinates":[[[11.00667,54.76122],[10.99825,54.82205],[11.06828,54.80038],[11.06825,54.82292],[11.08667,54.81206],[11.12742,54.83167],[11.07747,54.835],[11.06084,54.86917],[11.03,54.87039],[11.01586,54.89247],[11.07661,54.94122],[11.11992,54.93375],[11.11658,54.94955],[11.175,54.96039],[11.26497,54.95708],[11.36081,54.91664],[11.38497,54.88286],[11.46745,54.86163],[11.46664,54.84122],[11.61825,54.81122],[11.56075,54.84917],[11.6525,54.8558],[11.63411,54.90164],[11.65664,54.90205],[11.74578,54.87411],[11.74419,54.84669],[11.78911,54.83081],[11.78416,54.80502],[11.85411,54.77245],[11.86747,54.73666],[11.84661,54.72456],[11.81664,54.73206],[11.80911,54.71167],[11.86083,54.68414],[11.80833,54.64039],[11.72992,54.65125],[11.72833,54.66295],[11.715,54.65039],[11.66495,54.66622],[11.65994,54.65625],[11.56161,54.65789],[11.24825,54.70705],[11.00667,54.76122]]]}},{"type":"Feature","properties":{"kind":"land","level":1},"geometry":{"type":"Polygon","coordinates":[[[-1.34592,59.9975],[-1.346,60.0],[-1.2692,60.13583],[-1.30756,60.13499],[-1.2867,60.19708],[-1.31586,60.15997],[-1.31339,60.18625],[-1.33092,60.1658],[-1.30756,60.23497],[-1.3483,60.20209],[-1.35583,60.24414],[-1.43259,60.25578],[-1.3775,60.2375],[-1.35919,60.19502],[-1.37334,60.21042],[-1.39747,60.20164],[-1.39841,60.21792],[-1.40083,60.17998],[-1.42339,60.16542],[-1.43914,60.18584],[-1.46339,60.14706],[-1.54916,60.18833],[-1.54419,60.20383],[-1.48666,60.20544],[-1.50428,60.21169],[-1.4725,60.22163],[-1.50669,60.21628],[-1.49747,60.23247],[-1.52678,60.24375],[-1.51419,60.22997],[-1.54997,60.20125],[-1.56506,60.22872],[-1.56678,60.21375],[-1.60172,60.22125],[-1.62503,60.20625],[-1.63997,60.23042],[-1.69258,60.23663],[-1.68256,60.28081],[-1.70419,60.29083],[-1.60839,60.30959],[-1.57169,60.28958],[-1.57677,60.30458],[-1.53831,60.29622],[-1.55586,60.31],[-1.505,60.32122],[-1.47845,60.28456],[-1.46089,60.29086],[-1.4875,60.30917],[-1.45839,60.30038],[-1.44425,60.31],[-1.49422,60.32836],[-1.475,60.34292],[-1.43747,60.32914],[-1.4567,60.31875],[-1.42833,60.33038],[-1.38914,60.31583],[-1.37172,60.28706],[-1.35094,60.30498],[-1.37756,60.32414],[-1.3567,60.34622],[-1.33419,60.3383],[-1.33925,60.36078],[-1.26417,60.35247],[-1.30333,60.36955],[-1.36172,60.36955],[-1.35331,60.39461],[-1.39167,60.35286],[-1.46414,60.35664],[-1.47586,60.37661],[-1.45,60.38961],[-1.39753,60.38164],[-1.41595,60.40831],[-1.39753,60.41914],[-1.45586,60.41917],[-1.46589,60.44414],[-1.44422,60.44833],[-1.46917,60.46247],[-1.43425,60.4733],[-1.46586,60.46916],[-1.455,60.49123],[-1.49836,60.45538],[-1.49675,60.48544],[-1.55672,60.49123],[-1.61508,60.47456],[-1.6375,60.48581],[-1.61172,60.51039],[-1.56253,60.50583],[-1.56592,60.53917],[-1.53,60.55789],[-1.47003,60.51289],[-1.45667,60.51205],[-1.49928,60.54333],[-1.43592,60.575],[-1.41925,60.61748],[-1.33503,60.60123],[-1.34595,60.62831],[-1.31006,60.64208],[-1.3025,60.59583],[-1.33258,60.58583],[-1.31422,60.54],[-1.36589,60.52753],[-1.32256,60.52664],[-1.35756,60.51836],[-1.3225,60.5125],[-1.3525,60.48167],[-1.31678,60.49959],[-1.31084,60.48253],[-1.38092,60.39831],[-1.33089,60.41167],[-1.33009,60.43875],[-1.25919,60.4458],[-1.30589,60.46916],[-1.28,60.48875],[-1.26503,60.47292],[-1.23839,60.49545],[-1.20592,60.48669],[-1.20756,60.45917],[-1.17416,60.45917],[-1.20089,60.44583],[-1.16595,60.44417],[-1.16595,60.42164],[-1.19503,60.43122],[-1.25833,60.39955],[-1.20333,60.42039],[-1.18584,60.4158],[-1.21675,60.40294],[-1.16842,60.4162],[-1.16331,60.37958],[-1.12089,60.42831],[-1.11178,60.41624],[-1.07172,60.44792],[-1.04755,60.44083],[-1.13917,60.38499],[-1.12839,60.37209],[-1.10831,60.39461],[-1.07333,60.38953],[-1.0742,60.3575],[-1.18422,60.35169],[-1.16836,60.32462],[-1.15331,60.33878],[-1.07753,60.3242],[-1.0725,60.30414],[-1.15916,60.28164],[-1.14669,60.27042],[-1.11011,60.27794],[-1.09761,60.26167],[-1.1433,60.25958],[-1.17167,60.23878],[-1.16756,60.26083],[-1.20678,60.26786],[-1.19425,60.245],[-1.2308,60.23083],[-1.18584,60.23331],[-1.22003,60.20128],[-1.16756,60.22417],[-1.21914,60.17331],[-1.15339,60.20458],[-1.16258,60.16747],[-1.13084,60.14997],[-1.15753,60.14914],[-1.15511,60.12955],[-1.17425,60.14084],[-1.17497,60.12128],[-1.2025,60.13003],[-1.19759,60.10914],[-1.2242,60.10078],[-1.17089,60.03416],[-1.23256,60.03244],[-1.20172,59.97119],[-1.22175,59.99453],[-1.23339,59.98122],[-1.25336,59.99706],[-1.27597,59.99164],[-1.25253,59.97828],[-1.25584,59.93914],[-1.28922,59.92247],[-1.26759,59.89084],[-1.29583,59.88661],[-1.26759,59.87828],[-1.27336,59.8512],[-1.29669,59.87619],[-1.31589,59.8558],[-1.32172,59.89955],[-1.35006,59.88453],[-1.38758,59.88994],[-1.36417,59.94827],[-1.33256,59.94827],[-1.33256,59.96912],[-1.36589,59.97328],[-1.35836,59.98289],[-1.33086,59.9733],[-1.34592,59.9975]]]}},{"type":"Feature","properties":{"kind":"land","level":1},"geometry":{"type":"Polygon","coordinates":[[[-6.00175,56.58295],[-6.0,56.58289],[-5.95164,56.51958],[-5.85342,56.52039],[-5.82836,56.50703],[-5.79831,56.51541],[-5.76503,56.48792],[-5.71584,56.4825],[-5.68342,56.45125],[-5.6525,56.45583],[-5.64755,56.4292],[-5.6525,56.41578],[-5.66583,56.38997],[-5.70836,56.38625],[-5.71089,56.41167],[-5.74758,56.4108],[-5.7308,56.39661],[-5.79258,56.36578],[-5.7067,56.38458],[-5.69753,56.36833],[-5.83167,56.31039],[-5.88756,56.3175],[-5.84747,56.34911],[-5.89008,56.35372],[-5.93336,56.32042],[-5.98503,56.32289],[-6.04342,56.29289],[-6.08167,56.30122],[-6.14333,56.28378],[-6.2467,56.28795],[-6.2683,56.26375],[-6.325,56.26875],[-6.34914,56.30495],[-6.37756,56.3083],[-6.35167,56.34706],[-6.29672,56.34372],[-6.26922,56.32581],[-6.29173,56.32289],[-6.2383,56.31708],[-6.25336,56.34209],[-6.19003,56.33289],[-6.10336,56.34289],[-6.0217,56.36458],[-6.17675,56.35542],[-6.20756,56.3633],[-6.20756,56.38586],[-6.15425,56.41164],[-6.12928,56.44833],[-6.0583,56.45125],[-5.99586,56.48997],[-6.01339,56.49956],[-6.12503,56.47125],[-6.15258,56.48083],[-6.15089,56.49917],[-6.23,56.52792],[-6.28831,56.52126],[-6.33664,56.53291],[-6.34261,56.55],[-6.2825,56.57667],[-6.31919,56.57834],[-6.32589,56.605],[-6.27167,56.60205],[-6.26006,56.61372],[-6.225,56.60205],[-6.22923,56.6333],[-6.19839,56.62459],[-6.20169,56.64291],[-6.12672,56.65628],[-6.06583,56.63831],[-6.06922,56.62],[-6.00175,56.58295]]]}},{"type":"Feature","properties":{"kind":"land","level":1},"geometry":{"type":"Polygon","coordinates":[[[-4.59089,53.27997],[-4.59086,53.28164],[-4.54747,53.30411],[-4.56919,53.3008],[-4.58755,53.33083],[-4.55922,53.37247],[-4.57917,53.40334],[-4.48175,53.42289],[-4.45175,53.41458],[-4.43,53.43044],[-4.29089,53.41667],[-4.27089,53.38914],[-4.29425,53.36661],[-4.27505,53.37539],[-4.23083,53.35834],[-4.21172,53.29625],[-4.12009,53.31958],[-4.04086,53.31167],[-4.10083,53.25331],[-4.21252,53.21078],[-4.22086,53.18581],[-4.31336,53.14372],[-4.3392,53.1467],[-4.35586,53.1333],[-4.3317,53.12541],[-4.40331,53.14458],[-4.4192,53.13417],[-4.42086,53.16167],[-4.39083,53.16997],[-4.38756,53.18911],[-4.44667,53.15456],[-4.46589,53.18916],[-4.48836,53.17706],[-4.50584,53.18753],[-4.52422,53.23414],[-4.59089,53.27997]]]}},{"type":"Feature","properties":{"kind":"land","level":1},"geometry":{"type":"Polygon","coordinates":[[[9.0,63.63961],[8.99828,63.63961],[8.9642,63.62164],[8.99072,63.60997],[8.96833,63.58038],[9.01997,63.59953],[9.08833,63.60208],[9.14914,63.58163],[9.12828,63.54872],[9.16495,63.56953],[9.19739,63.56664],[9.07669,63.51456],[8.84828,63.47375],[8.80669,63.48286],[8.66,63.46789],[8.525,63.42619],[8.38658,63.42622],[8.35489,63.44456],[8.32831,63.43208],[8.2933,63.44289],[8.36408,63.45411],[8.3125,63.45416],[8.31825,63.51205],[8.25664,63.48212],[8.2375,63.48747],[8.32333,63.53545],[8.34,63.51039],[8.47,63.55952],[8.57828,63.55875],[8.49744,63.56828],[8.53,63.58789],[8.58656,63.58703],[8.54242,63.59414],[8.58659,63.61119],[8.74339,63.63289],[8.67822,63.62706],[8.66245,63.63914],[8.73172,63.64706],[8.72994,63.65789],[8.73492,63.64792],[8.79825,63.64955],[8.78164,63.65875],[8.86497,63.66542],[8.85081,63.6508],[8.87414,63.64997],[8.83253,63.64247],[8.86906,63.63837],[8.86328,63.61623],[8.91578,63.6225],[8.87244,63.62911],[8.88161,63.64542],[8.99492,63.65453],[9.0,63.63961]]]}},{"type":"Feature","properties":{"kind":"land","level":1},"geometry":{"type":"Polygon","coordinates":[[[-6.5258,55.69164],[-6.52589,55.69667],[-6.46584,55.75166],[-6.45756,55.78084],[-6.48922,55.7925],[-6.45925,55.80917],[-6.45586,55.85333],[-6.39672,55.85792],[-6.32841,55.89208],[-6.3475,55.83417],[-6.32169,55.82292],[-6.31589,55.87331],[-6.28172,55.87706],[-6.19839,55.92708],[-6.12422,55.93747],[-6.10592,55.81667],[-6.04747,55.76334],[-6.02081,55.68664],[-6.07592,55.66331],[-6.0742,55.64413],[-6.15166,55.62541],[-6.21503,55.63128],[-6.2683,55.57875],[-6.33752,55.5925],[-6.31255,55.64497],[-6.26083,55.65997],[-6.28253,55.6983],[-6.34086,55.71745],[-6.33916,55.73164],[-6.25417,55.77245],[-6.26339,55.78539],[-6.34756,55.78416],[-6.39081,55.72498],[-6.48669,55.67122],[-6.5258,55.69164]]]}},{"type":"Feature","properties":{"kind":"land","level":1},"geometry":{"type":"Polygon","coordinates":[[[-3.05253,58.99747],[-3.05256,59.0],[-3.00503,59.01042],[-2.96167,58.98711],[-2.93344,59.01464],[-2.90017,59.0087],[-2.91258,58.99414],[-2.88586,58.99333],[-2.91925,58.98331],[-2.91753,58.96661],[-2.885,58.96123],[-2.8567,58.98788],[-2.79997,58.99375],[-2.79086,58.96577],[-2.84592,58.95503],[-2.82586,58.94833],[-2.83755,58.9258],[-2.80167,58.93039],[-2.78841,58.91708],[-2.78584,58.94081],[-2.8125,58.9458],[-2.70589,58.9733],[-2.71086,58.92166],[-2.78169,58.91542],[-2.82833,58.87289],[-2.89422,58.89583],[-2.91256,58.8708],[-2.88503,58.87625],[-2.88917,58.8575],[-2.85925,58.8525],[-2.89755,58.8425],[-2.87753,58.81917],[-2.92925,58.79666],[-2.92345,58.73369],[-2.96336,58.73209],[-2.99253,58.75667],[-2.98092,58.78664],[-3.02084,58.81084],[-3.0,58.80206],[-2.97581,58.81831],[-3.03753,58.8208],[-3.01334,58.83456],[-2.95834,58.82872],[-2.90253,58.8425],[-2.96589,58.85167],[-2.91425,58.85744],[-2.92422,58.87747],[-2.89917,58.89503],[-2.93244,58.89247],[-2.97086,58.96081],[-3.18005,58.91203],[-3.22583,58.92914],[-3.25003,58.98206],[-3.30167,58.95036],[-3.35592,58.96494],[-3.36753,59.02],[-3.33925,59.05583],[-3.36089,59.10419],[-3.32928,59.1358],[-3.19667,59.15456],[-3.11164,59.12289],[-3.07503,59.12372],[-3.04594,59.1033],[-3.06422,59.09583],[-3.00414,59.0675],[-3.01419,59.03831],[-3.06503,59.04872],[-3.06253,59.0225],[-3.11425,59.0083],[-3.05253,58.99747]]]}},{"type":"Feature","properties":{"kind":"land","level":1},"geometry":{"type":"Polygon","coordinates":[[[-4.79755,54.05994],[-4.79758,54.06244],[-4.73586,54.12494],[-4.72089,54.20914],[-4.60922,54.26997],[-4.54264,54.36161],[-4.46008,54.3987],[-4.36344,54.4162],[-4.381,54.32742],[-4.30761,54.29492],[-4.39428,54.22078],[-4.38764,54.19078],[-4.46756,54.16078],[-4.46422,54.14078],[-4.52589,54.12328],[-4.5442,54.10072],[-4.60089,54.08994],[-4.62172,54.052],[-4.62669,54.07203],[-4.66673,54.05869],[-4.70339,54.08203],[-4.77006,54.05367],[-4.79755,54.05994]]]}},{"type":"Feature","properties":{"kind":"land","level":1},"geometry":{"type":"Polygon","coordinates":[[[4.0,51.61703],[3.99155,51.61706],[3.89153,51.6328],[3.87231,51.66825],[3.81147,51.6962],[3.72153,51.66783],[3.67731,51.68911],[3.69814,51.72952],[3.82239,51.74158],[3.82066,51.75748],[3.86227,51.77411],[3.85572,51.81161],[3.88483,51.82533],[4.00994,51.84534],[4.04503,51.81873],[4.19325,51.77705],[4.27664,51.72119],[4.34325,51.7045],[4.39747,51.70995],[4.36075,51.67159],[4.30828,51.65786],[4.26664,51.65619],[4.16492,51.6845],[4.10494,51.67119],[4.15747,51.69489],[4.05075,51.70908],[3.99644,51.79789],[3.9115,51.79533],[3.87064,51.77742],[3.87236,51.75247],[3.83986,51.7562],[3.82733,51.74081],[3.96822,51.73534],[4.01583,51.68914],[4.1058,51.65994],[4.06664,51.63033],[4.0,51.61703]]]}},{"type":"Feature","properties":{"kind":"land","level":1},"geometry":{"type":"Polygon","coordinates":[[[-5.39922,55.6133],[-5.39922,55.625],[-5.37419,55.67331],[-5.32172,55.70456],[-5.2875,55.70334],[-5.28667,55.71875],[-5.19756,55.69833],[-5.13747,55.64164],[-5.12922,55.60497],[-5.15919,55.58333],[-5.0842,55.55244],[-5.12917,55.52583],[-5.08086,55.50833],[-5.08414,55.45244],[-5.20502,55.43208],[-5.32083,55.46584],[-5.32922,55.4958],[-5.35753,55.50497],[-5.34753,55.56],[-5.39922,55.6133]]]}},{"type":"Feature","properties":{"kind":"land","level":1},"geometry":{"type":"Polygon","coordinates":[[[-1.58755,50.66164],[-1.58752,50.6625],[-1.52172,50.70622],[-1.50833,50.68292],[-1.50422,50.70497],[-1.43172,50.72539],[-1.41583,50.72333],[-1.42839,50.70541],[-1.41167,50.72122],[-1.38172,50.71289],[-1.41422,50.7233],[-1.31342,50.76708],[-1.29333,50.74455],[-1.28839,50.76375],[-1.26422,50.76003],[-1.21589,50.73581],[-1.22839,50.72458],[-1.18172,50.73289],[-1.11336,50.72122],[-1.10919,50.6925],[-1.0725,50.68664],[-1.10006,50.66289],[-1.16084,50.64831],[-1.18081,50.59833],[-1.29667,50.57289],[-1.48664,50.66461],[-1.58755,50.66164]]]}},{"type":"Feature","properties":{"kind":"land","level":1},"geometry":{"type":"Polygon","coordinates":[[[-6.77258,62.0],[-6.77258,61.99997],[-6.73258,61.98164],[-6.74503,61.93789],[-6.90945,62.0],[-6.93669,62.03955],[-6.98425,62.03831],[-7.04508,62.11711],[-7.13834,62.11536],[-7.17258,62.13497],[-7.15342,62.15542],[-7.20339,62.14542],[-7.26092,62.17494],[-7.23253,62.24333],[-7.18589,62.24834],[-7.2392,62.2525],[-7.22009,62.30711],[-7.19334,62.29958],[-7.16833,62.31209],[-7.1467,62.29124],[-7.12172,62.29709],[-7.08914,62.28164],[-7.01072,62.20735],[-7.02744,62.18836],[-6.87419,62.13081],[-6.9425,62.10083],[-6.87344,62.11039],[-6.79919,62.06833],[-6.83672,62.05708],[-6.91094,62.06414],[-6.76672,62.04872],[-6.74922,62.0275],[-6.77258,62.0]]]}},{"type":"Feature","properties":{"kind":"land","level":1},"geometry":{"type":"Polygon","coordinates":[[[-6.0,55.98961],[-5.99917,55.98997],[-5.90581,56.06161],[-5.70089,56.14664],[-5.68753,56.10916],[-5.83759,55.97086],[-5.8725,55.88837],[-5.88664,55.87791],[-5.8975,55.88747],[-5.9,55.86625],[-5.93584,55.8675],[-5.96503,55.79122],[-6.07422,55.81164],[-6.09094,55.9],[-6.02836,55.94872],[-5.91669,55.95622],[-5.8525,55.97833],[-5.85508,55.98878],[-5.94164,55.96042],[-6.00836,55.97206],[-6.0,55.98961]]]}},{"type":"Feature","properties":{"kind":"land","level":1},"geometry":{"type":"Polygon","coordinates":[[[5.33744,60.53919],[5.33744,60.54078],[5.42825,60.56125],[5.48836,60.52455],[5.43575,60.56831],[5.45995,60.58627],[5.47414,60.575],[5.48497,60.60127],[5.52075,60.59],[5.50664,60.61125],[5.55003,60.61539],[5.55333,60.60289],[5.59081,60.62167],[5.63914,60.6833],[5.61169,60.68042],[5.61081,60.69247],[5.65331,60.70705],[5.67328,60.68125],[5.69161,60.69875],[5.72916,60.6875],[5.7067,60.46958],[5.66328,60.47708],[5.60831,60.43875],[5.53167,60.42703],[5.42744,60.5025],[5.33744,60.53919]]]}},{"type":"Feature","properties":{"kind":"land","level":1},"geometry":{"type":"Polygon","coordinates":[[[5.99834,62.30203],[5.99667,62.30122],[5.90825,62.25125],[5.80828,62.24956],[5.87072,62.27497],[5.85506,62.28875],[5.82169,62.27792],[5.8492,62.27744],[5.80089,62.26334],[5.81247,62.2275],[5.76664,62.20372],[5.60333,62.18625],[5.52914,62.22583],[5.54489,62.23456],[5.64914,62.21747],[5.52905,62.24664],[5.52995,62.26036],[5.57906,62.25667],[5.54581,62.27411],[5.56658,62.29539],[5.71328,62.29619],[5.74164,62.31294],[5.73825,62.28375],[5.84747,62.29164],[5.85328,62.31536],[5.80325,62.29289],[5.7725,62.29664],[5.79578,62.31917],[5.76583,62.32414],[5.83336,62.33539],[5.8483,62.31705],[5.86408,62.3233],[5.8483,62.34289],[5.8092,62.34084],[5.81416,62.37666],[5.89822,62.42291],[6.00667,62.42289],[6.03586,62.36917],[6.07994,62.36292],[6.07658,62.34961],[6.11755,62.35497],[5.99834,62.30203]]]}},{"type":"Feature","properties":{"kind":"land","level":1},"geometry":{"type":"Polygon","coordinates":[[[9.99486,54.85533],[9.99319,54.85533],[9.93653,54.85533],[9.8708,54.87661],[9.90166,54.8987],[9.99242,54.85992],[9.98569,54.87659],[9.90336,54.90786],[9.83661,54.8895],[9.79041,54.90636],[9.75997,54.98286],[9.82825,54.93452],[9.88242,54.94658],[9.84489,54.94453],[9.85583,54.95494],[9.83411,54.95995],[9.85577,54.97161],[9.78414,54.98494],[9.80411,54.99661],[9.77572,54.99742],[9.79166,55.01039],[9.69658,55.00708],[9.65914,55.02333],[9.71414,55.03328],[9.70331,55.04459],[9.64081,55.03997],[9.66161,55.06541],[9.76664,55.08205],[10.00242,54.98578],[10.0742,54.87497],[10.02336,54.87289],[9.99486,54.85533]]]}},{"type":"Feature","properties":{"kind":"land","level":1},"geometry":{"type":"Polygon","coordinates":[[[-7.45758,57.24083],[-7.45756,57.2425],[-7.43086,57.24583],[-7.39589,57.30251],[-7.43083,57.38747],[-7.33675,57.40294],[-7.31836,57.38455],[-7.27089,57.38083],[-7.30253,57.37497],[-7.24083,57.3533],[-7.26667,57.34453],[-7.22086,57.34914],[-7.25336,57.32958],[-7.29095,57.33581],[-7.22506,57.32375],[-7.22086,57.30333],[-7.19247,57.29994],[-7.26672,57.22456],[-7.36253,57.24414],[-7.35003,57.22705],[-7.27086,57.21497],[-7.24414,57.16417],[-7.26667,57.14958],[-7.31161,57.16292],[-7.3017,57.14789],[-7.35336,57.15459],[-7.34094,57.13911],[-7.24506,57.13622],[-7.24086,57.1208],[-7.21081,57.11748],[-7.23006,57.09625],[-7.39755,57.11333],[-7.42422,57.21664],[-7.45758,57.24083]]]}},{"type":"Feature","properties":{"kind":"land","level":1},"geometry":{"type":"Polygon","coordinates":[[[-7.55083,57.60164],[-7.5508,57.6025],[-7.52255,57.60497],[-7.49167,57.66039],[-7.44675,57.66295],[-7.38339,57.63458],[-7.37586,57.66],[-7.31497,57.69456],[-7.32917,57.6575],[-7.28675,57.64288],[-7.24586,57.65666],[-7.27747,57.66583],[-7.19505,57.69794],[-7.15417,57.67836],[-7.185,57.64786],[-7.16003,57.65539],[-7.13331,57.64288],[-7.10258,57.65083],[-7.11333,57.66292],[-7.06247,57.64247],[-7.10164,57.60792],[-7.13255,57.62669],[-7.11833,57.63458],[-7.21581,57.63997],[-7.18928,57.63248],[-7.20167,57.62039],[-7.15083,57.61247],[-7.17422,57.61247],[-7.15419,57.60664],[-7.17503,57.59206],[-7.10253,57.59497],[-7.13509,57.55878],[-7.22253,57.56333],[-7.22336,57.55292],[-7.13592,57.55502],[-7.13253,57.53413],[-7.16756,57.51253],[-7.14252,57.5125],[-7.16339,57.50875],[-7.30672,57.52039],[-7.29755,57.51167],[-7.32172,57.50958],[-7.35592,57.54833],[-7.33009,57.55375],[-7.43675,57.5862],[-7.44336,57.57036],[-7.48505,57.56875],[-7.49083,57.59331],[-7.50336,57.58289],[-7.55083,57.60164]]]}},{"type":"Feature","properties":{"kind":"land","level":1},"geometry":{"type":"Polygon","coordinates":[[[-7.00169,62.33789],[-7.0,62.33792],[-6.90092,62.31494],[-6.96416,62.28914],[-6.93506,62.23706],[-6.94094,62.28333],[-6.85169,62.29539],[-6.83089,62.28494],[-6.86166,62.26372],[-6.81003,62.27203],[-6.76583,62.25911],[-6.78,62.23625],[-6.81756,62.2425],[-6.79675,62.22119],[-6.74006,62.2262],[-6.63592,62.2],[-6.63675,62.18125],[-6.74167,62.19794],[-6.75253,62.18667],[-6.59086,62.13078],[-6.70261,62.14331],[-6.62586,62.11166],[-6.68925,62.10419],[-6.69178,62.05705],[-6.74247,62.08578],[-6.72586,62.11917],[-6.76925,62.17164],[-6.84914,62.19749],[-6.75755,62.14164],[-6.76336,62.09125],[-6.87175,62.15542],[-6.92506,62.16039],[-6.99416,62.19161],[-7.0842,62.29584],[-7.11753,62.30164],[-7.10167,62.32372],[-7.07836,62.30875],[-7.00169,62.33789]]]}},{"type":"Feature","properties":{"kind":"land","level":1},"geometry":{"type":"Polygon","coordinates":[[[10.89745,54.99919],[10.89919,54.99831],[10.83914,54.9425],[10.73911,54.7425],[10.69333,54.72122],[10.6675,54.73997],[10.68414,54.7608],[10.65414,54.80414],[10.59581,54.8383],[10.64831,54.83125],[10.67247,54.88248],[10.7275,54.87747],[10.70911,54.90581],[10.68164,54.89792],[10.67583,54.91083],[10.72581,54.95581],[10.81245,54.99667],[10.9025,55.13744],[10.94164,55.16373],[10.95914,55.14831],[10.89745,54.99919]]]}},{"type":"Feature","properties":{"kind":"land","level":1},"geometry":{"type":"Polygon","coordinates":[[[8.0,63.30375],[7.99492,63.3037],[7.98411,63.31583],[8.00572,63.31414],[7.97078,63.3233],[8.03909,63.32497],[7.97156,63.32622],[7.90669,63.35539],[7.84742,63.35497],[7.89339,63.37122],[7.78492,63.35622],[7.77089,63.38495],[7.79244,63.38],[7.77914,63.39664],[7.80589,63.40503],[7.76242,63.4075],[7.84664,63.42542],[7.83992,63.43711],[7.89,63.44205],[7.90331,63.42706],[7.92325,63.44875],[7.94328,63.43039],[7.94742,63.46],[7.98747,63.45828],[7.94742,63.46997],[7.97503,63.47872],[8.07994,63.45872],[8.12661,63.47372],[8.13003,63.46205],[8.10406,63.46584],[8.2125,63.37164],[8.14408,63.35],[8.17161,63.34125],[8.10159,63.33708],[8.12747,63.32834],[8.08327,63.33038],[8.09669,63.31875],[8.07167,63.33289],[8.04916,63.31917],[8.08164,63.31375],[8.0,63.30375]]]}},{"type":"Feature","properties":{"kind":"land","level":1},"geometry":{"type":"Polygon","coordinates":[[[5.2725,59.8825],[5.28081,59.9175],[5.32745,59.92831],[5.32244,59.95081],[5.28575,59.95663],[5.31828,59.97952],[5.32664,59.96542],[5.365,59.96706],[5.47334,59.92458],[5.52914,59.86828],[5.54083,59.78494],[5.50575,59.78333],[5.49995,59.7587],[5.45497,59.74375],[5.40327,59.74789],[5.38664,59.7762],[5.33742,59.77914],[5.33167,59.80206],[5.36239,59.78997],[5.35578,59.82911],[5.34164,59.80542],[5.28578,59.8675],[5.29161,59.89955],[5.2725,59.8825]]]}},{"type":"Feature","properties":{"kind":"land","level":1},"geometry":{"type":"Polygon","coordinates":[[[4.99839,60.21725],[4.99866,60.218],[4.97747,60.2275],[4.99253,60.26584],[4.95658,60.25291],[4.94586,60.27667],[4.97078,60.27664],[4.93916,60.2875],[4.96247,60.29503],[4.94828,60.30373],[5.00333,60.28628],[5.04075,60.30247],[5.00578,60.30917],[4.98328,60.34456],[4.98167,60.33125],[4.96492,60.34539],[4.92086,60.34167],[4.92828,60.36208],[4.98248,60.34661],[4.94906,60.45],[4.97994,60.44708],[4.97833,60.46042],[5.01578,60.43247],[5.00242,60.41414],[5.0442,60.40331],[5.07584,60.3625],[5.11247,60.35916],[5.11664,60.37372],[5.07742,60.37666],[5.10667,60.39953],[5.1525,60.39003],[5.16241,60.3642],[5.14661,60.33205],[5.10245,60.34833],[5.13075,60.33583],[5.13917,60.27834],[5.11661,60.27042],[5.07086,60.28413],[5.15247,60.23247],[5.15411,60.18414],[5.11,60.18542],[5.11753,60.17247],[5.09164,60.17122],[5.0733,60.20289],[5.07909,60.16414],[5.02991,60.16289],[5.05414,60.21164],[5.07417,60.20414],[5.06414,60.2433],[5.04836,60.20538],[4.99839,60.21725]]]}},{"type":"Feature","properties":{"kind":"land","level":1},"geometry":{"type":"Polygon","coordinates":[[[-1.00333,60.70206],[-1.0,60.70206],[-0.98092,60.63831],[-1.02341,60.64041],[-1.06672,60.66959],[-1.01759,60.61667],[-1.03503,60.60211],[-1.08089,60.6075],[-1.00089,60.5825],[-1.01256,60.54913],[-1.04753,60.54913],[-1.0192,60.53331],[-1.02911,60.49747],[-1.06839,60.49042],[-1.11667,60.50706],[-1.09589,60.48663],[-1.14675,60.48456],[-1.18914,60.52417],[-1.20756,60.60834],[-1.15503,60.65794],[-1.13919,60.62417],[-1.125,60.72874],[-1.07506,60.71875],[-1.07497,60.73372],[-1.03497,60.72705],[-1.04342,60.73788],[-1.00092,60.7225],[-1.00333,60.70206]]]}},{"type":"Feature","properties":{"kind":"land","level":1},"geometry":{"type":"Polygon","coordinates":[[[5.10416,59.77081],[5.10416,59.77248],[5.12586,59.80411],[5.15083,59.80498],[5.14244,59.82417],[5.17414,59.81167],[5.16164,59.83536],[5.20245,59.81667],[5.15405,59.855],[5.15253,59.87334],[5.17831,59.87541],[5.21833,59.84458],[5.25747,59.84334],[5.23578,59.82414],[5.27583,59.81],[5.24747,59.79913],[5.26334,59.79286],[5.28667,59.80959],[5.30247,59.79913],[5.35905,59.70414],[5.39575,59.70753],[5.34328,59.67538],[5.29828,59.67042],[5.34578,59.69498],[5.32581,59.69833],[5.33747,59.725],[5.31494,59.74206],[5.31492,59.72203],[5.2758,59.72495],[5.26495,59.74625],[5.24083,59.7425],[5.23575,59.66997],[5.19917,59.64667],[5.25253,59.6625],[5.22081,59.6025],[5.25253,59.60744],[5.19992,59.57205],[5.1775,59.57831],[5.19241,59.59164],[5.17083,59.59164],[5.1825,59.62414],[5.14909,59.6725],[5.18244,59.72917],[5.24411,59.7542],[5.19667,59.74792],[5.195,59.76039],[5.17328,59.74619],[5.16164,59.77959],[5.13003,59.74709],[5.10416,59.77081]]]}},{"type":"Feature","properties":{"kind":"land","level":1},"geometry":{"type":"Polygon","coordinates":[[[8.26244,63.67247],[8.26253,63.67413],[8.44333,63.70708],[8.57158,63.70705],[8.59081,63.71836],[8.55667,63.71625],[8.65156,63.73372],[8.62578,63.73663],[8.70411,63.76167],[8.61745,63.74583],[8.74839,63.80625],[8.75994,63.78206],[8.76994,63.80292],[8.80495,63.79375],[8.82083,63.80583],[8.80825,63.76119],[8.87997,63.78625],[8.90078,63.77333],[8.81908,63.75997],[8.84253,63.71167],[8.78336,63.68459],[8.67167,63.68375],[8.57661,63.66206],[8.46575,63.66331],[8.57164,63.68542],[8.44661,63.66539],[8.41989,63.67873],[8.34161,63.66125],[8.26244,63.67247]]]}},{"type":"Feature","properties":{"kind":"land","level":1},"geometry":{"type":"Polygon","coordinates":[[[11.0075,54.44414],[11.00745,54.45917],[11.02077,54.50333],[11.06333,54.53792],[11.17331,54.5237],[11.24242,54.4975],[11.31414,54.40414],[11.19495,54.40956],[11.21081,54.41667],[11.195,54.42125],[11.17078,54.415],[11.18333,54.40456],[11.12161,54.40286],[11.09417,54.41167],[11.095,54.44705],[11.0433,54.45369],[11.02409,54.44336],[11.04161,54.43542],[11.0075,54.44414]]]}},{"type":"Feature","properties":{"kind":"land","level":1},"geometry":{"type":"Polygon","coordinates":[[[5.1658,59.20334],[5.1658,59.20497],[5.18578,59.2825],[5.21658,59.30208],[5.25417,59.28328],[5.18578,59.33664],[5.18667,59.35374],[5.21911,59.34583],[5.20825,59.36292],[5.25247,59.36414],[5.21572,59.38497],[5.23828,59.41122],[5.28338,59.37639],[5.27914,59.33664],[5.32411,59.31167],[5.28917,59.30498],[5.32917,59.27336],[5.29166,59.13956],[5.27661,59.15039],[5.24497,59.13872],[5.22659,59.15125],[5.19581,59.14411],[5.1658,59.20334]]]}},{"type":"Feature","properties":{"kind":"land","level":1},"geometry":{"type":"Polygon","coordinates":[[[-7.46589,62.13495],[-7.46577,62.13917],[-7.44006,62.14708],[-7.35345,62.12625],[-7.34175,62.14622],[-7.24164,62.16039],[-7.15506,62.10875],[-7.0742,62.09414],[-7.08242,62.04836],[-7.15836,62.05456],[-7.18911,62.0475],[-7.14841,62.03375],[-7.23497,62.02126],[-7.40336,62.06622],[-7.39003,62.07958],[-7.3175,62.07164],[-7.42678,62.09539],[-7.46589,62.13495]]]}},{"type":"Feature","properties":{"kind":"land","level":1},"geometry":{"type":"Polygon","coordinates":[[[-1.38889,46.0],[-1.41172,46.04958],[-1.3717,46.04039],[-1.3231,46.0],[-1.38889,46.0]]]}},{"type":"Feature","properties":{"kind":"land","level":1},"geometry":{"type":"Polygon","coordinates":[[[-7.0,61.62955],[-6.98339,61.64706],[-6.92006,61.65289],[-6.89592,61.6425],[-6.92917,61.6275],[-6.87928,61.62666],[-6.95084,61.6025],[-6.94006,61.59372],[-6.85172,61.60042],[-6.82831,61.58122],[-6.75092,61.57414],[-6.75,61.54208],[-6.83755,61.55997],[-6.79916,61.545],[-6.81006,61.53456],[-6.73925,61.52747],[-6.72417,61.50664],[-6.76253,61.50083],[-6.70422,61.48747],[-6.76342,61.46872],[-6.81919,61.4725],[-6.77664,61.44539],[-6.72503,61.4637],[-6.72173,61.44375],[-6.69089,61.44664],[-6.67672,61.39206],[-6.75675,61.41206],[-6.87595,61.47583],[-6.9025,61.50664],[-6.88425,61.5258],[-6.97911,61.58],[-7.0,61.62955]]]}},{"type":"Feature","properties":{"kind":"land","level":1},"geometry":{"type":"Polygon","coordinates":[[[7.37997,62.99455],[7.38736,63.0],[7.44908,63.01836],[7.40916,63.02333],[7.38492,63.05789],[7.42411,63.0508],[7.42664,63.03208],[7.46078,63.04414],[7.42992,63.05292],[7.51328,63.06122],[7.48917,63.04164],[7.56497,63.04711],[7.57164,63.00875],[7.59241,63.02248],[7.56747,63.04997],[7.64083,63.07161],[7.60245,63.07503],[7.63078,63.095],[7.59914,63.1125],[7.66669,63.11623],[7.6775,63.06911],[7.63578,63.05583],[7.67242,63.05664],[7.6758,63.02664],[7.72747,63.0075],[7.71494,62.99453],[7.50336,62.93539],[7.47994,62.95953],[7.35003,62.98122],[7.37997,62.99455]]]}},{"type":"Feature","properties":{"kind":"land","level":1},"geometry":{"type":"Polygon","coordinates":[[[4.77077,52.99917],[4.77084,52.99831],[4.72828,52.98706],[4.71416,52.99664],[4.72081,53.0675],[4.85833,53.18372],[4.90916,53.13417],[4.90083,53.08081],[4.79583,53.00497],[4.7525,53.00999],[4.77077,52.99917]]]}},{"type":"Feature","properties":{"kind":"land","level":1},"geometry":{"type":"Polygon","coordinates":[[[5.0,61.83786],[4.99672,61.83792],[4.89992,61.83542],[4.81911,61.86],[4.92831,61.88206],[4.90078,61.89583],[4.95161,61.91042],[5.08158,61.87875],[5.26253,61.86163],[5.25497,61.83456],[5.13661,61.82372],[5.16742,61.84833],[5.14494,61.86539],[5.15914,61.8475],[5.0983,61.81378],[4.96159,61.77542],[4.94325,61.79956],[4.9558,61.77333],[4.92995,61.76205],[4.90411,61.81917],[4.95997,61.81039],[4.94744,61.82581],[5.0,61.83786]]]}},{"type":"Feature","properties":{"kind":"land","level":1},"geometry":{"type":"Polygon","coordinates":[[[5.0,61.17708],[4.99658,61.17706],[5.02247,61.14833],[5.01581,61.09911],[4.95658,61.08875],[4.92167,61.05206],[4.90161,61.10789],[4.85164,61.04539],[4.8083,61.04456],[4.79083,61.07249],[4.77158,61.02292],[4.75919,61.07497],[4.74167,61.03877],[4.7275,61.08331],[4.80333,61.10792],[4.8225,61.04994],[4.8308,61.13914],[4.80739,61.15664],[4.84828,61.16542],[4.85992,61.14873],[4.85995,61.17708],[4.91245,61.11583],[4.88414,61.2125],[4.93909,61.1983],[4.95328,61.12791],[4.94411,61.19164],[4.97334,61.17542],[4.98747,61.1825],[4.96075,61.18581],[4.95822,61.20792],[5.00411,61.19914],[5.0,61.17708]]]}},{"type":"Feature","properties":{"kind":"land","level":1},"geometry":{"type":"Polygon","coordinates":[[[11.02248,64.62003],[11.02248,64.62161],[11.02578,64.63919],[11.06494,64.63711],[11.04414,64.64661],[11.09661,64.65628],[11.15828,64.62039],[11.25333,64.60711],[11.28745,64.58331],[11.27495,64.54292],[11.37661,64.55289],[11.45081,64.52914],[11.40825,64.47456],[11.39,64.48789],[11.30656,64.48125],[11.29164,64.51456],[11.17836,64.51125],[11.13081,64.56667],[11.18667,64.58872],[11.09161,64.58791],[11.03664,64.59795],[11.02248,64.62003]]]}},{"type":"Feature","properties":{"kind":"land","level":1},"geometry":{"type":"Polygon","coordinates":[[[-3.43589,58.87334],[-3.43586,58.87917],[-3.39839,58.92542],[-3.32675,58.92956],[-3.31333,58.90869],[-3.2125,58.88081],[-3.21259,58.83997],[-3.17091,58.8233],[-3.25589,58.78833],[-3.14841,58.80789],[-3.1525,58.78833],[-3.13253,58.7875],[-3.29173,58.77708],[-3.37928,58.86833],[-3.43589,58.87334]]]}},{"type":"Feature","properties":{"kind":"land","level":1},"geometry":{"type":"Polygon","coordinates":[[[8.24083,63.265],[8.24081,63.26664],[8.28997,63.27373],[8.33,63.25625],[8.45164,63.28453],[8.4875,63.24001],[8.57909,63.20078],[8.57747,63.18083],[8.47836,63.15708],[8.34661,63.16458],[8.2608,63.21664],[8.28411,63.24497],[8.24083,63.265]]]}},{"type":"Feature","properties":{"kind":"land","level":1},"geometry":{"type":"Polygon","coordinates":[[[-10.0,53.90292],[-10.00414,53.905],[-10.0592,53.91833],[-10.04747,53.95667],[-10.0667,53.96958],[-10.19672,53.96042],[-10.25919,53.97498],[-10.2125,53.98],[-10.18589,53.99831],[-10.19669,54.01205],[-10.13831,53.99792],[-10.06333,54.02289],[-9.99672,54.0087],[-9.97669,54.02622],[-9.93089,53.99503],[-9.95922,53.98833],[-9.96919,53.95084],[-9.91583,53.9625],[-9.93417,53.91664],[-9.9592,53.91083],[-9.93916,53.89833],[-9.94756,53.87497],[-9.99419,53.8875],[-10.0,53.90292]]]}},{"type":"Feature","properties":{"kind":"land","level":1},"geometry":{"type":"Polygon","coordinates":[[[-5.2242,55.89995],[-5.22422,55.9008],[-5.18833,55.92542],[-5.16,55.92039],[-5.07755,55.87997],[-5.0925,55.86163],[-5.0625,55.85831],[-5.0592,55.84],[-5.02589,55.84328],[-5.00086,55.76666],[-5.03089,55.75247],[-5.00836,55.72539],[-5.05592,55.73167],[-5.09673,55.77625],[-5.12256,55.77083],[-5.14594,55.80917],[-5.12917,55.84167],[-5.1758,55.85247],[-5.2242,55.89995]]]}},{"type":"Feature","properties":{"kind":"land","level":1},"geometry":{"type":"Polygon","coordinates":[[[-0.98419,60.71919],[-0.98422,60.7225],[-0.95258,60.71831],[-0.96586,60.73836],[-0.93083,60.78333],[-0.95422,60.79333],[-0.89836,60.84458],[-0.86581,60.84167],[-0.87331,60.80622],[-0.835,60.84461],[-0.75747,60.82167],[-0.80086,60.81086],[-0.77997,60.78042],[-0.83086,60.78664],[-0.80083,60.75997],[-0.86092,60.75748],[-0.81092,60.75081],[-0.86925,60.70244],[-0.83089,60.69667],[-0.83334,60.68289],[-0.85503,60.67458],[-0.91167,60.69041],[-0.96172,60.67538],[-0.98419,60.71919]]]}},{"type":"Feature","properties":{"kind":"land","level":1},"geometry":{"type":"Polygon","coordinates":[[[-2.25289,49.24669],[-2.25289,49.25172],[-2.22578,49.26131],[-2.18253,49.24878],[-2.1508,49.26131],[-2.09497,49.25545],[-2.07497,49.23798],[-2.0433,49.24211],[-2.01955,49.22586],[-2.02705,49.16756],[-2.07586,49.16292],[-2.14417,49.19711],[-2.16789,49.19086],[-2.16664,49.16631],[-2.19414,49.18462],[-2.24753,49.18044],[-2.22372,49.2092],[-2.25289,49.24669]]]}},{"type":"Feature","properties":{"kind":"land","level":1},"geometry":{"type":"Polygon","coordinates":[[[10.56253,55.99075],[10.56411,55.98991],[10.58914,55.93992],[10.6475,55.91825],[10.61086,55.90909],[10.63253,55.88072],[10.68422,55.89322],[10.61667,55.76534],[10.54836,55.76866],[10.52756,55.79322],[10.52744,55.84988],[10.5808,55.86742],[10.59581,55.90411],[10.58083,55.92825],[10.52747,55.94578],[10.52086,55.97739],[10.56331,56.00539],[10.56253,55.99075]]]}},{"type":"Feature","properties":{"kind":"land","level":1},"geometry":{"type":"Polygon","coordinates":[[[-6.95417,61.9108],[-6.95419,61.91248],[-6.81011,61.89789],[-6.63425,61.83167],[-6.6725,61.81081],[-6.65664,61.75792],[-6.68664,61.75288],[-6.72092,61.77086],[-6.78664,61.83289],[-6.88084,61.8208],[-6.95417,61.9108]]]}},{"type":"Feature","properties":{"kind":"land","level":1},"geometry":{"type":"Polygon","coordinates":[[[11.0,57.30458],[11.00159,57.30542],[11.02661,57.31956],[11.14664,57.33038],[11.20081,57.32245],[11.18667,57.28708],[11.18494,57.30956],[11.08828,57.29292],[11.08916,57.25833],[11.04916,57.24164],[11.06744,57.23911],[10.98161,57.21455],[10.97667,57.23459],[10.86745,57.26331],[10.92995,57.30042],[11.0,57.30458]]]}},{"type":"Feature","properties":{"kind":"land","level":1},"geometry":{"type":"Polygon","coordinates":[[[4.99497,60.72542],[5.0,60.72456],[5.065,60.68039],[5.08411,60.6758],[5.06164,60.70039],[5.11073,60.6808],[5.08239,60.68497],[5.10992,60.65597],[5.21679,60.58972],[5.22667,60.56458],[5.145,60.60869],[5.08994,60.60792],[5.00078,60.63499],[5.00831,60.64958],[4.88242,60.6983],[4.90831,60.70538],[4.92908,60.69078],[4.86747,60.74003],[4.91167,60.72874],[4.87742,60.74417],[4.89494,60.74706],[4.99497,60.72542]]]}},{"type":"Feature","properties":{"kind":"land","level":1},"geometry":{"type":"Polygon","coordinates":[[[-6.23753,56.99917],[-6.24089,56.99753],[-6.26086,56.95917],[-6.33,56.93459],[-6.45592,57.00833],[-6.32672,57.05956],[-6.25589,57.03583],[-6.24422,57.02081],[-6.27592,57.01247],[-6.23753,56.99917]]]}},{"type":"Feature","properties":{"kind":"land","level":1},"geometry":{"type":"Polygon","coordinates":[[[-6.63089,62.23583],[-6.63081,62.24001],[-6.58914,62.22914],[-6.5925,62.30664],[-6.61928,62.32911],[-6.59673,62.36122],[-6.52414,62.28416],[-6.42756,62.25664],[-6.46497,62.23039],[-6.53753,62.25497],[-6.50925,62.22583],[-6.44925,62.20833],[-6.44753,62.1808],[-6.50175,62.18036],[-6.57003,62.22539],[-6.53425,62.17833],[-6.55333,62.16875],[-6.63089,62.23583]]]}},{"type":"Feature","properties":{"kind":"land","level":1},"geometry":{"type":"Polygon","coordinates":[[[4.99756,60.5475],[5.0,60.54542],[5.04828,60.50706],[5.03831,60.53042],[5.22083,60.4883],[5.25164,60.40875],[5.17164,60.38875],[5.13744,60.42247],[5.16836,60.43956],[5.11828,60.45039],[5.10828,60.44041],[5.09661,60.45291],[5.07239,60.43167],[5.06911,60.45247],[5.11914,60.46914],[5.07081,60.46494],[5.08417,60.49997],[5.04503,60.49375],[4.97745,60.5275],[4.9725,60.55251],[4.94581,60.55161],[4.96664,60.56289],[4.99756,60.5475]]]}},{"type":"Feature","properties":{"kind":"land","level":1},"geometry":{"type":"Polygon","coordinates":[[[10.99836,64.96369],[11.0,64.96375],[11.08331,64.99208],[11.11581,64.98417],[11.075,64.97875],[11.17081,64.97831],[11.07667,64.96208],[11.05828,64.93459],[10.94661,64.90875],[10.94989,64.92455],[10.83659,64.85875],[10.74664,64.85208],[10.78333,64.87791],[10.74325,64.85125],[10.71825,64.85622],[10.82917,64.89747],[10.73825,64.87119],[10.74419,64.88836],[10.73661,64.88953],[10.78,64.90041],[10.74747,64.90997],[10.86158,64.94125],[10.83331,64.90289],[10.86161,64.93372],[10.99836,64.96369]]]}},{"type":"Feature","properties":{"kind":"land","level":1},"geometry":{"type":"Polygon","coordinates":[[[8.0,63.20958],[8.00161,63.20958],[8.12664,63.23875],[8.19247,63.15831],[7.93831,63.13789],[7.97086,63.15414],[7.9075,63.18667],[8.0,63.20958]]]}},{"type":"Feature","properties":{"kind":"land","level":1},"geometry":{"type":"Polygon","coordinates":[[[10.20417,54.96916],[10.20578,54.97],[10.37334,54.88542],[10.40408,54.89831],[10.39997,54.91455],[10.44161,54.86539],[10.46328,54.87628],[10.48583,54.86497],[10.44914,54.88997],[10.47166,54.89453],[10.5375,54.84497],[10.45667,54.83789],[10.41998,54.81536],[10.28584,54.88911],[10.20417,54.96916]]]}},{"type":"Feature","properties":{"kind":"land","level":1},"geometry":{"type":"Polygon","coordinates":[[[4.99245,60.58333],[4.99247,60.58414],[4.945,60.61539],[4.99664,60.60045],[5.04491,60.61375],[5.09328,60.59119],[5.15,60.59128],[5.24917,60.535],[5.24247,60.50667],[5.05161,60.53955],[5.02245,60.55083],[5.0508,60.565],[5.01156,60.55625],[4.99245,60.58333]]]}},{"type":"Feature","properties":{"kind":"land","level":1},"geometry":{"type":"Polygon","coordinates":[[[5.15247,53.36244],[5.15247,53.36833],[5.20167,53.40208],[5.52336,53.45122],[5.57411,53.44749],[5.46494,53.42372],[5.47158,53.41455],[5.44664,53.41959],[5.45831,53.40456],[5.39167,53.40375],[5.32497,53.37708],[5.22166,53.36625],[5.18497,53.34289],[5.15247,53.36244]]]}},{"type":"Feature","properties":{"kind":"land","level":1},"geometry":{"type":"Polygon","coordinates":[[[-1.56464,46.24333],[-1.56461,46.24414],[-1.50005,46.25875],[-1.47461,46.23669],[-1.51711,46.2308],[-1.49839,46.20792],[-1.45834,46.22955],[-1.41167,46.23206],[-1.43919,46.21039],[-1.35503,46.20622],[-1.29336,46.18789],[-1.28011,46.16289],[-1.25547,46.16331],[-1.28,46.14461],[-1.3242,46.14542],[-1.46003,46.20209],[-1.535,46.20206],[-1.56464,46.24333]]]}},{"type":"Feature","properties":{"kind":"land","level":1},"geometry":{"type":"Polygon","coordinates":[[[8.46414,55.1],[8.46411,55.11083],[8.49245,55.19833],[8.52164,55.21123],[8.58498,55.19542],[8.55419,55.14497],[8.56744,55.08083],[8.50333,55.06125],[8.46414,55.1]]]}},{"type":"Feature","properties":{"kind":"land","level":1},"geometry":{"type":"Polygon","coordinates":[[[-3.26381,47.3525],[-3.26256,47.35372],[-3.24422,47.38792],[-3.15755,47.36539],[-3.14672,47.33456],[-3.05708,47.30914],[-3.09172,47.27959],[-3.16753,47.30373],[-3.22253,47.29462],[-3.26381,47.3525]]]}},{"type":"Feature","properties":{"kind":"land","level":1},"geometry":{"type":"Polygon","coordinates":[[[8.39414,54.70747],[8.39408,54.71831],[8.4267,54.74792],[8.52661,54.75706],[8.57167,54.75125],[8.59742,54.72161],[8.56828,54.68036],[8.48161,54.67956],[8.39414,54.70747]]]}},{"type":"Feature","properties":{"kind":"land","level":1},"geometry":{"type":"Polygon","coordinates":[[[-6.99922,56.50417],[-6.99925,56.50581],[-6.95509,56.52872],[-6.88006,56.51872],[-6.83175,56.54044],[-6.78175,56.53706],[-6.75675,56.55622],[-6.72589,56.53831],[-6.73336,56.52373],[-6.80922,56.52081],[-6.81839,56.48708],[-6.87928,56.48663],[-6.91341,56.43958],[-6.95008,56.45876],[-6.98417,56.45164],[-6.99922,56.50417]]]}},{"type":"Feature","properties":{"kind":"land","level":1},"geometry":{"type":"Polygon","coordinates":[[[-7.41422,57.46417],[-7.41417,57.46497],[-7.3567,57.49545],[-7.32831,57.48122],[-7.28839,57.48541],[-7.26672,57.46458],[-7.24169,57.47627],[-7.20255,57.45831],[-7.2375,57.46],[-7.21831,57.44542],[-7.25,57.45789],[-7.24422,57.44583],[-7.26497,57.45206],[-7.28089,57.43831],[-7.21506,57.43625],[-7.20419,57.41583],[-7.23836,57.40039],[-7.30164,57.41455],[-7.25414,57.4],[-7.29005,57.40708],[-7.30342,57.39706],[-7.34509,57.41959],[-7.3942,57.42331],[-7.41422,57.46417]]]}},{"type":"Feature","properties":{"kind":"land","level":1},"geometry":{"type":"Polygon","coordinates":[[[6.66072,62.68164],[6.66167,62.68369],[6.70078,62.7025],[6.67744,62.72],[6.70419,62.72417],[6.67914,62.72997],[6.69828,62.74123],[6.74247,62.73497],[6.72994,62.71375],[6.76664,62.73459],[6.92744,62.74914],[6.92661,62.70458],[6.68494,62.66203],[6.66072,62.68164]]]}},{"type":"Feature","properties":{"kind":"land","level":1},"geometry":{"type":"Polygon","coordinates":[[[11.04578,64.84664],[11.04578,64.84834],[11.07581,64.87994],[11.14244,64.9],[11.08578,64.89411],[11.14664,64.92872],[11.23155,64.93372],[11.25667,64.90459],[11.3025,64.90997],[11.26247,64.87331],[11.13658,64.82453],[11.12164,64.84209],[11.08072,64.82914],[11.105,64.86205],[11.04578,64.84664]]]}},{"type":"Feature","properties":{"kind":"land","level":1},"geometry":{"type":"Polygon","coordinates":[[[-6.71247,56.57581],[-6.71252,56.57997],[-6.65916,56.59336],[-6.61755,56.63667],[-6.53342,56.67703],[-6.45422,56.68747],[-6.49422,56.62747],[-6.51,56.61711],[-6.52747,56.63],[-6.56839,56.58625],[-6.6133,56.57455],[-6.62839,56.59122],[-6.64497,56.57208],[-6.66836,56.58376],[-6.69006,56.56209],[-6.71247,56.57581]]]}},{"type":"Feature","properties":{"kind":"land","level":1},"geometry":{"type":"Polygon","coordinates":[[[10.64081,55.00411],[10.64083,54.995],[10.63245,54.98414],[10.65836,54.97958],[10.69419,54.99667],[10.69078,54.97163],[10.55669,54.94205],[10.52911,54.97583],[10.53911,54.9958],[10.51086,55.00745],[10.63,55.0562],[10.66255,55.0258],[10.64081,55.00411]]]}},{"type":"Feature","properties":{"kind":"land","level":1},"geometry":{"type":"Polygon","coordinates":[[[-2.67545,49.43086],[-2.67542,49.43417],[-2.65208,49.44164],[-2.65836,49.45961],[-2.61166,49.46625],[-2.57169,49.49872],[-2.54333,49.49375],[-2.54828,49.50789],[-2.50584,49.50875],[-2.53461,49.46916],[-2.52911,49.42209],[-2.67545,49.43086]]]}},{"type":"Feature","properties":{"kind":"land","level":1},"geometry":{"type":"Polygon","coordinates":[[[5.0,61.98788],[4.99917,61.98836],[4.98666,62.0387],[5.08164,62.00211],[5.07917,62.01747],[5.12914,62.03081],[5.15916,61.99001],[5.11164,61.92703],[5.01242,61.94164],[5.06747,61.96997],[5.0,61.98788]]]}},{"type":"Feature","properties":{"kind":"land","level":1},"geometry":{"type":"Polygon","coordinates":[[[-6.0,57.34958],[-6.00253,57.34833],[-6.01839,57.33376],[-6.06756,57.33417],[-6.08417,57.4225],[-6.05586,57.46169],[-6.01759,57.45998],[-6.02917,57.47081],[-5.99169,57.50708],[-5.98419,57.4725],[-6.02922,57.43497],[-6.0,57.34958]]]}},{"type":"Feature","properties":{"kind":"land","level":1},"geometry":{"type":"Polygon","coordinates":[[[7.69583,63.03914],[7.69578,63.04],[7.69914,63.05747],[7.72158,63.04709],[7.72586,63.05833],[7.70325,63.08372],[7.7867,63.08545],[7.8233,63.10625],[7.90078,63.10078],[7.8942,63.06581],[7.81489,63.02292],[7.69583,63.03914]]]}},{"type":"Feature","properties":{"kind":"land","level":1},"geometry":{"type":"Polygon","coordinates":[[[-7.51589,56.99917],[-7.51419,57.0],[-7.52925,57.01334],[-7.46506,57.02036],[-7.44336,57.05872],[-7.41914,57.0425],[-7.43256,57.01753],[-7.39586,57.0025],[-7.42761,57.00331],[-7.37581,56.98497],[-7.42083,56.98994],[-7.4075,56.97667],[-7.45,56.94456],[-7.50669,56.95705],[-7.50836,56.94458],[-7.55833,56.95036],[-7.51589,56.99917]]]}},{"type":"Feature","properties":{"kind":"land","level":1},"geometry":{"type":"Polygon","coordinates":[[[6.0,59.2912],[6.01492,59.29205],[6.06494,59.29542],[6.10919,59.27083],[6.10572,59.25244],[5.93333,59.22542],[5.92242,59.27331],[6.0,59.2912]]]}},{"type":"Feature","properties":{"kind":"land","level":1},"geometry":{"type":"Polygon","coordinates":[[[11.01336,64.90372],[11.0,64.88875],[10.8783,64.85545],[10.87672,64.84039],[10.82742,64.84417],[10.91998,64.90039],[11.06155,64.93372],[11.12669,64.96872],[11.15908,64.96667],[11.15489,64.94125],[11.23241,64.93914],[11.14167,64.92872],[11.04664,64.88789],[11.02905,64.89497],[11.06167,64.91042],[11.01336,64.90372]]]}},{"type":"Feature","properties":{"kind":"land","level":1},"geometry":{"type":"Polygon","coordinates":[[[5.60917,53.44498],[5.60914,53.45081],[5.62833,53.47041],[5.69167,53.45958],[5.96911,53.46247],[5.77336,53.43459],[5.72667,53.44292],[5.67997,53.42456],[5.63997,53.42538],[5.60917,53.44498]]]}},{"type":"Feature","properties":{"kind":"land","level":1},"geometry":{"type":"Polygon","coordinates":[[[11.15408,64.66164],[11.15414,64.6625],[11.30989,64.69453],[11.29498,64.68039],[11.35503,64.68208],[11.3167,64.59625],[11.25664,64.64039],[11.17336,64.63622],[11.16414,64.64914],[11.20086,64.65747],[11.15408,64.66164]]]}},{"type":"Feature","properties":{"kind":"land","level":1},"geometry":{"type":"Polygon","coordinates":[[[5.24416,59.99753],[5.24411,59.99831],[5.17253,60.04497],[5.20331,60.09289],[5.22083,60.04086],[5.25578,60.04831],[5.22914,60.05747],[5.20995,60.12539],[5.25914,60.09416],[5.26417,60.06247],[5.26161,60.08705],[5.30072,60.0667],[5.3008,60.025],[5.27075,60.0108],[5.29086,60.00999],[5.25667,59.98875],[5.24416,59.99753]]]}},{"type":"Feature","properties":{"kind":"land","level":1},"geometry":{"type":"Polygon","coordinates":[[[8.35078,55.44997],[8.35081,55.46161],[8.40334,55.46789],[8.4108,55.42998],[8.45411,55.43417],[8.47495,55.33875],[8.42083,55.35583],[8.35078,55.44997]]]}},{"type":"Feature","properties":{"kind":"land","level":1},"geometry":{"type":"Polygon","coordinates":[[[-2.70409,59.19745],[-2.70406,59.19914],[-2.69764,59.22166],[-2.60261,59.26167],[-2.61672,59.29456],[-2.53189,59.3038],[-2.58086,59.26586],[-2.54672,59.26125],[-2.41756,59.31086],[-2.3925,59.27756],[-2.47923,59.27667],[-2.51597,59.245],[-2.50994,59.22292],[-2.52672,59.25714],[-2.52589,59.2375],[-2.56678,59.23622],[-2.57172,59.22039],[-2.57167,59.24377],[-2.60167,59.22874],[-2.63184,59.23798],[-2.67411,59.19167],[-2.68669,59.20367],[-2.69519,59.18452],[-2.70409,59.19745]]]}},{"type":"Feature","properties":{"kind":"land","level":1},"geometry":{"type":"Polygon","coordinates":[[[-2.21964,46.99914],[-2.21956,46.99834],[-2.2317,46.97458],[-2.15544,46.94914],[-2.15005,46.89372],[-2.21005,46.95872],[-2.26006,46.95792],[-2.29916,46.98622],[-2.30875,47.025],[-2.2533,47.02872],[-2.21964,46.99914]]]}},{"type":"Feature","properties":{"kind":"land","level":1},"geometry":{"type":"Polygon","coordinates":[[[6.76756,62.8083],[6.76747,62.80911],[6.82083,62.82414],[6.7775,62.84167],[6.81995,62.85458],[6.86494,62.83623],[6.91744,62.85417],[6.88158,62.85455],[6.88997,62.86288],[6.97244,62.85081],[6.96322,62.82372],[6.89417,62.81664],[6.92411,62.81247],[6.91989,62.77542],[6.76756,62.8083]]]}},{"type":"Feature","properties":{"kind":"land","level":1},"geometry":{"type":"Polygon","coordinates":[[[-3.0,59.33038],[-2.99966,59.33058],[-2.95331,59.35953],[-2.95761,59.32669],[-2.98917,59.31747],[-2.90667,59.30461],[-2.88247,59.26836],[-2.85431,59.2675],[-2.83769,59.24667],[-2.86005,59.25039],[-2.88172,59.22789],[-2.8775,59.25583],[-2.93,59.28456],[-2.96514,59.28706],[-2.94908,59.27253],[-2.98186,59.25872],[-3.02589,59.27747],[-3.02425,59.30417],[-3.07081,59.3317],[-3.0,59.33038]]]}},{"type":"Feature","properties":{"kind":"land","level":1},"geometry":{"type":"Polygon","coordinates":[[[-3.0,59.1787],[-2.99978,59.17867],[-2.95255,59.18002],[-2.97923,59.16156],[-2.96584,59.13583],[-2.99834,59.12706],[-3.04508,59.12622],[-3.11586,59.1608],[-3.08175,59.19962],[-3.0,59.1787]]]}},{"type":"Feature","properties":{"kind":"land","level":1},"geometry":{"type":"Polygon","coordinates":[[[5.99664,60.16373],[6.0,60.16495],[6.06245,60.14997],[6.06078,60.12747],[5.96989,60.06789],[5.92917,60.1375],[5.99664,60.16373]]]}},{"type":"Feature","properties":{"kind":"land","level":1},"geometry":{"type":"Polygon","coordinates":[[[-0.94925,60.61166],[-0.94922,60.61411],[-0.93508,60.63208],[-0.89172,60.62206],[-0.86339,60.63619],[-0.82584,60.62994],[-0.80833,60.60042],[-0.77169,60.61875],[-0.76422,60.60083],[-0.79833,60.5687],[-0.89164,60.59292],[-0.85917,60.5692],[-0.89008,60.56203],[-0.94925,60.61166]]]}},{"type":"Feature","properties":{"kind":"land","level":1},"geometry":{"type":"Polygon","coordinates":[[[-6.59747,62.38245],[-6.5975,62.38497],[-6.57344,62.39539],[-6.52834,62.38375],[-6.47347,62.30286],[-6.45169,62.32122],[-6.40594,62.30578],[-6.43172,62.27786],[-6.52081,62.29327],[-6.54755,62.36328],[-6.59747,62.38245]]]}},{"type":"Feature","properties":{"kind":"land","level":1},"geometry":{"type":"Polygon","coordinates":[[[5.56908,59.11997],[5.56911,59.12336],[5.60167,59.14125],[5.69994,59.11625],[5.75333,59.12459],[5.7825,59.10914],[5.78416,59.07914],[5.73989,59.07039],[5.70161,59.09789],[5.56908,59.11997]]]}},{"type":"Feature","properties":{"kind":"land","level":1},"geometry":{"type":"Polygon","coordinates":[[[-6.28089,56.03583],[-6.28089,56.0375],[-6.24922,56.055],[-6.24756,56.08583],[-6.20675,56.10792],[-6.18086,56.10414],[-6.14831,56.13292],[-6.13425,56.11997],[-6.1975,56.06081],[-6.18584,56.04169],[-6.21339,56.02875],[-6.25669,56.03456],[-6.24667,56.04375],[-6.28089,56.03583]]]}},{"type":"Feature","properties":{"kind":"land","level":1},"geometry":{"type":"Polygon","coordinates":[[[5.0,61.31873],[4.99828,61.31956],[4.95333,61.31211],[4.88414,61.34081],[4.90992,61.38042],[4.96828,61.36875],[5.01414,61.37833],[5.03414,61.32581],[5.0,61.31873]]]}},{"type":"Feature","properties":{"kind":"land","level":1},"geometry":{"type":"Polygon","coordinates":[[[5.62911,59.80667],[5.62911,59.81084],[5.65986,59.81625],[5.65581,59.79916],[5.68166,59.80373],[5.69664,59.78875],[5.71989,59.81456],[5.74072,59.7908],[5.79667,59.78955],[5.84084,59.75417],[5.79491,59.75703],[5.77578,59.72498],[5.74325,59.71956],[5.72914,59.75995],[5.74905,59.77664],[5.72994,59.77289],[5.71664,59.79124],[5.66167,59.77872],[5.62911,59.80667]]]}},{"type":"Feature","properties":{"kind":"land","level":1},"geometry":{"type":"Polygon","coordinates":[[[6.11914,53.46661],[6.11911,53.4725],[6.15833,53.49872],[6.33752,53.50417],[6.24328,53.47623],[6.15997,53.47125],[6.12664,53.45039],[6.11914,53.46661]]]}},{"type":"Feature","properties":{"kind":"land","level":1},"geometry":{"type":"Polygon","coordinates":[[[11.34086,64.56416],[11.34081,64.56497],[11.38075,64.59744],[11.36997,64.64289],[11.39081,64.60917],[11.38664,64.63123],[11.49583,64.5625],[11.42331,64.55209],[11.43489,64.54205],[11.34086,64.56416]]]}},{"type":"Feature","properties":{"kind":"land","level":1},"geometry":{"type":"Polygon","coordinates":[[[5.35914,59.99831],[5.36078,59.99914],[5.33911,60.02997],[5.36992,60.08623],[5.42247,60.07417],[5.44414,60.02914],[5.42328,60.00706],[5.37334,60.01459],[5.37161,59.98953],[5.35914,59.99831]]]}},{"type":"Feature","properties":{"kind":"land","level":1},"geometry":{"type":"Polygon","coordinates":[[[8.58747,54.51664],[8.5875,54.53159],[8.71245,54.55747],[8.67336,54.49539],[8.62156,54.48953],[8.58747,54.51664]]]}},{"type":"Feature","properties":{"kind":"land","level":1},"geometry":{"type":"Polygon","coordinates":[[[8.15744,63.21414],[8.15831,63.21452],[8.22994,63.23125],[8.32742,63.1658],[8.20167,63.15791],[8.1875,63.20497],[8.15744,63.21414]]]}},{"type":"Feature","properties":{"kind":"land","level":1},"geometry":{"type":"Polygon","coordinates":[[[-4.70422,53.3058],[-4.70422,53.3083],[-4.68339,53.32375],[-4.62497,53.31958],[-4.5875,53.30167],[-4.60917,53.28162],[-4.55583,53.24583],[-4.61172,53.24372],[-4.62083,53.27831],[-4.68669,53.28208],[-4.67925,53.29828],[-4.70422,53.3058]]]}},{"type":"Feature","properties":{"kind":"land","level":1},"geometry":{"type":"Polygon","coordinates":[[[-2.69236,59.07822],[-2.69256,59.08163],[-2.67091,59.10919],[-2.62258,59.11826],[-2.67503,59.15375],[-2.62997,59.16211],[-2.62508,59.14375],[-2.57414,59.14256],[-2.60419,59.13667],[-2.5917,59.11456],[-2.53933,59.12334],[-2.53664,59.07542],[-2.56492,59.08378],[-2.60494,59.07039],[-2.63336,59.10709],[-2.65331,59.07539],[-2.69236,59.07822]]]}},{"type":"Feature","properties":{"kind":"land","level":1},"geometry":{"type":"Polygon","coordinates":[[[-6.7125,62.33331],[-6.71255,62.33581],[-6.70247,62.3683],[-6.67847,62.36786],[-6.60175,62.25206],[-6.66089,62.26833],[-6.7125,62.33331]]]}},{"type":"Feature","properties":{"kind":"land","level":1},"geometry":{"type":"Polygon","coordinates":[[[11.48236,53.99917],[11.48248,53.99747],[11.45664,53.95872],[11.44495,53.99042],[11.4333,53.96205],[11.37739,53.9783],[11.39314,53.99756],[11.37581,54.00081],[11.44997,54.0262],[11.49417,54.02417],[11.48236,53.99917]]]}},{"type":"Feature","properties":{"kind":"land","level":1},"geometry":{"type":"Polygon","coordinates":[[[4.69742,60.99753],[4.699,61.0],[4.7125,61.0258],[4.68831,60.99206],[4.64747,61.0225],[4.64083,61.06084],[4.70502,61.08542],[4.70914,61.04831],[4.74414,61.02414],[4.73833,60.99619],[4.70658,60.98292],[4.69742,60.99753]]]}},{"type":"Feature","properties":{"kind":"land","level":1},"geometry":{"type":"Polygon","coordinates":[[[5.0,53.28873],[5.00164,53.28875],[5.05828,53.30708],[5.09917,53.30328],[4.97498,53.26708],[4.98241,53.2475],[4.91833,53.21458],[4.85247,53.2175],[5.0,53.28873]]]}},{"type":"Feature","properties":{"kind":"land","level":1},"geometry":{"type":"Polygon","coordinates":[[[4.77417,60.9333],[4.77419,60.93414],[4.84164,60.94705],[4.85416,60.93494],[4.82167,60.92786],[4.88667,60.93542],[4.86911,60.9158],[4.90075,60.90831],[4.93328,60.85372],[4.87825,60.86208],[4.87739,60.88753],[4.83075,60.89417],[4.83247,60.92247],[4.81325,60.90791],[4.80669,60.92209],[4.77747,60.915],[4.77417,60.9333]]]}},{"type":"Feature","properties":{"kind":"land","level":1},"geometry":{"type":"Polygon","coordinates":[[[4.9975,60.94586],[5.0,60.94617],[5.03661,60.84375],[4.97664,60.84789],[4.96244,60.86995],[4.95411,60.93997],[4.9975,60.94586]]]}},{"type":"Feature","properties":{"kind":"land","level":1},"geometry":{"type":"Polygon","coordinates":[[[6.65753,53.58331],[6.6575,53.59583],[6.74325,53.62372],[6.81414,53.60494],[6.71747,53.58333],[6.75908,53.5675],[6.75164,53.55789],[6.65753,53.58331]]]}},{"type":"Feature","properties":{"kind":"land","level":1},"geometry":{"type":"Polygon","coordinates":[[[8.29244,54.66575],[8.29414,54.66664],[8.36075,54.71247],[8.33911,54.68497],[8.40242,54.62744],[8.36911,54.62414],[8.3925,54.61911],[8.34489,54.61286],[8.29244,54.66575]]]}},{"type":"Feature","properties":{"kind":"land","level":1},"geometry":{"type":"Polygon","coordinates":[[[-6.81583,62.36417],[-6.81586,62.36748],[-6.77583,62.36078],[-6.66086,62.24661],[-6.66833,62.22456],[-6.71914,62.23914],[-6.7175,62.26747],[-6.81583,62.36417]]]}},{"type":"Feature","properties":{"kind":"land","level":1},"geometry":{"type":"Polygon","coordinates":[[[-9.83256,53.1375],[-9.83256,53.13994],[-9.785,53.15039],[-9.75339,53.12958],[-9.70497,53.13959],[-9.65667,53.12872],[-9.67747,53.11163],[-9.65002,53.09786],[-9.63333,53.10875],[-9.63919,53.08994],[-9.83256,53.1375]]]}},{"type":"Feature","properties":{"kind":"land","level":1},"geometry":{"type":"Polygon","coordinates":[[[5.37405,59.19747],[5.37411,59.1983],[5.38586,59.24414],[5.41492,59.24372],[5.47244,59.20161],[5.45003,59.15875],[5.37405,59.19747]]]}},{"type":"Feature","properties":{"kind":"land","level":1},"geometry":{"type":"Polygon","coordinates":[[[4.84586,60.78497],[4.84658,60.78536],[4.86336,60.80544],[4.92333,60.78372],[4.91664,60.81792],[4.98917,60.73331],[4.87331,60.75955],[4.90914,60.76836],[4.84586,60.78497]]]}},{"type":"Feature","properties":{"kind":"land","level":1},"geometry":{"type":"Polygon","coordinates":[[[-6.20922,56.88834],[-6.20925,56.89084],[-6.20922,56.90664],[-6.15755,56.91661],[-6.16422,56.93584],[-6.1367,56.9437],[-6.11422,56.92751],[-6.11916,56.88503],[-6.16172,56.87122],[-6.20922,56.88834]]]}},{"type":"Feature","properties":{"kind":"land","level":1},"geometry":{"type":"Polygon","coordinates":[[[11.0,59.06372],[10.99917,59.06414],[10.98917,59.08247],[11.0332,59.09622],[11.03995,59.06789],[11.08914,59.08081],[11.02825,59.01786],[10.98911,59.02995],[11.0,59.06372]]]}},{"type":"Feature","properties":{"kind":"land","level":1},"geometry":{"type":"Polygon","coordinates":[[[-2.9375,59.03088],[-2.9375,59.03409],[-2.90506,59.07706],[-2.8585,59.05705],[-2.80089,59.08664],[-2.81175,59.0237],[-2.9375,59.03088]]]}},{"type":"Feature","properties":{"kind":"land","level":1},"geometry":{"type":"Polygon","coordinates":[[[-2.82925,59.1758],[-2.82917,59.19161],[-2.78416,59.18914],[-2.79266,59.23666],[-2.75839,59.25041],[-2.73436,59.22083],[-2.76581,59.19158],[-2.74083,59.14413],[-2.79169,59.13794],[-2.82925,59.1758]]]}},{"type":"Feature","properties":{"kind":"land","level":1},"geometry":{"type":"Polygon","coordinates":[[[-1.15092,60.17328],[-1.15086,60.17413],[-1.13336,60.18622],[-1.08334,60.17206],[-1.07667,60.19208],[-1.07422,60.16164],[-1.04758,60.17084],[-1.0733,60.10289],[-1.12586,60.1208],[-1.11586,60.14997],[-1.15092,60.17328]]]}},{"type":"Feature","properties":{"kind":"land","level":1},"geometry":{"type":"Polygon","coordinates":[[[11.0,63.74445],[10.99919,63.74497],[11.04975,63.79939],[11.22725,63.81656],[11.20139,63.79278],[11.15144,63.80025],[11.03639,63.74275],[11.0,63.74445]]]}},{"type":"Feature","properties":{"kind":"land","level":1},"geometry":{"type":"Polygon","coordinates":[[[9.00745,63.62494],[9.00745,63.62581],[9.06242,63.63583],[9.02409,63.6375],[9.04669,63.66206],[9.17911,63.64748],[9.08322,63.61125],[9.00745,63.62494]]]}},{"type":"Feature","properties":{"kind":"land","level":1},"geometry":{"type":"Polygon","coordinates":[[[-6.41589,62.26997],[-6.41595,62.27245],[-6.345,62.30622],[-6.28594,62.2925],[-6.29,62.27869],[-6.33928,62.27827],[-6.32086,62.24583],[-6.37339,62.23372],[-6.41589,62.26997]]]}},{"type":"Feature","properties":{"kind":"land","level":1},"geometry":{"type":"Polygon","coordinates":[[[10.73086,64.9625],[10.73077,64.96328],[10.78914,64.97914],[10.76172,64.99206],[10.81992,64.99455],[10.80167,64.97539],[10.85494,64.99872],[10.85494,64.98705],[10.90744,64.99247],[10.89159,64.97958],[10.92667,64.99953],[10.96584,64.99167],[10.93578,64.98586],[10.96492,64.97372],[10.88169,64.96122],[10.86494,64.98372],[10.80822,64.94289],[10.79498,64.97792],[10.73086,64.9625]]]}},{"type":"Feature","properties":{"kind":"land","level":1},"geometry":{"type":"Polygon","coordinates":[[[-10.35558,51.89178],[-10.43422,51.8825],[-10.41417,51.91083],[-10.36342,51.92039],[-10.35667,51.93536],[-10.2908,51.92583],[-10.35558,51.89178]]]}},{"type":"Feature","properties":{"kind":"land","level":1},"geometry":{"type":"Polygon","coordinates":[[[-6.0,57.28795],[-6.00169,57.28873],[-6.0225,57.30411],[-6.00336,57.32542],[-5.91586,57.30083],[-5.94508,57.27453],[-6.0,57.28795]]]}},{"type":"Feature","properties":{"kind":"land","level":1},"geometry":{"type":"Polygon","coordinates":[[[5.77247,59.15414],[5.77247,59.15831],[5.77834,59.17706],[5.80744,59.16747],[5.82833,59.20119],[5.8775,59.185],[5.84164,59.14044],[5.795,59.13872],[5.77247,59.15414]]]}},{"type":"Feature","properties":{"kind":"land","level":1},"geometry":{"type":"Polygon","coordinates":[[[-1.11586,50.79997],[-1.1142,50.8008],[-1.09253,50.81084],[-1.10167,50.82539],[-1.04446,50.82297],[-1.04916,50.78917],[-1.03081,50.78664],[-1.095,50.77622],[-1.11586,50.79997]]]}},{"type":"Feature","properties":{"kind":"land","level":1},"geometry":{"type":"Polygon","coordinates":[[[5.1067,59.99875],[5.10897,59.99883],[5.18664,60.01706],[5.22083,59.98583],[5.12994,59.96542],[5.1067,59.99875]]]}},{"type":"Feature","properties":{"kind":"land","level":1},"geometry":{"type":"Polygon","coordinates":[[[5.59575,62.32828],[5.59583,62.32914],[5.63331,62.34536],[5.68828,62.34125],[5.67328,62.36041],[5.74572,62.3675],[5.73661,62.32369],[5.65667,62.32369],[5.64492,62.31708],[5.59575,62.32828]]]}},{"type":"Feature","properties":{"kind":"land","level":1},"geometry":{"type":"Polygon","coordinates":[[[4.77419,60.5925],[4.77417,60.59833],[4.79586,60.59416],[4.78083,60.61581],[4.80411,60.61497],[4.79659,60.67375],[4.85911,60.6133],[4.83916,60.6133],[4.84,60.58125],[4.77419,60.5925]]]}},{"type":"Feature","properties":{"kind":"land","level":1},"geometry":{"type":"Polygon","coordinates":[[[-2.40128,46.72498],[-2.40125,46.72661],[-2.37334,46.73459],[-2.32089,46.72125],[-2.28384,46.68914],[-2.38253,46.69875],[-2.40128,46.72498]]]}},{"type":"Feature","properties":{"kind":"land","level":1},"geometry":{"type":"Polygon","coordinates":[[[-5.60086,56.46167],[-5.60086,56.46333],[-5.57417,56.49831],[-5.52253,56.51328],[-5.47256,56.5575],[-5.42917,56.56081],[-5.5042,56.49831],[-5.60086,56.46167]]]}},{"type":"Feature","properties":{"kind":"land","level":1},"geometry":{"type":"Polygon","coordinates":[[[7.13981,53.7092],[7.13975,53.71169],[7.20055,53.72617],[7.34803,53.72383],[7.25723,53.70605],[7.15389,53.69952],[7.13981,53.7092]]]}},{"type":"Feature","properties":{"kind":"land","level":1},"geometry":{"type":"Polygon","coordinates":[[[-9.72581,53.2608],[-9.7242,53.26167],[-9.65836,53.28289],[-9.64925,53.2275],[-9.70502,53.22458],[-9.72581,53.2608]]]}},{"type":"Feature","properties":{"kind":"land","level":1},"geometry":{"type":"Polygon","coordinates":[[[11.5125,56.71584],[11.51247,56.71836],[11.66414,56.73666],[11.56492,56.68703],[11.53075,56.69247],[11.5125,56.71584]]]}},{"type":"Feature","properties":{"kind":"land","level":1},"geometry":{"type":"Polygon","coordinates":[[[4.99658,60.97461],[4.99494,60.97458],[4.93247,60.97166],[4.92989,61.01122],[4.97244,61.00999],[4.97,60.99039],[4.97994,61.01375],[5.0125,61.00997],[5.02084,60.9933],[4.98409,60.99248],[5.03589,60.97169],[4.99658,60.97461]]]}},{"type":"Feature","properties":{"kind":"land","level":1},"geometry":{"type":"Polygon","coordinates":[[[6.52072,58.24083],[6.52084,58.24414],[6.61082,58.23687],[6.62911,58.1958],[6.58247,58.20334],[6.55833,58.23372],[6.56411,58.21417],[6.54161,58.21123],[6.52072,58.24083]]]}},{"type":"Feature","properties":{"kind":"land","level":1},"geometry":{"type":"Polygon","coordinates":[[[6.00911,62.55251],[6.00992,62.55292],[6.10253,62.57164],[6.08495,62.58955],[6.12911,62.5883],[6.13506,62.53039],[6.09325,62.55375],[6.0217,62.53542],[6.04078,62.5433],[6.00911,62.55251]]]}},{"type":"Feature","properties":{"kind":"land","level":1},"geometry":{"type":"Polygon","coordinates":[[[-1.00089,60.37],[-1.0,60.36964],[-0.96172,60.38458],[-0.90089,60.3825],[-1.00664,60.32709],[-1.04089,60.34081],[-1.00089,60.37]]]}},{"type":"Feature","properties":{"kind":"land","level":1},"geometry":{"type":"Polygon","coordinates":[[[10.88245,59.17751],[10.88242,59.17917],[10.92995,59.21372],[10.95411,59.17331],[10.93831,59.13789],[10.90083,59.14831],[10.90325,59.18791],[10.88245,59.17751]]]}},{"type":"Feature","properties":{"kind":"land","level":1},"geometry":{"type":"Polygon","coordinates":[[[4.79083,61.7908],[4.7908,61.79244],[4.84828,61.81291],[4.90325,61.77789],[4.84656,61.74622],[4.85414,61.76836],[4.79083,61.7908]]]}},{"type":"Feature","properties":{"kind":"land","level":1},"geometry":{"type":"Polygon","coordinates":[[[-9.92592,51.61667],[-9.92583,51.61833],[-9.90506,51.63875],[-9.83836,51.64372],[-9.82833,51.63289],[-9.7858,51.64578],[-9.83833,51.61792],[-9.92592,51.61667]]]}},{"type":"Feature","properties":{"kind":"land","level":1},"geometry":{"type":"Polygon","coordinates":[[[-8.55672,54.99619],[-8.54922,55.0],[-8.56425,55.01417],[-8.54173,55.02208],[-8.49589,55.00164],[-8.49092,54.97247],[-8.57005,54.97283],[-8.55672,54.99619]]]}},{"type":"Feature","properties":{"kind":"land","level":1},"geometry":{"type":"Polygon","coordinates":[[[7.22411,62.6625],[7.22414,62.66414],[7.28492,62.68042],[7.39083,62.66],[7.31997,62.64622],[7.22411,62.6625]]]}},{"type":"Feature","properties":{"kind":"land","level":1},"geometry":{"type":"Polygon","coordinates":[[[-6.27084,56.47586],[-6.27086,56.4783],[-6.22334,56.50041],[-6.14425,56.47083],[-6.20836,56.45869],[-6.21172,56.47041],[-6.24664,56.46372],[-6.27084,56.47586]]]}},{"type":"Feature","properties":{"kind":"land","level":1},"geometry":{"type":"Polygon","coordinates":[[[7.46461,53.73372],[7.46458,53.73453],[7.49211,53.75828],[7.63123,53.75264],[7.62703,53.7422],[7.517,53.74653],[7.497,53.72403],[7.46461,53.73372]]]}},{"type":"Feature","properties":{"kind":"land","level":1},"geometry":{"type":"Polygon","coordinates":[[[9.89086,63.99914],[9.89089,64.0],[9.84581,64.00831],[9.89078,64.02167],[9.85,64.02208],[9.83914,64.03667],[9.87994,64.03625],[9.90322,64.05286],[9.93073,64.03503],[9.90747,64.0275],[9.95578,64.01497],[9.89086,63.99914]]]}},{"type":"Feature","properties":{"kind":"land","level":1},"geometry":{"type":"Polygon","coordinates":[[[10.82586,59.1],[10.82572,59.10164],[10.86658,59.12119],[10.86003,59.09203],[10.89497,59.11875],[10.92075,59.11169],[10.87997,59.06792],[10.88247,59.08081],[10.85494,59.07039],[10.82586,59.1]]]}},{"type":"Feature","properties":{"kind":"land","level":1},"geometry":{"type":"Polygon","coordinates":[[[-1.00667,50.78206],[-1.00836,50.78289],[-1.0275,50.79247],[-0.9975,50.79581],[-0.98581,50.82834],[-0.95672,50.82958],[-0.9725,50.80498],[-0.9375,50.77664],[-1.00667,50.78206]]]}},{"type":"Feature","properties":{"kind":"land","level":1},"geometry":{"type":"Polygon","coordinates":[[[6.0,59.21201],[6.00494,59.21125],[6.10586,59.22997],[6.04659,59.18292],[6.01405,59.1808],[6.0,59.21201]]]}},{"type":"Feature","properties":{"kind":"land","level":1},"geometry":{"type":"Polygon","coordinates":[[[9.99411,64.08083],[10.0,64.077],[10.04911,64.05247],[9.97489,64.03709],[9.93417,64.07167],[9.99411,64.08083]]]}},{"type":"Feature","properties":{"kind":"land","level":1},"geometry":{"type":"Polygon","coordinates":[[[7.66614,53.75674],[7.66614,53.76256],[7.70025,53.78131],[7.81436,53.77742],[7.75858,53.76036],[7.66614,53.75674]]]}},{"type":"Feature","properties":{"kind":"land","level":1},"geometry":{"type":"Polygon","coordinates":[[[6.51578,62.64333],[6.51828,62.64458],[6.57328,62.65375],[6.60081,62.68914],[6.6517,62.70625],[6.665,62.66039],[6.51578,62.64333]]]}},{"type":"Feature","properties":{"kind":"land","level":1},"geometry":{"type":"Polygon","coordinates":[[[5.56914,59.09247],[5.56908,59.09917],[5.63664,59.09958],[5.70742,59.06331],[5.66658,59.06375],[5.67328,59.07709],[5.6217,59.07375],[5.60159,59.09622],[5.58825,59.08292],[5.56914,59.09247]]]}},{"type":"Feature","properties":{"kind":"land","level":1},"geometry":{"type":"Polygon","coordinates":[[[4.83578,60.53914],[4.83581,60.54],[4.88408,60.56169],[4.91991,60.49206],[4.89333,60.51205],[4.87581,60.49667],[4.83578,60.53914]]]}},{"type":"Feature","properties":{"kind":"land","level":1},"geometry":{"type":"Polygon","coordinates":[[[11.3625,54.95084],[11.36242,54.95416],[11.40667,54.94792],[11.41328,54.96875],[11.45667,54.96289],[11.47083,54.94333],[11.43497,54.94375],[11.40327,54.92122],[11.3625,54.95084]]]}},{"type":"Feature","properties":{"kind":"land","level":1},"geometry":{"type":"Polygon","coordinates":[[[11.55419,57.86667],[11.55414,57.86911],[11.60911,57.87833],[11.55753,57.88661],[11.58164,57.89875],[11.62495,57.89877],[11.64244,57.88164],[11.59003,57.84706],[11.59245,57.86247],[11.55419,57.86667]]]}},{"type":"Feature","properties":{"kind":"land","level":1},"geometry":{"type":"Polygon","coordinates":[[[4.82747,61.68164],[4.82745,61.68336],[4.88003,61.71709],[4.90744,61.65337],[4.88656,61.66875],[4.86664,61.65461],[4.82747,61.68164]]]}},{"type":"Feature","properties":{"kind":"land","level":1},"geometry":{"type":"Polygon","coordinates":[[[-10.0,53.81375],[-9.99922,53.81416],[-9.98333,53.82789],[-9.94581,53.80667],[-9.98833,53.79039],[-10.05422,53.79],[-10.04831,53.80456],[-10.0,53.81375]]]}},{"type":"Feature","properties":{"kind":"land","level":1},"geometry":{"type":"Polygon","coordinates":[[[-5.1413,48.44997],[-5.14125,48.45084],[-5.0725,48.48372],[-5.03545,48.46417],[-5.1075,48.43625],[-5.1,48.45622],[-5.1413,48.44997]]]}},{"type":"Feature","properties":{"kind":"land","level":1},"geometry":{"type":"Polygon","coordinates":[[[5.02242,61.16586],[5.02245,61.1683],[5.06253,61.16336],[5.09333,61.11539],[5.03081,61.12164],[5.02242,61.16586]]]}},{"type":"Feature","properties":{"kind":"land","level":1},"geometry":{"type":"Polygon","coordinates":[[[5.05742,59.85083],[5.05747,59.85164],[5.08659,59.84206],[5.07578,59.86166],[5.10492,59.86875],[5.15916,59.83747],[5.10667,59.82455],[5.05742,59.85083]]]}},{"type":"Feature","properties":{"kind":"land","level":1},"geometry":{"type":"Polygon","coordinates":[[[11.77747,55.7775],[11.77742,55.785],[11.81661,55.78208],[11.83158,55.80875],[11.84914,55.785],[11.81831,55.74959],[11.77747,55.7775]]]}},{"type":"Feature","properties":{"kind":"land","level":1},"geometry":{"type":"Polygon","coordinates":[[[-6.28592,55.29247],[-6.28586,55.295],[-6.24164,55.31209],[-6.1675,55.29913],[-6.19,55.25708],[-6.19672,55.29205],[-6.28592,55.29247]]]}},{"type":"Feature","properties":{"kind":"land","level":1},"geometry":{"type":"Polygon","coordinates":[[[10.99831,58.91373],[11.0,58.91295],[11.02586,58.91505],[11.01678,58.89378],[11.04498,58.90464],[11.06425,58.89503],[11.05336,58.86214],[11.00664,58.88797],[10.98739,58.87161],[10.99831,58.91373]]]}},{"type":"Feature","properties":{"kind":"land","level":1},"geometry":{"type":"Polygon","coordinates":[[[-5.75417,56.16664],[-5.7542,56.17162],[-5.72839,56.19125],[-5.6758,56.19167],[-5.67336,56.16705],[-5.75417,56.16664]]]}},{"type":"Feature","properties":{"kind":"land","level":1},"geometry":{"type":"Polygon","coordinates":[[[5.49747,62.36583],[5.50003,62.36711],[5.55492,62.37456],[5.60578,62.34081],[5.52995,62.32875],[5.49747,62.36583]]]}},{"type":"Feature","properties":{"kind":"land","level":1},"geometry":{"type":"Polygon","coordinates":[[[-3.51381,47.64997],[-3.51381,47.65083],[-3.43664,47.64458],[-3.41544,47.62581],[-3.46425,47.62128],[-3.51381,47.64997]]]}},{"type":"Feature","properties":{"kind":"land","level":1},"geometry":{"type":"Polygon","coordinates":[[[-5.77758,55.66997],[-5.77756,55.67667],[-5.72009,55.72789],[-5.7325,55.66083],[-5.76669,55.64458],[-5.77758,55.66997]]]}},{"type":"Feature","properties":{"kind":"land","level":1},"geometry":{"type":"Polygon","coordinates":[[[9.43247,58.85664],[9.43253,58.86081],[9.47911,58.86333],[9.43244,58.8633],[9.45167,58.88539],[9.48161,58.86872],[9.51828,58.87537],[9.51828,58.86122],[9.55411,58.86497],[9.50822,58.84375],[9.505,58.85628],[9.46664,58.85208],[9.48497,58.84122],[9.43247,58.85664]]]}},{"type":"Feature","properties":{"kind":"land","level":1},"geometry":{"type":"Polygon","coordinates":[[[6.22328,62.68205],[6.22498,62.68372],[6.23167,62.69453],[6.29328,62.69122],[6.35089,62.66083],[6.31489,62.65286],[6.22328,62.68205]]]}},{"type":"Feature","properties":{"kind":"land","level":1},"geometry":{"type":"Polygon","coordinates":[[[8.35586,63.30994],[8.35583,63.31081],[8.42328,63.33458],[8.4825,63.32164],[8.44997,63.30453],[8.35586,63.30994]]]}},{"type":"Feature","properties":{"kind":"land","level":1},"geometry":{"type":"Polygon","coordinates":[[[7.74247,63.11],[7.74242,63.11166],[7.83322,63.13872],[7.87417,63.11917],[7.74247,63.11]]]}},{"type":"Feature","properties":{"kind":"land","level":1},"geometry":{"type":"Polygon","coordinates":[[[-3.27583,54.12997],[-3.27583,54.14333],[-3.25089,54.15],[-3.24756,54.09334],[-3.20414,54.05083],[-3.17169,54.04456],[-3.21255,54.04753],[-3.27583,54.12997]]]}},{"type":"Feature","properties":{"kind":"land","level":1},"geometry":{"type":"Polygon","coordinates":[[[-7.0,57.88705],[-7.0025,57.88583],[-7.04508,57.89458],[-7.07503,57.87541],[-7.08589,57.89247],[-7.00506,57.92289],[-7.0,57.88705]]]}},{"type":"Feature","properties":{"kind":"land","level":1},"geometry":{"type":"Polygon","coordinates":[[[-5.66756,56.21747],[-5.66758,56.22083],[-5.63842,56.27036],[-5.61916,56.24828],[-5.63342,56.18875],[-5.66756,56.21747]]]}},{"type":"Feature","properties":{"kind":"land","level":1},"geometry":{"type":"Polygon","coordinates":[[[6.4075,62.76494],[6.40744,62.76831],[6.4825,62.79164],[6.47,62.72961],[6.4192,62.74497],[6.45075,62.75667],[6.4075,62.76494]]]}},{"type":"Feature","properties":{"kind":"land","level":1},"geometry":{"type":"Polygon","coordinates":[[[7.0,53.67536],[6.99661,53.67538],[6.87414,53.6658],[7.09314,53.68339],[7.0,53.67536]]]}},{"type":"Feature","properties":{"kind":"land","level":1},"geometry":{"type":"Polygon","coordinates":[[[5.5508,59.85333],[5.55078,59.85583],[5.58497,59.87541],[5.61919,59.85336],[5.58828,59.81289],[5.5508,59.85333]]]}},{"type":"Feature","properties":{"kind":"land","level":1},"geometry":{"type":"Polygon","coordinates":[[[-5.65586,56.29578],[-5.65583,56.29831],[-5.58256,56.32411],[-5.62336,56.26459],[-5.65586,56.29578]]]}},{"type":"Feature","properties":{"kind":"land","level":1},"geometry":{"type":"Polygon","coordinates":[[[-1.37747,60.04747],[-1.3775,60.05164],[-1.3465,60.06174],[-1.3575,60.07997],[-1.32922,60.09998],[-1.35255,60.10831],[-1.31667,60.11955],[-1.32747,60.08498],[-1.29591,60.09247],[-1.33083,60.0433],[-1.33334,60.08205],[-1.35089,60.05],[-1.37747,60.04747]]]}},{"type":"Feature","properties":{"kind":"land","level":1},"geometry":{"type":"Polygon","coordinates":[[[11.08075,55.91417],[11.08083,55.91917],[11.21914,55.855],[11.14497,55.87372],[11.08075,55.91417]]]}},{"type":"Feature","properties":{"kind":"land","level":1},"geometry":{"type":"Polygon","coordinates":[[[6.16245,62.66664],[6.16245,62.66914],[6.17325,62.68459],[6.20494,62.68042],[6.2775,62.63081],[6.16245,62.66664]]]}},{"type":"Feature","properties":{"kind":"land","level":1},"geometry":{"type":"Polygon","coordinates":[[[10.23248,55.75322],[10.2325,55.75403],[10.29997,55.7628],[10.31416,55.79073],[10.31997,55.74364],[10.23248,55.75322]]]}},{"type":"Feature","properties":{"kind":"land","level":1},"geometry":{"type":"Polygon","coordinates":[[[-2.1175,60.13499],[-2.11747,60.13583],[-2.08842,60.15789],[-2.05089,60.1575],[-2.06169,60.11122],[-2.1175,60.13499]]]}},{"type":"Feature","properties":{"kind":"land","level":1},"geometry":{"type":"Polygon","coordinates":[[[11.99831,54.92461],[11.99744,54.92497],[11.99667,54.93709],[12.0,54.93713],[12.0,54.92419],[11.99831,54.92461]]]}},{"type":"Feature","properties":{"kind":"land","level":1},"geometry":{"type":"Polygon","coordinates":[[[4.78411,61.58333],[4.7867,61.58456],[4.8558,61.60583],[4.83997,61.64789],[4.8575,61.61247],[4.90578,61.59497],[4.78411,61.58333]]]}},{"type":"Feature","properties":{"kind":"land","level":1},"geometry":{"type":"Polygon","coordinates":[[[8.43572,54.44498],[8.43578,54.45497],[8.47747,54.46497],[8.49417,54.42247],[8.43572,54.44498]]]}},{"type":"Feature","properties":{"kind":"land","level":1},"geometry":{"type":"Polygon","coordinates":[[[-5.59256,56.38081],[-5.5925,56.38167],[-5.56503,56.40872],[-5.49586,56.42497],[-5.555,56.37125],[-5.59256,56.38081]]]}},{"type":"Feature","properties":{"kind":"land","level":1},"geometry":{"type":"Polygon","coordinates":[[[-4.95417,55.74667],[-4.95414,55.7525],[-4.92917,55.78748],[-4.90172,55.79208],[-4.90092,55.75247],[-4.95417,55.74667]]]}},{"type":"Feature","properties":{"kind":"land","level":1},"geometry":{"type":"Polygon","coordinates":[[[6.12917,62.63252],[6.12917,62.63497],[6.19497,62.63625],[6.22411,62.60414],[6.14822,62.61456],[6.12917,62.63252]]]}},{"type":"Feature","properties":{"kind":"land","level":1},"geometry":{"type":"Polygon","coordinates":[[[5.39244,62.2575],[5.39239,62.2583],[5.4733,62.26788],[5.48575,62.25244],[5.45245,62.25664],[5.49247,62.23914],[5.40994,62.24208],[5.39244,62.2575]]]}},{"type":"Feature","properties":{"kind":"land","level":1},"geometry":{"type":"Polygon","coordinates":[[[10.62586,64.51747],[10.62572,64.51917],[10.64494,64.53953],[10.67919,64.53247],[10.68161,64.55458],[10.70331,64.54122],[10.72739,64.54747],[10.72667,64.53375],[10.68422,64.53664],[10.70242,64.52497],[10.72661,64.53291],[10.75411,64.51997],[10.68667,64.52294],[10.68833,64.51122],[10.66994,64.53289],[10.66661,64.51706],[10.66331,64.53039],[10.62586,64.51747]]]}},{"type":"Feature","properties":{"kind":"land","level":1},"geometry":{"type":"Polygon","coordinates":[[[5.64408,59.72581],[5.64414,59.72747],[5.65497,59.74292],[5.67828,59.74039],[5.72739,59.70247],[5.64994,59.71375],[5.64408,59.72581]]]}},{"type":"Feature","properties":{"kind":"land","level":1},"geometry":{"type":"Polygon","coordinates":[[[-7.22755,57.70667],[-7.22581,57.7075],[-7.19664,57.73703],[-7.14247,57.7325],[-7.17839,57.70289],[-7.22755,57.70667]]]}},{"type":"Feature","properties":{"kind":"land","level":1},"geometry":{"type":"Polygon","coordinates":[[[5.05578,61.4783],[5.05578,61.48003],[5.05583,61.50083],[5.09328,61.49706],[5.09164,61.51039],[5.16911,61.48917],[5.05578,61.4783]]]}},{"type":"Feature","properties":{"kind":"land","level":1},"geometry":{"type":"Polygon","coordinates":[[[4.89414,60.92328],[4.89414,60.925],[4.9017,60.93789],[4.93745,60.92998],[4.95825,60.88542],[4.9258,60.88497],[4.89414,60.92328]]]}},{"type":"Feature","properties":{"kind":"land","level":1},"geometry":{"type":"Polygon","coordinates":[[[5.03589,61.5625],[5.0433,61.56456],[5.09995,61.57622],[5.1758,61.54584],[5.03589,61.5625]]]}},{"type":"Feature","properties":{"kind":"land","level":1},"geometry":{"type":"Polygon","coordinates":[[[9.36755,63.65414],[9.36745,63.65664],[9.41822,63.69125],[9.45905,63.64253],[9.42494,63.64125],[9.40495,63.66042],[9.40489,63.64708],[9.36755,63.65414]]]}},{"type":"Feature","properties":{"kind":"land","level":1},"geometry":{"type":"Polygon","coordinates":[[[11.4975,54.97828],[11.49742,54.98164],[11.54828,54.98869],[11.56914,54.97163],[11.53825,54.94622],[11.4975,54.97828]]]}},{"type":"Feature","properties":{"kind":"land","level":1},"geometry":{"type":"Polygon","coordinates":[[[5.995,62.48625],[6.0,62.48372],[6.04916,62.48747],[6.03494,62.46542],[5.93417,62.46581],[5.96494,62.49286],[5.995,62.48625]]]}},{"type":"Feature","properties":{"kind":"land","level":1},"geometry":{"type":"Polygon","coordinates":[[[6.08747,62.45747],[6.08752,62.46083],[6.18328,62.48372],[6.26242,62.47578],[6.08747,62.45747]]]}},{"type":"Feature","properties":{"kind":"land","level":1},"geometry":{"type":"Polygon","coordinates":[[[7.79411,63.33664],[7.79836,63.33872],[7.8783,63.35374],[7.95307,63.3333],[7.79411,63.33664]]]}},{"type":"Feature","properties":{"kind":"land","level":1},"geometry":{"type":"Polygon","coordinates":[[[-6.33755,62.33495],[-6.33759,62.34161],[-6.30678,62.35542],[-6.25761,62.3375],[-6.31347,62.31622],[-6.33755,62.33495]]]}},{"type":"Feature","properties":{"kind":"land","level":1},"geometry":{"type":"Polygon","coordinates":[[[-6.60919,57.04997],[-6.60917,57.05251],[-6.55497,57.06875],[-6.48586,57.06497],[-6.58672,57.04295],[-6.60919,57.04997]]]}},{"type":"Feature","properties":{"kind":"land","level":1},"geometry":{"type":"Polygon","coordinates":[[[5.10914,60.14164],[5.10905,60.1425],[5.13325,60.13622],[5.15411,60.1525],[5.165,60.09209],[5.13572,60.09331],[5.10914,60.14164]]]}},{"type":"Feature","properties":{"kind":"land","level":1},"geometry":{"type":"Polygon","coordinates":[[[11.60911,57.69333],[11.60914,57.6983],[11.64581,57.69833],[11.6283,57.73042],[11.65747,57.72081],[11.6775,57.67998],[11.60911,57.69333]]]}},{"type":"Feature","properties":{"kind":"land","level":1},"geometry":{"type":"Polygon","coordinates":[[[-6.65581,62.0],[-6.65578,61.99997],[-6.61253,61.96667],[-6.62505,61.95042],[-6.67756,61.98331],[-6.69003,62.02373],[-6.65581,62.0]]]}},{"type":"Feature","properties":{"kind":"land","level":1},"geometry":{"type":"Polygon","coordinates":[[[-5.99753,57.53833],[-5.99747,57.54666],[-5.97425,57.5508],[-5.98753,57.57161],[-5.96669,57.58456],[-5.95081,57.56667],[-5.97339,57.51539],[-5.99753,57.53833]]]}},{"type":"Feature","properties":{"kind":"land","level":1},"geometry":{"type":"Polygon","coordinates":[[[11.18906,64.455],[11.18914,64.45744],[11.21325,64.49125],[11.27155,64.48956],[11.28167,64.47292],[11.18906,64.455]]]}},{"type":"Feature","properties":{"kind":"land","level":1},"geometry":{"type":"Polygon","coordinates":[[[5.87583,59.12164],[5.87989,59.12625],[5.92995,59.15872],[5.94914,59.13245],[5.89161,59.11125],[5.87583,59.12164]]]}},{"type":"Feature","properties":{"kind":"land","level":1},"geometry":{"type":"Polygon","coordinates":[[[-6.25592,57.14581],[-6.25592,57.14997],[-6.20497,57.16705],[-6.17747,57.15833],[-6.21839,57.12958],[-6.25592,57.14581]]]}},{"type":"Feature","properties":{"kind":"land","level":1},"geometry":{"type":"Polygon","coordinates":[[[4.68745,61.30164],[4.68753,61.30495],[4.72169,61.32042],[4.7858,61.2925],[4.705,61.28625],[4.68745,61.30164]]]}},{"type":"Feature","properties":{"kind":"land","level":1},"geometry":{"type":"Polygon","coordinates":[[[-6.86086,61.77161],[-6.86086,61.77333],[-6.85342,61.78873],[-6.81336,61.78291],[-6.79078,61.74997],[-6.81836,61.74625],[-6.86086,61.77161]]]}},{"type":"Feature","properties":{"kind":"land","level":1},"geometry":{"type":"Polygon","coordinates":[[[5.00911,61.915],[5.01083,61.91583],[5.0267,61.92706],[5.12911,61.89831],[5.04503,61.89708],[5.00911,61.915]]]}},{"type":"Feature","properties":{"kind":"land","level":1},"geometry":{"type":"Polygon","coordinates":[[[-7.57592,56.93333],[-7.57589,56.93414],[-7.56175,56.94869],[-7.48925,56.92914],[-7.52333,56.93039],[-7.53414,56.92081],[-7.50414,56.91664],[-7.55,56.90708],[-7.56422,56.91997],[-7.54422,56.92664],[-7.57592,56.93333]]]}},{"type":"Feature","properties":{"kind":"land","level":1},"geometry":{"type":"Polygon","coordinates":[[[-7.17089,58.02917],[-7.17083,58.02997],[-7.13,58.03958],[-7.10089,58.00664],[-7.15336,58.01039],[-7.17089,58.02917]]]}},{"type":"Feature","properties":{"kind":"land","level":1},"geometry":{"type":"Polygon","coordinates":[[[-7.66258,62.10164],[-7.66253,62.1033],[-7.59175,62.11794],[-7.52756,62.09416],[-7.66258,62.10164]]]}},{"type":"Feature","properties":{"kind":"land","level":1},"geometry":{"type":"Polygon","coordinates":[[[-3.14917,58.82664],[-3.14919,58.83167],[-3.06419,58.84833],[-3.11092,58.83833],[-3.07758,58.83333],[-3.08172,58.81456],[-3.14917,58.82664]]]}},{"type":"Feature","properties":{"kind":"land","level":1},"geometry":{"type":"Polygon","coordinates":[[[-10.26089,53.62247],[-10.26086,53.625],[-10.19839,53.63625],[-10.17758,53.61664],[-10.1983,53.60622],[-10.26089,53.62247]]]}},{"type":"Feature","properties":{"kind":"land","level":1},"geometry":{"type":"Polygon","coordinates":[[[-7.40755,57.54419],[-7.40755,57.54913],[-7.34586,57.53667],[-7.355,57.49789],[-7.40755,57.54419]]]}},{"type":"Feature","properties":{"kind":"land","level":1},"geometry":{"type":"Polygon","coordinates":[[[-2.91425,59.34412],[-2.91425,59.34833],[-2.87839,59.38544],[-2.88509,59.32539],[-2.91097,59.32417],[-2.91425,59.34412]]]}},{"type":"Feature","properties":{"kind":"land","level":1},"geometry":{"type":"Polygon","coordinates":[[[4.26414,51.74742],[4.26408,51.75244],[4.35741,51.73244],[4.31825,51.7262],[4.26414,51.74742]]]}},{"type":"Feature","properties":{"kind":"land","level":1},"geometry":{"type":"Polygon","coordinates":[[[5.79078,59.93164],[5.79253,59.93245],[5.9558,59.97997],[5.94994,59.96123],[5.90331,59.96292],[5.79078,59.93164]]]}},{"type":"Feature","properties":{"kind":"land","level":1},"geometry":{"type":"Polygon","coordinates":[[[6.31741,62.70578],[6.31747,62.70663],[6.415,62.71455],[6.43417,62.69997],[6.39989,62.68875],[6.31741,62.70578]]]}},{"type":"Feature","properties":{"kind":"land","level":1},"geometry":{"type":"Polygon","coordinates":[[[7.7775,62.97661],[7.77747,62.97747],[7.83503,62.99542],[7.87747,62.97994],[7.81333,62.96455],[7.7775,62.97661]]]}},{"type":"Feature","properties":{"kind":"land","level":1},"geometry":{"type":"Polygon","coordinates":[[[8.53086,55.27414],[8.53081,55.27917],[8.55333,55.29539],[8.59409,55.2908],[8.56167,55.26375],[8.53086,55.27414]]]}},{"type":"Feature","properties":{"kind":"land","level":1},"geometry":{"type":"Polygon","coordinates":[[[-1.73756,60.3375],[-1.73756,60.34],[-1.6983,60.34625],[-1.68675,60.33369],[-1.67006,60.34539],[-1.65753,60.32828],[-1.72175,60.31792],[-1.73756,60.3375]]]}},{"type":"Feature","properties":{"kind":"land","level":1},"geometry":{"type":"Polygon","coordinates":[[[5.57575,59.88997],[5.57578,59.89164],[5.60494,59.91786],[5.63084,59.9],[5.62083,59.87414],[5.57575,59.88997]]]}},{"type":"Feature","properties":{"kind":"land","level":1},"geometry":{"type":"Polygon","coordinates":[[[10.9158,59.055],[10.91586,59.0558],[10.95664,59.08536],[10.96741,59.03748],[10.94664,59.03042],[10.94414,59.0508],[10.9158,59.055]]]}},{"type":"Feature","properties":{"kind":"land","level":1},"geometry":{"type":"Polygon","coordinates":[[[-1.66256,59.52497],[-1.66253,59.5258],[-1.64089,59.55331],[-1.6067,59.55456],[-1.62414,59.51497],[-1.65511,59.51292],[-1.66256,59.52497]]]}},{"type":"Feature","properties":{"kind":"land","level":1},"geometry":{"type":"Polygon","coordinates":[[[-9.62089,53.06828],[-9.62089,53.07497],[-9.59664,53.09786],[-9.56914,53.09663],[-9.57922,53.07164],[-9.62089,53.06828]]]}},{"type":"Feature","properties":{"kind":"land","level":1},"geometry":{"type":"Polygon","coordinates":[[[5.04586,59.99836],[5.04655,59.99872],[5.07581,60.0083],[5.02666,60.01869],[5.10075,60.0083],[5.08334,59.98036],[5.04586,59.99836]]]}},{"type":"Feature","properties":{"kind":"land","level":1},"geometry":{"type":"Polygon","coordinates":[[[-9.71259,53.29497],[-9.71252,53.29828],[-9.68333,53.30786],[-9.63419,53.29666],[-9.69172,53.27869],[-9.71259,53.29497]]]}},{"type":"Feature","properties":{"kind":"land","level":1},"geometry":{"type":"Polygon","coordinates":[[[5.26336,61.9987],[5.26075,62.0],[5.26495,62.02875],[5.30495,62.02455],[5.30911,61.9975],[5.26336,61.9987]]]}},{"type":"Feature","properties":{"kind":"land","level":1},"geometry":{"type":"Polygon","coordinates":[[[11.12083,58.87581],[11.12086,58.87833],[11.14914,58.8775],[11.14164,58.89875],[11.17167,58.88542],[11.18167,58.89711],[11.19742,58.86917],[11.16185,58.87107],[11.13,58.86539],[11.12083,58.87581]]]}},{"type":"Feature","properties":{"kind":"land","level":1},"geometry":{"type":"Polygon","coordinates":[[[11.3457,58.14084],[11.3457,58.1425],[11.38564,58.1833],[11.43569,58.19],[11.41148,58.18286],[11.39403,58.16837],[11.38992,58.14539],[11.3457,58.14084]]]}},{"type":"Feature","properties":{"kind":"land","level":1},"geometry":{"type":"Polygon","coordinates":[[[6.86578,53.63499],[6.86575,53.63744],[6.88331,53.65542],[6.92578,53.64748],[6.89997,53.62372],[6.86578,53.63499]]]}},{"type":"Feature","properties":{"kind":"land","level":1},"geometry":{"type":"Polygon","coordinates":[[[5.33911,62.21],[5.34089,62.21083],[5.37836,62.22623],[5.41911,62.195],[5.33911,62.21]]]}},{"type":"Feature","properties":{"kind":"land","level":1},"geometry":{"type":"Polygon","coordinates":[[[-2.23539,49.70667],[-2.23536,49.70753],[-2.21989,49.72208],[-2.1595,49.72917],[-2.19328,49.70711],[-2.23539,49.70667]]]}},{"type":"Feature","properties":{"kind":"land","level":1},"geometry":{"type":"Polygon","coordinates":[[[-6.45089,56.31416],[-6.44836,56.31541],[-6.42586,56.32164],[-6.43425,56.33581],[-6.38258,56.3475],[-6.42169,56.30539],[-6.45089,56.31416]]]}},{"type":"Feature","properties":{"kind":"land","level":1},"geometry":{"type":"Polygon","coordinates":[[[4.68745,60.785],[4.68745,60.78745],[4.73908,60.77995],[4.74158,60.75288],[4.70406,60.75081],[4.68745,60.785]]]}},{"type":"Feature","properties":{"kind":"land","level":1},"geometry":{"type":"Polygon","coordinates":[[[-2.45086,59.35661],[-2.45081,59.35919],[-2.43339,59.38619],[-2.37575,59.38914],[-2.40919,59.37583],[-2.40009,59.35372],[-2.45086,59.35661]]]}},{"type":"Feature","properties":{"kind":"land","level":1},"geometry":{"type":"Polygon","coordinates":[[[11.15569,64.81583],[11.15578,64.81834],[11.25494,64.85711],[11.25672,64.84458],[11.21413,64.83927],[11.24323,64.83539],[11.15569,64.81583]]]}},{"type":"Feature","properties":{"kind":"land","level":1},"geometry":{"type":"Polygon","coordinates":[[[8.11575,53.71747],[8.11581,53.71916],[8.14497,53.73788],[8.19247,53.73083],[8.14831,53.71205],[8.11575,53.71747]]]}},{"type":"Feature","properties":{"kind":"land","level":1},"geometry":{"type":"Polygon","coordinates":[[[4.91744,61.51917],[4.91739,61.52167],[4.93164,61.54124],[4.9975,61.50997],[4.96661,61.50122],[4.91744,61.51917]]]}},{"type":"Feature","properties":{"kind":"land","level":1},"geometry":{"type":"Polygon","coordinates":[[[8.45078,54.52744],[8.45084,54.54584],[8.47911,54.5358],[8.48825,54.49622],[8.46408,54.49914],[8.45078,54.52744]]]}},{"type":"Feature","properties":{"kind":"land","level":1},"geometry":{"type":"Polygon","coordinates":[[[8.10247,63.27997],[8.10252,63.28247],[8.21917,63.32327],[8.21989,63.30869],[8.10247,63.27997]]]}},{"type":"Feature","properties":{"kind":"land","level":1},"geometry":{"type":"Polygon","coordinates":[[[5.44581,59.24914],[5.44583,59.25083],[5.50244,59.22997],[5.49492,59.20786],[5.44581,59.24914]]]}},{"type":"Feature","properties":{"kind":"land","level":1},"geometry":{"type":"Polygon","coordinates":[[[7.99836,58.09289],[8.0,58.09286],[8.03078,58.08163],[8.01497,58.05703],[8.02502,58.07875],[7.99828,58.06122],[7.96075,58.0675],[7.99836,58.09289]]]}},{"type":"Feature","properties":{"kind":"land","level":1},"geometry":{"type":"Polygon","coordinates":[[[10.03584,55.84322],[10.0358,55.84988],[10.06161,55.86948],[10.1208,55.86403],[10.03584,55.84322]]]}},{"type":"Feature","properties":{"kind":"land","level":1},"geometry":{"type":"Polygon","coordinates":[[[4.91914,60.47086],[4.91917,60.47166],[4.93242,60.49834],[4.95494,60.49789],[4.96244,60.45744],[4.91914,60.47086]]]}},{"type":"Feature","properties":{"kind":"land","level":1},"geometry":{"type":"Polygon","coordinates":[[[7.84766,53.78905],[7.84769,53.79156],[7.9118,53.79603],[7.97422,53.77797],[7.87517,53.78856],[7.8685,53.77519],[7.84766,53.78905]]]}},{"type":"Feature","properties":{"kind":"land","level":1},"geometry":{"type":"Polygon","coordinates":[[[8.40247,53.95],[8.40244,53.9525],[8.43328,53.96956],[8.46414,53.96414],[8.43914,53.95914],[8.43075,53.9483],[8.45078,53.94827],[8.42331,53.92708],[8.42408,53.94747],[8.40247,53.95]]]}},{"type":"Feature","properties":{"kind":"land","level":1},"geometry":{"type":"Polygon","coordinates":[[[-7.31422,57.07834],[-7.31422,57.08244],[-7.2692,57.09087],[-7.29919,57.06747],[-7.28831,57.05375],[-7.31422,57.07834]]]}},{"type":"Feature","properties":{"kind":"land","level":1},"geometry":{"type":"Polygon","coordinates":[[[9.38253,63.79581],[9.38245,63.79916],[9.38242,63.81497],[9.42825,63.82789],[9.43414,63.79994],[9.40161,63.78789],[9.38253,63.79581]]]}},{"type":"Feature","properties":{"kind":"land","level":1},"geometry":{"type":"Polygon","coordinates":[[[5.30408,60.15083],[5.30417,60.15167],[5.34673,60.18042],[5.37247,60.17084],[5.35661,60.14288],[5.32497,60.15789],[5.30408,60.15083]]]}},{"type":"Feature","properties":{"kind":"land","level":1},"geometry":{"type":"Polygon","coordinates":[[[8.35917,63.57664],[8.36172,63.57789],[8.42006,63.59619],[8.44075,63.5708],[8.40005,63.56125],[8.41833,63.58036],[8.3933,63.56538],[8.35917,63.57664]]]}},{"type":"Feature","properties":{"kind":"land","level":1},"geometry":{"type":"Polygon","coordinates":[[[-7.26419,57.77164],[-7.26422,57.77336],[-7.23672,57.78542],[-7.19756,57.77414],[-7.23333,57.75872],[-7.26419,57.77164]]]}},{"type":"Feature","properties":{"kind":"land","level":1},"geometry":{"type":"Polygon","coordinates":[[[10.64914,55.04497],[10.64917,55.0508],[10.70834,55.05375],[10.71919,55.03328],[10.67503,55.02956],[10.69914,55.0408],[10.64914,55.04497]]]}},{"type":"Feature","properties":{"kind":"land","level":1},"geometry":{"type":"Polygon","coordinates":[[[10.88908,59.06833],[10.88919,59.07249],[10.94158,59.10539],[10.92416,59.06583],[10.88908,59.06833]]]}},{"type":"Feature","properties":{"kind":"land","level":1},"geometry":{"type":"Polygon","coordinates":[[[7.68909,63.11667],[7.68914,63.1183],[7.69994,63.13289],[7.7908,63.13164],[7.72161,63.10709],[7.68909,63.11667]]]}},{"type":"Feature","properties":{"kind":"land","level":1},"geometry":{"type":"Polygon","coordinates":[[[8.50583,54.575],[8.50578,54.57911],[8.56,54.58119],[8.57584,54.55997],[8.50583,54.575]]]}},{"type":"Feature","properties":{"kind":"land","level":1},"geometry":{"type":"Polygon","coordinates":[[[11.27911,64.9175],[11.27914,64.92416],[11.36417,64.95],[11.31331,64.91372],[11.27911,64.9175]]]}},{"type":"Feature","properties":{"kind":"land","level":1},"geometry":{"type":"Polygon","coordinates":[[[4.81741,60.54831],[4.81744,60.54913],[4.86494,60.58955],[4.86914,60.56003],[4.84169,60.54375],[4.81741,60.54831]]]}},{"type":"Feature","properties":{"kind":"land","level":1},"geometry":{"type":"Polygon","coordinates":[[[10.64252,64.88417],[10.64333,64.88456],[10.67159,64.89455],[10.71914,64.88917],[10.70494,64.87456],[10.73402,64.88084],[10.66219,64.85956],[10.69078,64.88167],[10.64252,64.88417]]]}},{"type":"Feature","properties":{"kind":"land","level":1},"geometry":{"type":"Polygon","coordinates":[[[4.86753,61.05583],[4.86745,61.0583],[4.89156,61.08376],[4.91245,61.05161],[4.87994,61.03708],[4.86753,61.05583]]]}},{"type":"Feature","properties":{"kind":"land","level":1},"geometry":{"type":"Polygon","coordinates":[[[-6.71414,57.87497],[-6.7142,57.87578],[-6.66008,57.87456],[-6.64252,57.85831],[-6.67,57.85045],[-6.71414,57.87497]]]}},{"type":"Feature","properties":{"kind":"land","level":1},"geometry":{"type":"Polygon","coordinates":[[[-7.27583,57.49831],[-7.27341,57.49959],[-7.21669,57.50039],[-7.20084,57.47586],[-7.24831,57.47955],[-7.27583,57.49831]]]}},{"type":"Feature","properties":{"kind":"land","level":1},"geometry":{"type":"Polygon","coordinates":[[[-9.5325,51.42664],[-9.53253,51.42751],[-9.46581,51.45087],[-9.4967,51.42536],[-9.5325,51.42664]]]}},{"type":"Feature","properties":{"kind":"land","level":1},"geometry":{"type":"Polygon","coordinates":[[[9.0358,63.67247],[9.0358,63.67831],[9.07831,63.6862],[9.12242,63.67328],[9.07672,63.66289],[9.0358,63.67247]]]}},{"type":"Feature","properties":{"kind":"land","level":1},"geometry":{"type":"Polygon","coordinates":[[[6.09417,62.51414],[6.09409,62.51497],[6.11655,62.53125],[6.14159,62.52539],[6.14244,62.50081],[6.1033,62.49875],[6.09417,62.51414]]]}},{"type":"Feature","properties":{"kind":"land","level":1},"geometry":{"type":"Polygon","coordinates":[[[8.65911,54.06242],[8.65911,54.06411],[8.69078,54.08325],[8.68831,54.03953],[8.65911,54.06242]]]}},{"type":"Feature","properties":{"kind":"land","level":1},"geometry":{"type":"Polygon","coordinates":[[[11.7475,57.59833],[11.74744,57.59914],[11.76997,57.62125],[11.79583,57.6175],[11.80497,57.63953],[11.79578,57.60577],[11.7475,57.59833]]]}},{"type":"Feature","properties":{"kind":"land","level":1},"geometry":{"type":"Polygon","coordinates":[[[11.38414,55.18664],[11.38408,55.18914],[11.41827,55.19041],[11.42492,55.20619],[11.45998,55.18872],[11.48515,55.19699],[11.46161,55.18625],[11.38414,55.18664]]]}},{"type":"Feature","properties":{"kind":"land","level":1},"geometry":{"type":"Polygon","coordinates":[[[10.23248,55.03159],[10.23244,55.03411],[10.25164,55.04036],[10.34581,55.00414],[10.23248,55.03159]]]}},{"type":"Feature","properties":{"kind":"land","level":1},"geometry":{"type":"Polygon","coordinates":[[[5.20914,59.89583],[5.21081,59.89667],[5.25911,59.87747],[5.26661,59.84958],[5.20914,59.89583]]]}},{"type":"Feature","properties":{"kind":"land","level":1},"geometry":{"type":"Polygon","coordinates":[[[-8.61922,57.82247],[-8.61917,57.82831],[-8.5667,57.82625],[-8.55256,57.81167],[-8.58006,57.79875],[-8.61922,57.82247]]]}},{"type":"Feature","properties":{"kind":"land","level":1},"geometry":{"type":"Polygon","coordinates":[[[8.02239,63.28253],[8.02242,63.28497],[8.0525,63.29828],[8.03161,63.30208],[8.08745,63.30331],[8.07167,63.31152],[8.11411,63.305],[8.02239,63.28253]]]}},{"type":"Feature","properties":{"kind":"land","level":1},"geometry":{"type":"Polygon","coordinates":[[[9.0425,58.60414],[9.0425,58.6058],[9.14417,58.63664],[9.10995,58.61125],[9.0425,58.60414]]]}},{"type":"Feature","properties":{"kind":"land","level":1},"geometry":{"type":"Polygon","coordinates":[[[-5.89086,56.79333],[-5.89081,56.79411],[-5.86997,56.80869],[-5.81086,56.79167],[-5.89086,56.79333]]]}},{"type":"Feature","properties":{"kind":"land","level":1},"geometry":{"type":"Polygon","coordinates":[[[5.58253,62.40997],[5.58408,62.4108],[5.66,62.40708],[5.6625,62.39667],[5.60828,62.38377],[5.58253,62.40997]]]}},{"type":"Feature","properties":{"kind":"land","level":1},"geometry":{"type":"Polygon","coordinates":[[[11.30573,58.35],[11.30573,58.35169],[11.33664,58.35959],[11.35233,58.34914],[11.32325,58.31625],[11.30573,58.35]]]}},{"type":"Feature","properties":{"kind":"land","level":1},"geometry":{"type":"Polygon","coordinates":[[[11.66753,57.73583],[11.66744,57.74078],[11.69833,57.75958],[11.68992,57.70956],[11.66753,57.73583]]]}},{"type":"Feature","properties":{"kind":"land","level":1},"geometry":{"type":"Polygon","coordinates":[[[-10.24417,51.58163],[-10.24175,51.58292],[-10.20675,51.60458],[-10.16084,51.60583],[-10.24417,51.58163]]]}},{"type":"Feature","properties":{"kind":"land","level":1},"geometry":{"type":"Polygon","coordinates":[[[5.02077,61.19911],[5.02075,61.20084],[5.07083,61.19664],[5.06828,61.17206],[5.03408,61.17667],[5.02077,61.19911]]]}},{"type":"Feature","properties":{"kind":"land","level":1},"geometry":{"type":"Polygon","coordinates":[[[10.1225,55.05325],[10.12331,55.05373],[10.145,55.06531],[10.17908,55.0408],[10.14494,55.03119],[10.1225,55.05325]]]}},{"type":"Feature","properties":{"kind":"land","level":1},"geometry":{"type":"Polygon","coordinates":[[[-6.93425,61.96584],[-6.93422,61.96834],[-6.88081,61.9575],[-6.86833,61.93125],[-6.93425,61.96584]]]}},{"type":"Feature","properties":{"kind":"land","level":1},"geometry":{"type":"Polygon","coordinates":[[[4.78244,61.56084],[4.78247,61.56336],[4.83327,61.57539],[4.89586,61.56998],[4.78244,61.56084]]]}},{"type":"Feature","properties":{"kind":"land","level":1},"geometry":{"type":"Polygon","coordinates":[[[-7.66917,56.79913],[-7.66922,56.8008],[-7.66092,56.82086],[-7.62666,56.82956],[-7.62422,56.80251],[-7.66917,56.79913]]]}},{"type":"Feature","properties":{"kind":"land","level":1},"geometry":{"type":"Polygon","coordinates":[[[-2.94583,59.15083],[-2.94581,59.15664],[-2.93336,59.17039],[-2.90916,59.16238],[-2.92159,59.12544],[-2.94583,59.15083]]]}},{"type":"Feature","properties":{"kind":"land","level":1},"geometry":{"type":"Polygon","coordinates":[[[9.78911,55.31414],[9.78917,55.32161],[9.82244,55.325],[9.82917,55.30167],[9.79825,55.29622],[9.78911,55.31414]]]}},{"type":"Feature","properties":{"kind":"land","level":1},"geometry":{"type":"Polygon","coordinates":[[[5.03416,60.12997],[5.03584,60.13081],[5.06997,60.14288],[5.0975,60.13333],[5.06078,60.12581],[5.06828,60.11206],[5.03416,60.12997]]]}},{"type":"Feature","properties":{"kind":"land","level":1},"geometry":{"type":"Polygon","coordinates":[[[9.72417,55.26913],[9.72417,55.26997],[9.75336,55.27539],[9.7608,55.2575],[9.7775,55.26247],[9.73997,55.24872],[9.72417,55.26913]]]}},{"type":"Feature","properties":{"kind":"land","level":1},"geometry":{"type":"Polygon","coordinates":[[[-6.31628,49.91495],[-6.31622,49.9158],[-6.30258,49.93709],[-6.27795,49.92166],[-6.30586,49.90208],[-6.31628,49.91495]]]}},{"type":"Feature","properties":{"kind":"land","level":1},"geometry":{"type":"Polygon","coordinates":[[[7.36127,53.72717],[7.36134,53.73053],[7.39878,53.73839],[7.43794,53.72286],[7.36127,53.72717]]]}},{"type":"Feature","properties":{"kind":"land","level":1},"geometry":{"type":"Polygon","coordinates":[[[10.42089,59.1033],[10.42075,59.1058],[10.43328,59.12125],[10.45331,59.06289],[10.43247,59.06494],[10.42089,59.1033]]]}},{"type":"Feature","properties":{"kind":"land","level":1},"geometry":{"type":"Polygon","coordinates":[[[-10.14086,53.69747],[-10.13917,53.6983],[-10.125,53.71208],[-10.08256,53.70995],[-10.09666,53.69539],[-10.14086,53.69747]]]}},{"type":"Feature","properties":{"kind":"land","level":1},"geometry":{"type":"Polygon","coordinates":[[[-7.20756,57.49001],[-7.20756,57.49083],[-7.17006,57.50291],[-7.1575,57.48247],[-7.18178,57.46958],[-7.20756,57.49001]]]}},{"type":"Feature","properties":{"kind":"land","level":1},"geometry":{"type":"Polygon","coordinates":[[[4.85406,59.30586],[4.85578,59.30669],[4.89828,59.31873],[4.91084,59.30167],[4.88328,59.29375],[4.85406,59.30586]]]}},{"type":"Feature","properties":{"kind":"land","level":1},"geometry":{"type":"Polygon","coordinates":[[[-2.38289,49.41419],[-2.38286,49.41586],[-2.36581,49.44958],[-2.34286,49.43002],[-2.38289,49.41419]]]}},{"type":"Feature","properties":{"kind":"land","level":1},"geometry":{"type":"Polygon","coordinates":[[[-9.44419,51.45663],[-9.44256,51.4575],[-9.40336,51.48878],[-9.39753,51.47],[-9.44419,51.45663]]]}},{"type":"Feature","properties":{"kind":"land","level":1},"geometry":{"type":"Polygon","coordinates":[[[8.61075,63.77328],[8.61075,63.77414],[8.65992,63.79706],[8.66998,63.78625],[8.61075,63.77328]]]}},{"type":"Feature","properties":{"kind":"land","level":1},"geometry":{"type":"Polygon","coordinates":[[[7.84578,63.16167],[7.84575,63.16248],[7.90822,63.17375],[7.89661,63.16453],[7.94411,63.15497],[7.84578,63.16167]]]}},{"type":"Feature","properties":{"kind":"land","level":1},"geometry":{"type":"Polygon","coordinates":[[[-9.55922,53.04833],[-9.55753,53.04913],[-9.535,53.06705],[-9.50583,53.06],[-9.52836,53.04372],[-9.55922,53.04833]]]}},{"type":"Feature","properties":{"kind":"land","level":1},"geometry":{"type":"Polygon","coordinates":[[[9.52411,58.875],[9.52414,58.87661],[9.60414,58.91167],[9.55411,58.88497],[9.58241,58.88497],[9.56995,58.87703],[9.52411,58.875]]]}},{"type":"Feature","properties":{"kind":"land","level":1},"geometry":{"type":"Polygon","coordinates":[[[5.68408,59.04244],[5.68417,59.0433],[5.77914,59.04747],[5.71,59.03125],[5.68408,59.04244]]]}},{"type":"Feature","properties":{"kind":"land","level":1},"geometry":{"type":"Polygon","coordinates":[[[5.84084,59.26417],[5.84086,59.26747],[5.86328,59.27959],[5.88411,59.25414],[5.865,59.24709],[5.84084,59.26417]]]}},{"type":"Feature","properties":{"kind":"land","level":1},"geometry":{"type":"Polygon","coordinates":[[[-6.27925,56.02],[-6.27919,56.02083],[-6.20583,56.01913],[-6.25831,56.00041],[-6.27925,56.02]]]}},{"type":"Feature","properties":{"kind":"land","level":1},"geometry":{"type":"Polygon","coordinates":[[[10.54916,59.71584],[10.55078,59.71669],[10.57072,59.72078],[10.56411,59.7025],[10.60333,59.67538],[10.56919,59.68333],[10.54916,59.71584]]]}},{"type":"Feature","properties":{"kind":"land","level":1},"geometry":{"type":"Polygon","coordinates":[[[7.3775,57.99917],[7.37747,57.9975],[7.32494,57.99706],[7.34914,58.00417],[7.32747,58.02161],[7.35664,58.02126],[7.3775,57.99917]]]}},{"type":"Feature","properties":{"kind":"land","level":1},"geometry":{"type":"Polygon","coordinates":[[[11.7275,57.64667],[11.72752,57.64831],[11.77991,57.65539],[11.78914,57.63831],[11.7275,57.64667]]]}},{"type":"Feature","properties":{"kind":"land","level":1},"geometry":{"type":"Polygon","coordinates":[[[5.78756,59.245],[5.78741,59.24744],[5.83414,59.27081],[5.81416,59.24248],[5.78756,59.245]]]}},{"type":"Feature","properties":{"kind":"land","level":1},"geometry":{"type":"Polygon","coordinates":[[[10.77077,64.51994],[10.77075,64.52167],[10.79164,64.54542],[10.84586,64.51664],[10.77077,64.51994]]]}},{"type":"Feature","properties":{"kind":"land","level":1},"geometry":{"type":"Polygon","coordinates":[[[7.49747,57.99248],[7.49744,57.99333],[7.55241,57.99078],[7.525,57.97369],[7.49747,57.99248]]]}},{"type":"Feature","properties":{"kind":"land","level":1},"geometry":{"type":"Polygon","coordinates":[[[8.1508,63.23753],[8.15075,63.23997],[8.19495,63.25041],[8.21741,63.23334],[8.17503,63.2262],[8.1508,63.23753]]]}},{"type":"Feature","properties":{"kind":"land","level":1},"geometry":{"type":"Polygon","coordinates":[[[10.36247,54.97747],[10.36491,54.97878],[10.42161,54.97458],[10.42667,54.98541],[10.44411,54.96834],[10.42333,54.9612],[10.36247,54.97747]]]}},{"type":"Feature","properties":{"kind":"land","level":1},"geometry":{"type":"Polygon","coordinates":[[[5.89906,58.98666],[5.89917,58.98914],[5.92497,58.99625],[5.96917,58.97664],[5.89906,58.98666]]]}},{"type":"Feature","properties":{"kind":"land","level":1},"geometry":{"type":"Polygon","coordinates":[[[-1.85756,55.685],[-1.8575,55.68667],[-1.78003,55.68706],[-1.77753,55.66667],[-1.85756,55.685]]]}},{"type":"Feature","properties":{"kind":"land","level":1},"geometry":{"type":"Polygon","coordinates":[[[-6.28091,56.83414],[-6.27919,56.83503],[-6.26667,56.84541],[-6.21586,56.8383],[-6.23508,56.82458],[-6.28091,56.83414]]]}},{"type":"Feature","properties":{"kind":"land","level":1},"geometry":{"type":"Polygon","coordinates":[[[8.48409,63.26164],[8.48417,63.26328],[8.50322,63.27292],[8.5267,63.23039],[8.48409,63.26164]]]}},{"type":"Feature","properties":{"kind":"land","level":1},"geometry":{"type":"Polygon","coordinates":[[[5.66578,59.75081],[5.66578,59.75247],[5.71664,59.75542],[5.72411,59.73],[5.66578,59.75081]]]}},{"type":"Feature","properties":{"kind":"land","level":1},"geometry":{"type":"Polygon","coordinates":[[[11.38744,64.94414],[11.38753,64.945],[11.39997,64.95792],[11.45917,64.96083],[11.43822,64.94373],[11.38744,64.94414]]]}},{"type":"Feature","properties":{"kind":"land","level":1},"geometry":{"type":"Polygon","coordinates":[[[5.15242,60.81578],[5.15247,60.81833],[5.17494,60.83952],[5.19744,60.8083],[5.17997,60.82458],[5.17336,60.80956],[5.15242,60.81578]]]}},{"type":"Feature","properties":{"kind":"land","level":1},"geometry":{"type":"Polygon","coordinates":[[[5.57072,60.6875],[5.57081,60.69],[5.59489,60.67289],[5.59497,60.69375],[5.6075,60.67331],[5.58336,60.64208],[5.57072,60.6875]]]}},{"type":"Feature","properties":{"kind":"land","level":1},"geometry":{"type":"Polygon","coordinates":[[[11.13245,55.16083],[11.13667,55.16292],[11.17914,55.1758],[11.15164,55.13959],[11.13245,55.16083]]]}},{"type":"Feature","properties":{"kind":"land","level":1},"geometry":{"type":"Polygon","coordinates":[[[-6.31089,56.4825],[-6.31086,56.49003],[-6.25586,56.49333],[-6.28011,56.47206],[-6.31089,56.4825]]]}},{"type":"Feature","properties":{"kind":"land","level":1},"geometry":{"type":"Polygon","coordinates":[[[10.59247,54.90916],[10.59245,54.91414],[10.62583,54.91667],[10.62578,54.89497],[10.60836,54.89041],[10.59247,54.90916]]]}},{"type":"Feature","properties":{"kind":"land","level":1},"geometry":{"type":"Polygon","coordinates":[[[5.92081,59.20247],[5.92083,59.20411],[5.94997,59.21042],[5.97336,59.17622],[5.92081,59.20247]]]}},{"type":"Feature","properties":{"kind":"land","level":1},"geometry":{"type":"Polygon","coordinates":[[[11.16914,58.80086],[11.16917,58.80667],[11.19339,58.82628],[11.21745,58.80003],[11.16914,58.80086]]]}},{"type":"Feature","properties":{"kind":"land","level":1},"geometry":{"type":"Polygon","coordinates":[[[9.02742,58.57997],[9.02742,58.58247],[9.04164,58.59786],[9.09583,58.59995],[9.02742,58.57997]]]}},{"type":"Feature","properties":{"kind":"land","level":1},"geometry":{"type":"Polygon","coordinates":[[[11.13417,58.76669],[11.13414,58.76833],[11.14748,58.785],[11.18081,58.75752],[11.13417,58.76669]]]}},{"type":"Feature","properties":{"kind":"land","level":1},"geometry":{"type":"Polygon","coordinates":[[[9.09742,63.49248],[9.09742,63.49414],[9.1565,63.49898],[9.14088,63.48303],[9.10159,63.48039],[9.09742,63.49248]]]}},{"type":"Feature","properties":{"kind":"land","level":1},"geometry":{"type":"Polygon","coordinates":[[[4.72581,61.21831],[4.72583,61.21916],[4.73331,61.22789],[4.77325,61.21706],[4.7925,61.19583],[4.72581,61.21831]]]}},{"type":"Feature","properties":{"kind":"land","level":1},"geometry":{"type":"Polygon","coordinates":[[[-5.62089,56.2075],[-5.62086,56.21167],[-5.59673,56.22708],[-5.58916,56.20497],[-5.61506,56.19542],[-5.62089,56.2075]]]}},{"type":"Feature","properties":{"kind":"land","level":1},"geometry":{"type":"Polygon","coordinates":[[[5.61906,59.3383],[5.61908,59.35164],[5.63825,59.37122],[5.65575,59.34914],[5.61906,59.3383]]]}},{"type":"Feature","properties":{"kind":"land","level":1},"geometry":{"type":"Polygon","coordinates":[[[5.14911,60.32664],[5.14917,60.3275],[5.18747,60.33417],[5.18164,60.30038],[5.14911,60.32664]]]}},{"type":"Feature","properties":{"kind":"land","level":1},"geometry":{"type":"Polygon","coordinates":[[[8.86244,63.73328],[8.86244,63.735],[8.93075,63.73334],[8.88155,63.71542],[8.86244,63.73328]]]}},{"type":"Feature","properties":{"kind":"land","level":1},"geometry":{"type":"Polygon","coordinates":[[[7.55414,63.07831],[7.55411,63.07914],[7.58833,63.08623],[7.6025,63.06333],[7.57167,63.05708],[7.55414,63.07831]]]}},{"type":"Feature","properties":{"kind":"land","level":1},"geometry":{"type":"Polygon","coordinates":[[[6.64911,58.2025],[6.64917,58.20661],[6.66998,58.23369],[6.68244,58.215],[6.64911,58.2025]]]}},{"type":"Feature","properties":{"kind":"land","level":1},"geometry":{"type":"Polygon","coordinates":[[[11.36242,58.245],[11.36236,58.24753],[11.419,58.24001],[11.37483,58.22708],[11.36242,58.245]]]}},{"type":"Feature","properties":{"kind":"land","level":1},"geometry":{"type":"Polygon","coordinates":[[[11.07755,58.99917],[11.07728,59.0],[11.05911,59.01408],[11.11322,59.0237],[11.07755,58.99917]]]}},{"type":"Feature","properties":{"kind":"land","level":1},"geometry":{"type":"Polygon","coordinates":[[[-4.68247,51.17416],[-4.68089,51.17497],[-4.67503,51.20122],[-4.65419,51.1608],[-4.67169,51.15706],[-4.68247,51.17416]]]}},{"type":"Feature","properties":{"kind":"land","level":1},"geometry":{"type":"Polygon","coordinates":[[[5.37253,59.185],[5.37247,59.1875],[5.38744,59.17583],[5.40336,59.16042],[5.37253,59.185]]]}},{"type":"Feature","properties":{"kind":"land","level":1},"geometry":{"type":"Polygon","coordinates":[[[8.87417,63.43997],[8.87495,63.44038],[8.94747,63.45416],[8.92322,63.42792],[8.87417,63.43997]]]}},{"type":"Feature","properties":{"kind":"land","level":1},"geometry":{"type":"Polygon","coordinates":[[[-7.54089,56.89745],[-7.54003,56.89789],[-7.49834,56.89792],[-7.49922,56.88081],[-7.54089,56.89745]]]}},{"type":"Feature","properties":{"kind":"land","level":1},"geometry":{"type":"Polygon","coordinates":[[[5.25244,59.93664],[5.25244,59.93833],[5.26334,59.95625],[5.29594,59.92325],[5.25244,59.93664]]]}},{"type":"Feature","properties":{"kind":"land","level":1},"geometry":{"type":"Polygon","coordinates":[[[-9.54086,51.67836],[-9.54089,51.67914],[-9.48083,51.70583],[-9.5,51.67875],[-9.54086,51.67836]]]}},{"type":"Feature","properties":{"kind":"land","level":1},"geometry":{"type":"Polygon","coordinates":[[[11.08256,58.95583],[11.08417,58.95673],[11.10836,58.96797],[11.13583,58.935],[11.11672,58.94211],[11.11336,58.93214],[11.08256,58.95583]]]}},{"type":"Feature","properties":{"kind":"land","level":1},"geometry":{"type":"Polygon","coordinates":[[[10.33581,59.14247],[10.33575,59.14664],[10.35661,59.16872],[10.36575,59.13914],[10.33581,59.14247]]]}},{"type":"Feature","properties":{"kind":"land","level":1},"geometry":{"type":"Polygon","coordinates":[[[11.64584,55.17331],[11.64584,55.17494],[11.67831,55.18042],[11.71242,55.145],[11.64584,55.17331]]]}},{"type":"Feature","properties":{"kind":"land","level":1},"geometry":{"type":"Polygon","coordinates":[[[5.79239,59.11914],[5.79244,59.12],[5.85905,59.10417],[5.81825,59.10289],[5.79239,59.11914]]]}},{"type":"Feature","properties":{"kind":"land","level":1},"geometry":{"type":"Polygon","coordinates":[[[10.75247,59.21747],[10.75253,59.21834],[10.76497,59.23122],[10.79078,59.21167],[10.77656,59.19292],[10.75247,59.21747]]]}},{"type":"Feature","properties":{"kind":"land","level":1},"geometry":{"type":"Polygon","coordinates":[[[10.78419,64.56917],[10.78414,64.57244],[10.83661,64.58372],[10.84742,64.575],[10.78419,64.56917]]]}},{"type":"Feature","properties":{"kind":"land","level":1},"geometry":{"type":"Polygon","coordinates":[[[-7.23256,57.39164],[-7.2325,57.3925],[-7.18753,57.4108],[-7.20509,57.38544],[-7.23256,57.39164]]]}},{"type":"Feature","properties":{"kind":"land","level":1},"geometry":{"type":"Polygon","coordinates":[[[9.67416,55.49161],[9.67411,55.49414],[9.69497,55.49789],[9.71584,55.4783],[9.68994,55.47539],[9.67416,55.49161]]]}},{"type":"Feature","properties":{"kind":"land","level":1},"geometry":{"type":"Polygon","coordinates":[[[4.7758,61.64333],[4.77575,61.64417],[4.79833,61.66373],[4.82411,61.63914],[4.7758,61.64333]]]}},{"type":"Feature","properties":{"kind":"land","level":1},"geometry":{"type":"Polygon","coordinates":[[[-2.86381,47.5708],[-2.86289,47.57167],[-2.85622,47.6025],[-2.83839,47.60625],[-2.82883,47.58417],[-2.85,47.58705],[-2.86089,47.55952],[-2.86381,47.5708]]]}},{"type":"Feature","properties":{"kind":"land","level":1},"geometry":{"type":"Polygon","coordinates":[[[-8.25586,55.26417],[-8.25589,55.2725],[-8.1925,55.25833],[-8.21672,55.25125],[-8.25586,55.26417]]]}},{"type":"Feature","properties":{"kind":"land","level":1},"geometry":{"type":"Polygon","coordinates":[[[-3.31425,58.93831],[-3.31416,58.94081],[-3.27345,58.93872],[-3.26583,58.9258],[-3.30675,58.92536],[-3.31425,58.93831]]]}},{"type":"Feature","properties":{"kind":"land","level":1},"geometry":{"type":"Polygon","coordinates":[[[-3.14091,58.6675],[-3.14083,58.67166],[-3.11836,58.69792],[-3.10592,58.67247],[-3.14091,58.6675]]]}},{"type":"Feature","properties":{"kind":"land","level":1},"geometry":{"type":"Polygon","coordinates":[[[-9.3975,51.49911],[-9.39753,51.50083],[-9.35917,51.51164],[-9.38331,51.48541],[-9.3975,51.49911]]]}},{"type":"Feature","properties":{"kind":"land","level":1},"geometry":{"type":"Polygon","coordinates":[[[4.0,51.73036],[3.99903,51.73077],[3.98317,51.75867],[4.01578,51.72658],[4.0,51.73036]]]}},{"type":"Feature","properties":{"kind":"land","level":1},"geometry":{"type":"Polygon","coordinates":[[[4.94414,60.33083],[4.94581,60.33167],[4.97334,60.33627],[4.99497,60.30622],[4.94414,60.33083]]]}},{"type":"Feature","properties":{"kind":"land","level":1},"geometry":{"type":"Polygon","coordinates":[[[5.61083,62.36494],[5.61086,62.36667],[5.62497,62.37786],[5.67575,62.37417],[5.65831,62.36041],[5.61083,62.36494]]]}},{"type":"Feature","properties":{"kind":"land","level":1},"geometry":{"type":"Polygon","coordinates":[[[4.7475,61.32164],[4.74741,61.32249],[4.76669,61.33623],[4.79745,61.32167],[4.76156,61.31206],[4.7475,61.32164]]]}},{"type":"Feature","properties":{"kind":"land","level":1},"geometry":{"type":"Polygon","coordinates":[[[3.904,51.77078],[3.90403,51.77245],[3.92989,51.79039],[3.96902,51.77328],[3.904,51.77078]]]}},{"type":"Feature","properties":{"kind":"land","level":1},"geometry":{"type":"Polygon","coordinates":[[[4.8242,61.34497],[4.82411,61.34578],[4.86242,61.35912],[4.8533,61.33955],[4.8242,61.34497]]]}},{"type":"Feature","properties":{"kind":"land","level":1},"geometry":{"type":"Polygon","coordinates":[[[11.6275,57.89831],[11.62917,57.89914],[11.67408,57.90664],[11.64836,57.88036],[11.6275,57.89831]]]}},{"type":"Feature","properties":{"kind":"land","level":1},"geometry":{"type":"Polygon","coordinates":[[[4.81247,60.9808],[4.81247,60.9825],[4.84503,60.99542],[4.86578,60.97917],[4.81247,60.9808]]]}},{"type":"Feature","properties":{"kind":"land","level":1},"geometry":{"type":"Polygon","coordinates":[[[10.40414,55.95825],[10.40419,55.95911],[10.46086,55.95158],[10.43664,55.94281],[10.40414,55.95825]]]}},{"type":"Feature","properties":{"kind":"land","level":1},"geometry":{"type":"Polygon","coordinates":[[[-9.91226,53.40354],[-9.90976,53.41135],[-9.9025,53.41497],[-9.89081,53.39417],[-9.89839,53.37375],[-9.91226,53.40354]]]}},{"type":"Feature","properties":{"kind":"land","level":1},"geometry":{"type":"Polygon","coordinates":[[[-0.80086,60.40997],[-0.80094,60.4108],[-0.76833,60.43542],[-0.72417,60.42664],[-0.80086,60.40997]]]}},{"type":"Feature","properties":{"kind":"land","level":1},"geometry":{"type":"Polygon","coordinates":[[[5.80247,58.95167],[5.80658,58.95461],[5.8342,58.96],[5.83578,58.93914],[5.80247,58.95167]]]}},{"type":"Feature","properties":{"kind":"land","level":1},"geometry":{"type":"Polygon","coordinates":[[[-1.04925,60.14833],[-1.04916,60.15164],[-1.00677,60.15289],[-1.00755,60.13248],[-1.04925,60.14833]]]}},{"type":"Feature","properties":{"kind":"land","level":1},"geometry":{"type":"Polygon","coordinates":[[[-2.99631,47.40083],[-2.99503,47.40202],[-2.9417,47.39539],[-2.95089,47.37541],[-2.99631,47.40083]]]}},{"type":"Feature","properties":{"kind":"land","level":1},"geometry":{"type":"Polygon","coordinates":[[[10.05747,55.82911],[10.05753,55.83156],[10.10252,55.82408],[10.07494,55.81616],[10.05747,55.82911]]]}},{"type":"Feature","properties":{"kind":"land","level":1},"geometry":{"type":"Polygon","coordinates":[[[-4.00461,48.74719],[-4.0,48.74619],[-3.99167,48.73788],[-4.04503,48.74592],[-4.00461,48.74719]]]}},{"type":"Feature","properties":{"kind":"land","level":1},"geometry":{"type":"Polygon","coordinates":[[[5.05583,59.88411],[5.05578,59.88497],[5.0892,59.89997],[5.07994,59.88123],[5.05583,59.88411]]]}},{"type":"Feature","properties":{"kind":"land","level":1},"geometry":{"type":"Polygon","coordinates":[[[11.22083,58.62917],[11.22081,58.63252],[11.26078,58.6517],[11.25414,58.62169],[11.22083,58.62917]]]}},{"type":"Feature","properties":{"kind":"land","level":1},"geometry":{"type":"Polygon","coordinates":[[[4.7942,61.14413],[4.79417,61.14581],[4.81942,61.14656],[4.8233,61.11542],[4.7942,61.14413]]]}},{"type":"Feature","properties":{"kind":"land","level":1},"geometry":{"type":"Polygon","coordinates":[[[11.1975,58.67583],[11.1975,58.67755],[11.24253,58.68086],[11.21328,58.66211],[11.1975,58.67583]]]}},{"type":"Feature","properties":{"kind":"land","level":1},"geometry":{"type":"Polygon","coordinates":[[[-5.21086,58.37664],[-5.21086,58.37828],[-5.18342,58.39125],[-5.1658,58.38414],[-5.21086,58.37664]]]}},{"type":"Feature","properties":{"kind":"land","level":1},"geometry":{"type":"Polygon","coordinates":[[[4.72911,61.55417],[4.72916,61.55498],[4.76503,61.57208],[4.77003,61.55038],[4.72911,61.55417]]]}},{"type":"Feature","properties":{"kind":"land","level":1},"geometry":{"type":"Polygon","coordinates":[[[-6.35464,49.96245],[-6.35458,49.96494],[-6.32841,49.95956],[-6.3242,49.94289],[-6.33669,49.93787],[-6.35464,49.96245]]]}},{"type":"Feature","properties":{"kind":"land","level":1},"geometry":{"type":"Polygon","coordinates":[[[-7.44086,57.6608],[-7.44086,57.66333],[-7.37589,57.66911],[-7.39333,57.65292],[-7.44086,57.6608]]]}},{"type":"Feature","properties":{"kind":"land","level":1},"geometry":{"type":"Polygon","coordinates":[[[4.78905,60.56333],[4.78914,60.565],[4.82411,60.56664],[4.80994,60.54122],[4.78905,60.56333]]]}},{"type":"Feature","properties":{"kind":"land","level":1},"geometry":{"type":"Polygon","coordinates":[[[5.99908,58.97755],[5.99908,58.9775],[5.98492,58.96709],[5.96914,58.975],[5.97828,58.99123],[5.99908,58.97755]]]}},{"type":"Feature","properties":{"kind":"land","level":1},"geometry":{"type":"Polygon","coordinates":[[[9.04578,63.97581],[9.04578,63.97747],[9.09409,63.98914],[9.06158,63.96539],[9.04578,63.97581]]]}},{"type":"Feature","properties":{"kind":"land","level":1},"geometry":{"type":"Polygon","coordinates":[[[-2.81717,47.58498],[-2.81589,47.58623],[-2.79667,47.60539],[-2.77539,47.59581],[-2.77747,47.58542],[-2.81717,47.58498]]]}},{"type":"Feature","properties":{"kind":"land","level":1},"geometry":{"type":"Polygon","coordinates":[[[-5.42247,58.00581],[-5.42253,58.00997],[-5.41008,58.02458],[-5.38247,58.00583],[-5.42247,58.00581]]]}},{"type":"Feature","properties":{"kind":"land","level":1},"geometry":{"type":"Polygon","coordinates":[[[8.55742,63.74083],[8.5575,63.74414],[8.56325,63.76289],[8.61745,63.76328],[8.5808,63.75997],[8.595,63.73956],[8.55742,63.74083]]]}},{"type":"Feature","properties":{"kind":"land","level":1},"geometry":{"type":"Polygon","coordinates":[[[5.62747,59.04333],[5.62744,59.04744],[5.67081,59.04244],[5.64169,59.03122],[5.62747,59.04333]]]}},{"type":"Feature","properties":{"kind":"land","level":1},"geometry":{"type":"Polygon","coordinates":[[[-3.0,59.11369],[-3.00169,59.11375],[-2.9575,59.12756],[-2.95819,59.1145],[-3.0,59.11369]]]}},{"type":"Feature","properties":{"kind":"land","level":1},"geometry":{"type":"Polygon","coordinates":[[[5.99864,58.90869],[5.99831,58.90875],[5.98492,58.92625],[6.02739,58.90414],[5.99864,58.90869]]]}},{"type":"Feature","properties":{"kind":"land","level":1},"geometry":{"type":"Polygon","coordinates":[[[5.0975,59.8825],[5.09747,59.8858],[5.12914,59.88753],[5.12589,59.86828],[5.0975,59.8825]]]}},{"type":"Feature","properties":{"kind":"land","level":1},"geometry":{"type":"Polygon","coordinates":[[[10.16248,55.64156],[10.16241,55.64658],[10.19417,55.63908],[10.18336,55.6045],[10.16248,55.64156]]]}},{"type":"Feature","properties":{"kind":"land","level":1},"geometry":{"type":"Polygon","coordinates":[[[-1.6075,60.20084],[-1.60748,60.20164],[-1.58505,60.2112],[-1.56258,60.19583],[-1.6075,60.20084]]]}},{"type":"Feature","properties":{"kind":"land","level":1},"geometry":{"type":"Polygon","coordinates":[[[8.44072,63.83997],[8.4408,63.84247],[8.4733,63.85709],[8.50081,63.85164],[8.48828,63.83041],[8.47994,63.84872],[8.44072,63.83997]]]}},{"type":"Feature","properties":{"kind":"land","level":1},"geometry":{"type":"Polygon","coordinates":[[[-9.76083,53.22828],[-9.76089,53.23164],[-9.72089,53.24497],[-9.72503,53.22542],[-9.76083,53.22828]]]}},{"type":"Feature","properties":{"kind":"land","level":1},"geometry":{"type":"Polygon","coordinates":[[[10.51292,59.86861],[10.51958,59.87413],[10.54742,59.8683],[10.5183,59.85709],[10.51292,59.86861]]]}},{"type":"Feature","properties":{"kind":"land","level":1},"geometry":{"type":"Polygon","coordinates":[[[-6.77084,61.69661],[-6.77084,61.7],[-6.75,61.70375],[-6.73753,61.68417],[-6.76336,61.68208],[-6.77084,61.69661]]]}},{"type":"Feature","properties":{"kind":"land","level":1},"geometry":{"type":"Polygon","coordinates":[[[-8.44086,55.02667],[-8.43925,55.02747],[-8.43333,55.05203],[-8.41086,55.01331],[-8.44086,55.02667]]]}},{"type":"Feature","properties":{"kind":"land","level":1},"geometry":{"type":"Polygon","coordinates":[[[5.47581,62.32664],[5.47836,62.32791],[5.49492,62.34125],[5.51575,62.33078],[5.49006,62.31789],[5.47581,62.32664]]]}},{"type":"Feature","properties":{"kind":"land","level":1},"geometry":{"type":"Polygon","coordinates":[[[10.68586,59.22914],[10.68584,59.23331],[10.70664,59.25122],[10.70989,59.21372],[10.68586,59.22914]]]}},{"type":"Feature","properties":{"kind":"land","level":1},"geometry":{"type":"Polygon","coordinates":[[[-6.7375,57.99914],[-6.7392,58.0],[-6.71917,58.00914],[-6.71833,57.98625],[-6.7375,57.99914]]]}},{"type":"Feature","properties":{"kind":"land","level":1},"geometry":{"type":"Polygon","coordinates":[[[10.27402,64.24664],[10.27658,64.24792],[10.30156,64.27208],[10.30742,64.25414],[10.27402,64.24664]]]}},{"type":"Feature","properties":{"kind":"land","level":1},"geometry":{"type":"Polygon","coordinates":[[[-2.99589,59.08583],[-2.99589,59.08742],[-2.96653,59.09125],[-2.94761,59.07744],[-2.97486,59.07203],[-2.99589,59.08583]]]}},{"type":"Feature","properties":{"kind":"land","level":1},"geometry":{"type":"Polygon","coordinates":[[[10.71411,64.9342],[10.71416,64.93497],[10.75169,64.95619],[10.75414,64.93003],[10.71411,64.9342]]]}},{"type":"Feature","properties":{"kind":"land","level":1},"geometry":{"type":"Polygon","coordinates":[[[11.30083,64.4525],[11.30083,64.4558],[11.33672,64.46458],[11.34247,64.4425],[11.30083,64.4525]]]}},{"type":"Feature","properties":{"kind":"land","level":1},"geometry":{"type":"Polygon","coordinates":[[[4.93073,60.96245],[4.93078,60.9633],[4.97583,60.95581],[4.94167,60.95122],[4.93073,60.96245]]]}},{"type":"Feature","properties":{"kind":"land","level":1},"geometry":{"type":"Polygon","coordinates":[[[-4.97089,55.71747],[-4.97092,55.72],[-4.93922,55.73334],[-4.95081,55.70998],[-4.97089,55.71747]]]}},{"type":"Feature","properties":{"kind":"land","level":1},"geometry":{"type":"Polygon","coordinates":[[[4.82075,61.21],[4.82083,61.21997],[4.84578,61.22163],[4.84161,61.19875],[4.82075,61.21]]]}},{"type":"Feature","properties":{"kind":"land","level":1},"geometry":{"type":"Polygon","coordinates":[[[6.66414,62.88664],[6.66405,62.88914],[6.67997,62.89955],[6.71247,62.88828],[6.66414,62.88664]]]}},{"type":"Feature","properties":{"kind":"land","level":1},"geometry":{"type":"Polygon","coordinates":[[[11.0,57.21203],[11.00164,57.21125],[11.0375,57.2075],[10.99831,57.19869],[11.0,57.21203]]]}},{"type":"Feature","properties":{"kind":"land","level":1},"geometry":{"type":"Polygon","coordinates":[[[8.43584,54.56578],[8.43575,54.5708],[8.45578,54.57997],[8.45741,54.5583],[8.43584,54.56578]]]}},{"type":"Feature","properties":{"kind":"land","level":1},"geometry":{"type":"Polygon","coordinates":[[[8.59077,63.6225],[8.59828,63.62622],[8.64831,63.63206],[8.63155,63.63953],[8.66419,63.63328],[8.59077,63.6225]]]}},{"type":"Feature","properties":{"kind":"land","level":1},"geometry":{"type":"Polygon","coordinates":[[[-3.18259,58.84583],[-3.18261,58.85],[-3.16084,58.85583],[-3.1525,58.83664],[-3.18259,58.84583]]]}},{"type":"Feature","properties":{"kind":"land","level":1},"geometry":{"type":"Polygon","coordinates":[[[6.80089,62.88747],[6.80075,62.88917],[6.81828,62.90039],[6.85247,62.88753],[6.80089,62.88747]]]}},{"type":"Feature","properties":{"kind":"land","level":1},"geometry":{"type":"Polygon","coordinates":[[[11.76739,57.58331],[11.76744,57.58417],[11.79411,57.58664],[11.79327,57.56209],[11.76739,57.58331]]]}},{"type":"Feature","properties":{"kind":"land","level":1},"geometry":{"type":"Polygon","coordinates":[[[-5.35416,51.86333],[-5.35419,51.86414],[-5.33086,51.87831],[-5.33247,51.85583],[-5.35416,51.86333]]]}},{"type":"Feature","properties":{"kind":"land","level":1},"geometry":{"type":"Polygon","coordinates":[[[-9.90172,53.99872],[-9.90009,53.99872],[-9.89425,53.98416],[-9.91833,53.98369],[-9.92583,53.99414],[-9.90172,53.99872]]]}},{"type":"Feature","properties":{"kind":"land","level":1},"geometry":{"type":"Polygon","coordinates":[[[8.62075,63.87167],[8.62578,63.87414],[8.67492,63.87122],[8.66411,63.85667],[8.62075,63.87167]]]}},{"type":"Feature","properties":{"kind":"land","level":1},"geometry":{"type":"Polygon","coordinates":[[[8.48253,58.25003],[8.4825,58.25081],[8.52747,58.25333],[8.49661,58.23953],[8.48253,58.25003]]]}},{"type":"Feature","properties":{"kind":"land","level":1},"geometry":{"type":"Polygon","coordinates":[[[9.90908,63.925],[9.90919,63.92831],[9.95245,63.93584],[9.93492,63.91872],[9.90908,63.925]]]}},{"type":"Feature","properties":{"kind":"land","level":1},"geometry":{"type":"Polygon","coordinates":[[[11.01083,64.87],[11.01083,64.87167],[11.05575,64.88417],[11.03169,64.86039],[11.03917,64.87583],[11.01083,64.87]]]}},{"type":"Feature","properties":{"kind":"land","level":1},"geometry":{"type":"Polygon","coordinates":[[[-7.0,61.99125],[-7.00164,61.99123],[-7.01167,62.00122],[-6.98333,61.99872],[-6.95419,61.97581],[-7.0,61.99125]]]}},{"type":"Feature","properties":{"kind":"land","level":1},"geometry":{"type":"Polygon","coordinates":[[[6.02253,62.51086],[6.02245,62.51164],[6.06836,62.51541],[6.07086,62.50497],[6.04328,62.49709],[6.02253,62.51086]]]}},{"type":"Feature","properties":{"kind":"land","level":1},"geometry":{"type":"Polygon","coordinates":[[[10.85078,64.51914],[10.85086,64.52],[10.87167,64.53039],[10.90244,64.51581],[10.8782,64.50792],[10.85078,64.51914]]]}},{"type":"Feature","properties":{"kind":"land","level":1},"geometry":{"type":"Polygon","coordinates":[[[11.02922,64.98747],[11.02914,64.98833],[11.06905,64.99081],[11.03371,64.97626],[11.02922,64.98747]]]}},{"type":"Feature","properties":{"kind":"land","level":1},"geometry":{"type":"Polygon","coordinates":[[[6.56747,53.53917],[6.56741,53.54333],[6.61417,53.54747],[6.59164,53.53372],[6.56747,53.53917]]]}},{"type":"Feature","properties":{"kind":"land","level":1},"geometry":{"type":"Polygon","coordinates":[[[-4.83089,54.04997],[-4.83083,54.05328],[-4.79925,54.05825],[-4.81169,54.04117],[-4.83089,54.04997]]]}},{"type":"Feature","properties":{"kind":"land","level":1},"geometry":{"type":"Polygon","coordinates":[[[11.08078,59.02661],[11.0807,59.02914],[11.10986,59.0537],[11.10914,59.03078],[11.08078,59.02661]]]}},{"type":"Feature","properties":{"kind":"land","level":1},"geometry":{"type":"Polygon","coordinates":[[[10.46994,54.99959],[10.45081,55.00242],[10.46497,55.01784],[10.48908,55.00414],[10.46994,54.99959]]]}},{"type":"Feature","properties":{"kind":"land","level":1},"geometry":{"type":"Polygon","coordinates":[[[11.10575,64.74667],[11.1058,64.7475],[11.16573,64.75584],[11.14169,64.74044],[11.10575,64.74667]]]}},{"type":"Feature","properties":{"kind":"land","level":1},"geometry":{"type":"Polygon","coordinates":[[[11.28083,55.78917],[11.28086,55.79167],[11.29747,55.7933],[11.305,55.76622],[11.28083,55.78917]]]}},{"type":"Feature","properties":{"kind":"land","level":1},"geometry":{"type":"Polygon","coordinates":[[[10.55917,59.8675],[10.55917,59.8725],[10.59583,59.86581],[10.56836,59.85792],[10.55917,59.8675]]]}},{"type":"Feature","properties":{"kind":"land","level":1},"geometry":{"type":"Polygon","coordinates":[[[-7.40419,57.04666],[-7.40417,57.0475],[-7.39172,57.06209],[-7.37083,57.05336],[-7.40419,57.04666]]]}},{"type":"Feature","properties":{"kind":"land","level":1},"geometry":{"type":"Polygon","coordinates":[[[-10.30253,53.6033],[-10.29922,53.60494],[-10.28997,53.61953],[-10.26258,53.60831],[-10.30253,53.6033]]]}},{"type":"Feature","properties":{"kind":"land","level":1},"geometry":{"type":"Polygon","coordinates":[[[8.78917,54.55161],[8.78914,54.55328],[8.83578,54.55495],[8.82492,54.54369],[8.78917,54.55161]]]}},{"type":"Feature","properties":{"kind":"land","level":1},"geometry":{"type":"Polygon","coordinates":[[[11.59911,57.77834],[11.59911,57.78413],[11.60325,57.79292],[11.62911,57.77081],[11.59911,57.77834]]]}},{"type":"Feature","properties":{"kind":"land","level":1},"geometry":{"type":"Polygon","coordinates":[[[-9.87756,53.30247],[-9.87747,53.30333],[-9.8567,53.31206],[-9.84086,53.2875],[-9.87756,53.30247]]]}},{"type":"Feature","properties":{"kind":"land","level":1},"geometry":{"type":"Polygon","coordinates":[[[-7.30083,57.71247],[-7.30092,57.7175],[-7.27756,57.71745],[-7.27417,57.70167],[-7.30083,57.71247]]]}},{"type":"Feature","properties":{"kind":"land","level":1},"geometry":{"type":"Polygon","coordinates":[[[7.11408,62.83667],[7.11664,62.83789],[7.14322,62.84536],[7.16409,62.83498],[7.13503,62.82125],[7.1358,62.8383],[7.11408,62.83667]]]}},{"type":"Feature","properties":{"kind":"land","level":1},"geometry":{"type":"Polygon","coordinates":[[[-10.21581,54.14244],[-10.21584,54.14331],[-10.1842,54.12497],[-10.2125,54.12244],[-10.21581,54.14244]]]}},{"type":"Feature","properties":{"kind":"land","level":1},"geometry":{"type":"Polygon","coordinates":[[[4.85245,60.82834],[4.85328,60.82872],[4.87328,60.83542],[4.89914,60.81416],[4.85245,60.82834]]]}},{"type":"Feature","properties":{"kind":"land","level":1},"geometry":{"type":"Polygon","coordinates":[[[-9.87917,53.98581],[-9.8792,53.98747],[-9.86253,53.99164],[-9.85997,53.97122],[-9.87917,53.98581]]]}},{"type":"Feature","properties":{"kind":"land","level":1},"geometry":{"type":"Polygon","coordinates":[[[10.51256,59.37911],[10.51414,59.37994],[10.52167,59.39291],[10.53753,59.3683],[10.51256,59.37911]]]}},{"type":"Feature","properties":{"kind":"land","level":1},"geometry":{"type":"Polygon","coordinates":[[[-5.28089,58.25833],[-5.28091,58.26083],[-5.26167,58.26791],[-5.24598,58.25285],[-5.28089,58.25833]]]}},{"type":"Feature","properties":{"kind":"land","level":1},"geometry":{"type":"Polygon","coordinates":[[[-0.91911,60.67416],[-0.91925,60.67747],[-0.87581,60.67],[-0.88678,60.66042],[-0.91911,60.67416]]]}},{"type":"Feature","properties":{"kind":"land","level":1},"geometry":{"type":"Polygon","coordinates":[[[8.1025,58.08997],[8.10416,58.09666],[8.10875,58.10965],[8.11333,58.10458],[8.1025,58.08997]]]}},{"type":"Feature","properties":{"kind":"land","level":1},"geometry":{"type":"Polygon","coordinates":[[[4.7608,61.12747],[4.76089,61.13083],[4.78661,61.14789],[4.79414,61.13081],[4.7608,61.12747]]]}},{"type":"Feature","properties":{"kind":"land","level":1},"geometry":{"type":"Polygon","coordinates":[[[9.19408,63.99911],[9.19331,63.99872],[9.14906,64.0025],[9.16664,64.01125],[9.19408,63.99911]]]}},{"type":"Feature","properties":{"kind":"land","level":1},"geometry":{"type":"Polygon","coordinates":[[[11.62575,57.73334],[11.62581,57.73412],[11.63667,57.74709],[11.66248,57.72919],[11.62575,57.73334]]]}},{"type":"Feature","properties":{"kind":"land","level":1},"geometry":{"type":"Polygon","coordinates":[[[5.70409,59.9225],[5.70494,59.92625],[5.72581,59.93664],[5.71664,59.91203],[5.70409,59.9225]]]}},{"type":"Feature","properties":{"kind":"land","level":1},"geometry":{"type":"Polygon","coordinates":[[[-5.71753,56.20998],[-5.71756,56.21328],[-5.69344,56.22125],[-5.68586,56.2025],[-5.71753,56.20998]]]}},{"type":"Feature","properties":{"kind":"land","level":1},"geometry":{"type":"Polygon","coordinates":[[[11.11911,59.10661],[11.11908,59.11328],[11.14745,59.11828],[11.13161,59.09706],[11.11911,59.10661]]]}},{"type":"Feature","properties":{"kind":"land","level":1},"geometry":{"type":"Polygon","coordinates":[[[6.84409,58.07914],[6.84414,58.07997],[6.8942,58.07667],[6.88169,58.05869],[6.84409,58.07914]]]}},{"type":"Feature","properties":{"kind":"land","level":1},"geometry":{"type":"Polygon","coordinates":[[[-1.4075,60.32831],[-1.40755,60.32911],[-1.39833,60.34372],[-1.37586,60.33997],[-1.39178,60.32289],[-1.4075,60.32831]]]}},{"type":"Feature","properties":{"kind":"land","level":1},"geometry":{"type":"Polygon","coordinates":[[[5.14078,59.37914],[5.14083,59.38],[5.14994,59.39125],[5.1775,59.37997],[5.15661,59.36789],[5.14078,59.37914]]]}},{"type":"Feature","properties":{"kind":"land","level":1},"geometry":{"type":"Polygon","coordinates":[[[-2.89122,47.33747],[-2.89122,47.33833],[-2.86214,47.34578],[-2.86922,47.33376],[-2.89122,47.33747]]]}},{"type":"Feature","properties":{"kind":"land","level":1},"geometry":{"type":"Polygon","coordinates":[[[5.22919,60.5475],[5.22914,60.54828],[5.26489,60.54625],[5.26908,60.53336],[5.22919,60.5475]]]}},{"type":"Feature","properties":{"kind":"land","level":1},"geometry":{"type":"Polygon","coordinates":[[[10.86745,64.59998],[10.86908,64.60083],[10.88834,64.61625],[10.89748,64.60081],[10.86745,64.59998]]]}},{"type":"Feature","properties":{"kind":"land","level":1},"geometry":{"type":"Polygon","coordinates":[[[4.81078,60.79167],[4.81245,60.7925],[4.82167,60.80292],[4.84411,60.785],[4.81919,60.78586],[4.81078,60.79167]]]}},{"type":"Feature","properties":{"kind":"land","level":1},"geometry":{"type":"Polygon","coordinates":[[[10.60078,64.84995],[10.60075,64.85167],[10.62403,64.86459],[10.64081,64.84497],[10.60078,64.84995]]]}},{"type":"Feature","properties":{"kind":"land","level":1},"geometry":{"type":"Polygon","coordinates":[[[5.23914,59.66997],[5.2392,59.67578],[5.25578,59.68245],[5.26244,59.6625],[5.23914,59.66997]]]}},{"type":"Feature","properties":{"kind":"land","level":1},"geometry":{"type":"Polygon","coordinates":[[[8.26744,63.46336],[8.26752,63.46494],[8.29158,63.48706],[8.30578,63.47414],[8.26744,63.46336]]]}},{"type":"Feature","properties":{"kind":"land","level":1},"geometry":{"type":"Polygon","coordinates":[[[10.34742,64.32747],[10.34744,64.32833],[10.3633,64.33786],[10.38917,64.32417],[10.34742,64.32747]]]}},{"type":"Feature","properties":{"kind":"land","level":1},"geometry":{"type":"Polygon","coordinates":[[[-1.18586,59.99911],[-1.186,60.0],[-1.19344,60.00955],[-1.15591,59.99664],[-1.17345,59.98872],[-1.18586,59.99911]]]}},{"type":"Feature","properties":{"kind":"land","level":1},"geometry":{"type":"Polygon","coordinates":[[[4.78083,61.61583],[4.78081,61.61748],[4.82572,61.62578],[4.79836,61.60869],[4.78083,61.61583]]]}},{"type":"Feature","properties":{"kind":"land","level":1},"geometry":{"type":"Polygon","coordinates":[[[5.38914,59.275],[5.38914,59.27667],[5.4108,59.28664],[5.41739,59.27248],[5.38914,59.275]]]}},{"type":"Feature","properties":{"kind":"land","level":1},"geometry":{"type":"Polygon","coordinates":[[[4.93909,60.575],[4.93911,60.5775],[4.97747,60.58081],[4.95658,60.56209],[4.93909,60.575]]]}},{"type":"Feature","properties":{"kind":"land","level":1},"geometry":{"type":"Polygon","coordinates":[[[11.78733,58.05664],[11.78725,58.06],[11.80594,58.07515],[11.8074,58.05744],[11.78733,58.05664]]]}},{"type":"Feature","properties":{"kind":"land","level":1},"geometry":{"type":"Polygon","coordinates":[[[7.79739,63.46497],[7.7975,63.46834],[7.84744,63.475],[7.83339,63.46036],[7.79739,63.46497]]]}},{"type":"Feature","properties":{"kind":"land","level":1},"geometry":{"type":"Polygon","coordinates":[[[9.1025,63.98167],[9.1025,63.98331],[9.14083,63.9958],[9.11997,63.97208],[9.1025,63.98167]]]}},{"type":"Feature","properties":{"kind":"land","level":1},"geometry":{"type":"Polygon","coordinates":[[[11.59397,58.08331],[11.594,58.08498],[11.62483,58.10452],[11.62061,58.08664],[11.59397,58.08331]]]}},{"type":"Feature","properties":{"kind":"land","level":1},"geometry":{"type":"Polygon","coordinates":[[[6.67411,62.91827],[6.67416,62.92078],[6.69156,62.93036],[6.71914,62.91833],[6.67411,62.91827]]]}},{"type":"Feature","properties":{"kind":"land","level":1},"geometry":{"type":"Polygon","coordinates":[[[8.46072,63.58411],[8.46081,63.58583],[8.51086,63.58498],[8.48,63.57205],[8.46072,63.58411]]]}},{"type":"Feature","properties":{"kind":"land","level":1},"geometry":{"type":"Polygon","coordinates":[[[11.04092,58.99836],[11.0407,59.0],[11.05906,59.00408],[11.055,58.98628],[11.04092,58.99836]]]}},{"type":"Feature","properties":{"kind":"land","level":1},"geometry":{"type":"Polygon","coordinates":[[[10.71577,59.31328],[10.71586,59.315],[10.74507,59.31636],[10.73322,59.30542],[10.71577,59.31328]]]}},{"type":"Feature","properties":{"kind":"land","level":1},"geometry":{"type":"Polygon","coordinates":[[[11.78748,57.59581],[11.78745,57.59666],[11.81917,57.60994],[11.81492,57.59206],[11.78748,57.59581]]]}},{"type":"Feature","properties":{"kind":"land","level":1},"geometry":{"type":"Polygon","coordinates":[[[11.62753,57.93417],[11.6275,57.93667],[11.6775,57.93994],[11.64083,57.9325],[11.65161,57.92458],[11.62753,57.93417]]]}},{"type":"Feature","properties":{"kind":"land","level":1},"geometry":{"type":"Polygon","coordinates":[[[6.03408,53.45663],[6.03416,53.45831],[6.06247,53.45164],[6.04328,53.44289],[6.03408,53.45663]]]}},{"type":"Feature","properties":{"kind":"land","level":1},"geometry":{"type":"Polygon","coordinates":[[[5.06084,59.82164],[5.06081,59.8233],[5.08914,59.81411],[5.08158,59.80038],[5.06084,59.82164]]]}},{"type":"Feature","properties":{"kind":"land","level":1},"geometry":{"type":"Polygon","coordinates":[[[-5.89914,56.66083],[-5.89922,56.66161],[-5.87253,56.66664],[-5.88836,56.65125],[-5.89914,56.66083]]]}},{"type":"Feature","properties":{"kind":"land","level":1},"geometry":{"type":"Polygon","coordinates":[[[0.66744,51.39748],[0.66742,51.39828],[0.6908,51.41086],[0.695,51.39455],[0.66744,51.39748]]]}},{"type":"Feature","properties":{"kind":"land","level":1},"geometry":{"type":"Polygon","coordinates":[[[4.7975,60.81917],[4.79742,60.82002],[4.81158,60.82872],[4.83075,60.81084],[4.80656,60.82042],[4.80333,60.80289],[4.7975,60.81917]]]}},{"type":"Feature","properties":{"kind":"land","level":1},"geometry":{"type":"Polygon","coordinates":[[[9.70497,63.86623],[9.70489,63.86875],[9.75914,63.87247],[9.71497,63.85792],[9.70497,63.86623]]]}},{"type":"Feature","properties":{"kind":"land","level":1},"geometry":{"type":"Polygon","coordinates":[[[-14.1908,64.59],[-14.18919,64.59086],[-14.18169,64.60208],[-14.14925,64.5958],[-14.1908,64.59]]]}},{"type":"Feature","properties":{"kind":"land","level":1},"geometry":{"type":"Polygon","coordinates":[[[8.77742,63.80333],[8.77742,63.80498],[8.78,63.81873],[8.81255,63.81331],[8.77742,63.80333]]]}},{"type":"Feature","properties":{"kind":"land","level":1},"geometry":{"type":"Polygon","coordinates":[[[-7.09753,57.76747],[-7.09756,57.76913],[-7.07919,57.77497],[-7.0725,57.7525],[-7.09753,57.76747]]]}},{"type":"Feature","properties":{"kind":"land","level":1},"geometry":{"type":"Polygon","coordinates":[[[5.08575,60.09416],[5.08575,60.09581],[5.10167,60.10372],[5.12078,60.08083],[5.08575,60.09416]]]}},{"type":"Feature","properties":{"kind":"land","level":1},"geometry":{"type":"Polygon","coordinates":[[[-5.47919,57.88664],[-5.47919,57.88831],[-5.46503,57.89873],[-5.4592,57.87917],[-5.47919,57.88664]]]}},{"type":"Feature","properties":{"kind":"land","level":1},"geometry":{"type":"Polygon","coordinates":[[[11.24917,58.58833],[11.24903,58.59164],[11.28081,58.57587],[11.25664,58.57211],[11.24917,58.58833]]]}},{"type":"Feature","properties":{"kind":"land","level":1},"geometry":{"type":"Polygon","coordinates":[[[5.49239,58.91664],[5.49242,58.9183],[5.52575,58.92164],[5.51334,58.90878],[5.49239,58.91664]]]}},{"type":"Feature","properties":{"kind":"land","level":1},"geometry":{"type":"Polygon","coordinates":[[[5.16248,60.23997],[5.16248,60.24167],[5.20086,60.23414],[5.18497,60.22625],[5.16248,60.23997]]]}},{"type":"Feature","properties":{"kind":"land","level":1},"geometry":{"type":"Polygon","coordinates":[[[9.12411,63.99834],[9.12242,63.9975],[9.105,63.98872],[9.08075,63.99917],[9.11,64.00872],[9.12411,63.99834]]]}},{"type":"Feature","properties":{"kind":"land","level":1},"geometry":{"type":"Polygon","coordinates":[[[9.81578,58.99914],[9.81578,58.99828],[9.78914,58.99417],[9.79417,59.00999],[9.81578,58.99914]]]}},{"type":"Feature","properties":{"kind":"land","level":1},"geometry":{"type":"Polygon","coordinates":[[[7.00078,58.02083],[7.00247,58.02331],[7.01672,58.03203],[7.02419,58.01334],[7.00078,58.02083]]]}},{"type":"Feature","properties":{"kind":"land","level":1},"geometry":{"type":"Polygon","coordinates":[[[5.07081,59.43584],[5.07078,59.4375],[5.08667,59.44625],[5.1025,59.43414],[5.07081,59.43584]]]}},{"type":"Feature","properties":{"kind":"land","level":1},"geometry":{"type":"Polygon","coordinates":[[[11.12917,58.72833],[11.13167,58.72958],[11.14336,58.73961],[11.15581,58.71914],[11.12917,58.72833]]]}},{"type":"Feature","properties":{"kind":"land","level":1},"geometry":{"type":"Polygon","coordinates":[[[11.68584,57.8083],[11.68578,57.80917],[11.72572,57.81003],[11.70167,57.79709],[11.68584,57.8083]]]}},{"type":"Feature","properties":{"kind":"land","level":1},"geometry":{"type":"Polygon","coordinates":[[[5.34908,60.13497],[5.34908,60.1367],[5.36836,60.14542],[5.38744,60.13248],[5.34908,60.13497]]]}},{"type":"Feature","properties":{"kind":"land","level":1},"geometry":{"type":"Polygon","coordinates":[[[11.78578,57.65828],[11.78831,57.65956],[11.80578,57.6608],[11.80495,57.64039],[11.78578,57.65828]]]}},{"type":"Feature","properties":{"kind":"land","level":1},"geometry":{"type":"Polygon","coordinates":[[[-5.95081,56.6575],[-5.95089,56.65831],[-5.93,56.66959],[-5.90747,56.66],[-5.95081,56.6575]]]}},{"type":"Feature","properties":{"kind":"land","level":1},"geometry":{"type":"Polygon","coordinates":[[[-7.68256,57.52414],[-7.68081,57.52497],[-7.64672,57.53539],[-7.63092,57.52081],[-7.68256,57.52414]]]}},{"type":"Feature","properties":{"kind":"land","level":1},"geometry":{"type":"Polygon","coordinates":[[[5.17917,59.89583],[5.17911,59.9],[5.21081,59.89164],[5.20831,59.87622],[5.17917,59.89583]]]}},{"type":"Feature","properties":{"kind":"land","level":1},"geometry":{"type":"Polygon","coordinates":[[[10.55589,64.84245],[10.55573,64.84417],[10.59744,64.85667],[10.58667,64.83791],[10.55589,64.84245]]]}},{"type":"Feature","properties":{"kind":"land","level":1},"geometry":{"type":"Polygon","coordinates":[[[5.29078,62.0508],[5.29078,62.05251],[5.32325,62.05289],[5.32081,62.04164],[5.29078,62.0508]]]}},{"type":"Feature","properties":{"kind":"land","level":1},"geometry":{"type":"Polygon","coordinates":[[[-3.00105,48.83569],[-3.00142,48.83647],[-3.01508,48.85208],[-2.99464,48.8483],[-3.00105,48.83569]]]}},{"type":"Feature","properties":{"kind":"land","level":1},"geometry":{"type":"Polygon","coordinates":[[[-6.38089,57.9025],[-6.38089,57.90414],[-6.35083,57.90327],[-6.34998,57.88125],[-6.38089,57.9025]]]}},{"type":"Feature","properties":{"kind":"land","level":1},"geometry":{"type":"Polygon","coordinates":[[[9.11494,64.07706],[9.11328,64.07956],[9.13997,64.08205],[9.14497,64.06455],[9.11828,64.06206],[9.11494,64.07706]]]}},{"type":"Feature","properties":{"kind":"land","level":1},"geometry":{"type":"Polygon","coordinates":[[[-8.60425,54.29664],[-8.60258,54.2975],[-8.57919,54.29662],[-8.59169,54.28369],[-8.60425,54.29664]]]}},{"type":"Feature","properties":{"kind":"land","level":1},"geometry":{"type":"Polygon","coordinates":[[[10.23244,64.25667],[10.23248,64.25747],[10.25503,64.26373],[10.26417,64.2458],[10.23244,64.25667]]]}},{"type":"Feature","properties":{"kind":"land","level":1},"geometry":{"type":"Polygon","coordinates":[[[4.94253,61.27167],[4.94247,61.27245],[4.97325,61.27789],[4.97747,61.26578],[4.94253,61.27167]]]}},{"type":"Feature","properties":{"kind":"land","level":1},"geometry":{"type":"Polygon","coordinates":[[[-5.23917,57.94583],[-5.2392,57.94827],[-5.21,57.94958],[-5.20925,57.9375],[-5.23917,57.94583]]]}},{"type":"Feature","properties":{"kind":"land","level":1},"geometry":{"type":"Polygon","coordinates":[[[4.66239,61.3008],[4.66411,61.30164],[4.67997,61.30789],[4.69411,61.29083],[4.66239,61.3008]]]}},{"type":"Feature","properties":{"kind":"land","level":1},"geometry":{"type":"Polygon","coordinates":[[[-9.45922,51.48747],[-9.4592,51.4925],[-9.4275,51.49914],[-9.43506,51.48539],[-9.45922,51.48747]]]}},{"type":"Feature","properties":{"kind":"land","level":1},"geometry":{"type":"Polygon","coordinates":[[[5.3525,59.72833],[5.35245,59.73077],[5.36997,59.73708],[5.38078,59.7175],[5.3525,59.72833]]]}},{"type":"Feature","properties":{"kind":"land","level":1},"geometry":{"type":"Polygon","coordinates":[[[5.16075,60.14583],[5.1608,60.14661],[5.18003,60.1637],[5.18411,60.14084],[5.16075,60.14583]]]}},{"type":"Feature","properties":{"kind":"land","level":1},"geometry":{"type":"Polygon","coordinates":[[[4.89575,60.95998],[4.89577,60.9625],[4.92586,60.9575],[4.91158,60.94458],[4.89575,60.95998]]]}},{"type":"Feature","properties":{"kind":"land","level":1},"geometry":{"type":"Polygon","coordinates":[[[9.40652,63.54285],[9.40871,63.54909],[9.43578,63.555],[9.42328,63.53875],[9.40652,63.54285]]]}},{"type":"Feature","properties":{"kind":"land","level":1},"geometry":{"type":"Polygon","coordinates":[[[7.56572,63.0983],[7.5658,63.09917],[7.59489,63.11375],[7.59084,63.09412],[7.56572,63.0983]]]}},{"type":"Feature","properties":{"kind":"land","level":1},"geometry":{"type":"Polygon","coordinates":[[[5.81406,58.97333],[5.81409,58.97498],[5.82796,58.97908],[5.82333,58.98956],[5.84247,58.98167],[5.81406,58.97333]]]}},{"type":"Feature","properties":{"kind":"land","level":1},"geometry":{"type":"Polygon","coordinates":[[[4.90086,60.445],[4.90072,60.44664],[4.92414,60.45419],[4.9183,60.43539],[4.90086,60.445]]]}},{"type":"Feature","properties":{"kind":"land","level":1},"geometry":{"type":"Polygon","coordinates":[[[4.89083,60.82997],[4.88917,60.835],[4.91911,60.82997],[4.90994,60.81538],[4.89083,60.82997]]]}},{"type":"Feature","properties":{"kind":"land","level":1},"geometry":{"type":"Polygon","coordinates":[[[6.90747,58.04664],[6.90744,58.0508],[6.93586,58.05669],[6.93333,58.03873],[6.90747,58.04664]]]}},{"type":"Feature","properties":{"kind":"land","level":1},"geometry":{"type":"Polygon","coordinates":[[[-5.40589,56.58664],[-5.40583,56.58917],[-5.38253,56.59497],[-5.39506,56.57711],[-5.40589,56.58664]]]}},{"type":"Feature","properties":{"kind":"land","level":1},"geometry":{"type":"Polygon","coordinates":[[[-1.18125,46.00917],[-1.1813,46.00997],[-1.17756,46.02458],[-1.15708,46.02083],[-1.18125,46.00917]]]}},{"type":"Feature","properties":{"kind":"land","level":1},"geometry":{"type":"Polygon","coordinates":[[[8.6775,63.81164],[8.68075,63.81331],[8.71416,63.82247],[8.68822,63.80208],[8.6775,63.81164]]]}},{"type":"Feature","properties":{"kind":"land","level":1},"geometry":{"type":"Polygon","coordinates":[[[10.8708,59.04586],[10.87078,59.04744],[10.88,59.05622],[10.89753,59.0425],[10.8708,59.04586]]]}},{"type":"Feature","properties":{"kind":"land","level":1},"geometry":{"type":"Polygon","coordinates":[[[8.0,63.49375],[8.00164,63.49455],[7.99825,63.47792],[7.97408,63.49078],[8.0,63.49375]]]}},{"type":"Feature","properties":{"kind":"land","level":1},"geometry":{"type":"Polygon","coordinates":[[[-14.35592,64.60331],[-14.35586,64.605],[-14.30164,64.63372],[-14.2942,64.61914],[-14.35592,64.60331]]]}},{"type":"Feature","properties":{"kind":"land","level":1},"geometry":{"type":"Polygon","coordinates":[[[5.07584,60.065],[5.07575,60.0675],[5.09417,60.07167],[5.09914,60.05498],[5.07584,60.065]]]}},{"type":"Feature","properties":{"kind":"land","level":1},"geometry":{"type":"Polygon","coordinates":[[[11.70741,55.13747],[11.70744,55.13911],[11.71825,55.1487],[11.71497,55.12372],[11.70741,55.13747]]]}},{"type":"Feature","properties":{"kind":"land","level":1},"geometry":{"type":"Polygon","coordinates":[[[5.09084,59.89914],[5.09247,59.89997],[5.12089,59.89667],[5.09494,59.88875],[5.09084,59.89914]]]}},{"type":"Feature","properties":{"kind":"land","level":1},"geometry":{"type":"Polygon","coordinates":[[[5.87578,59.23583],[5.87586,59.23833],[5.89914,59.24083],[5.8933,59.22453],[5.87578,59.23583]]]}},{"type":"Feature","properties":{"kind":"land","level":1},"geometry":{"type":"Polygon","coordinates":[[[-3.00089,48.86292],[-3.0,48.86286],[-2.99836,48.8512],[-3.01508,48.85452],[-3.00089,48.86292]]]}},{"type":"Feature","properties":{"kind":"land","level":1},"geometry":{"type":"Polygon","coordinates":[[[-5.84422,59.11833],[-5.8425,59.11917],[-5.82169,59.13455],[-5.81258,59.12083],[-5.84422,59.11833]]]}},{"type":"Feature","properties":{"kind":"land","level":1},"geometry":{"type":"Polygon","coordinates":[[[5.2908,59.67998],[5.29075,59.68247],[5.29669,59.69539],[5.3175,59.69078],[5.2908,59.67998]]]}},{"type":"Feature","properties":{"kind":"land","level":1},"geometry":{"type":"Polygon","coordinates":[[[-6.36794,49.95081],[-6.36797,49.95167],[-6.35839,49.96372],[-6.35425,49.94375],[-6.36794,49.95081]]]}},{"type":"Feature","properties":{"kind":"land","level":1},"geometry":{"type":"Polygon","coordinates":[[[5.72081,59.67831],[5.72083,59.67998],[5.75417,59.675],[5.73495,59.6662],[5.72081,59.67831]]]}},{"type":"Feature","properties":{"kind":"land","level":1},"geometry":{"type":"Polygon","coordinates":[[[9.74753,63.92667],[9.74744,63.92831],[9.75831,63.93709],[9.7617,63.91375],[9.74753,63.92667]]]}},{"type":"Feature","properties":{"kind":"land","level":1},"geometry":{"type":"Polygon","coordinates":[[[8.0,63.10289],[8.00325,63.10292],[8.04742,63.11086],[7.98664,63.09539],[8.0,63.10289]]]}},{"type":"Feature","properties":{"kind":"land","level":1},"geometry":{"type":"Polygon","coordinates":[[[8.0,63.28625],[7.99831,63.28622],[7.97836,63.29539],[8.0,63.29872],[8.0,63.28625]]]}},{"type":"Feature","properties":{"kind":"land","level":1},"geometry":{"type":"Polygon","coordinates":[[[10.35072,59.1183],[10.35078,59.12247],[10.36578,59.12831],[10.36494,59.11039],[10.35072,59.1183]]]}},{"type":"Feature","properties":{"kind":"land","level":1},"geometry":{"type":"Polygon","coordinates":[[[6.73911,62.7908],[6.74078,62.79164],[6.77914,62.79828],[6.76667,62.78539],[6.73911,62.7908]]]}},{"type":"Feature","properties":{"kind":"land","level":1},"geometry":{"type":"Polygon","coordinates":[[[10.08083,64.19331],[10.0808,64.19581],[10.08803,64.20705],[10.11244,64.19917],[10.08083,64.19331]]]}},{"type":"Feature","properties":{"kind":"land","level":1},"geometry":{"type":"Polygon","coordinates":[[[11.19744,58.33833],[11.1975,58.33917],[11.2207,58.3475],[11.21328,58.32956],[11.19744,58.33833]]]}},{"type":"Feature","properties":{"kind":"land","level":1},"geometry":{"type":"Polygon","coordinates":[[[4.83414,60.87417],[4.83408,60.875],[4.85328,60.88125],[4.86745,60.86748],[4.83414,60.87417]]]}},{"type":"Feature","properties":{"kind":"land","level":1},"geometry":{"type":"Polygon","coordinates":[[[6.0,59.18781],[6.00328,59.18709],[6.01331,59.17538],[5.98744,59.1808],[6.0,59.18781]]]}},{"type":"Feature","properties":{"kind":"land","level":1},"geometry":{"type":"Polygon","coordinates":[[[-6.35794,49.88747],[-6.35789,49.88831],[-6.35091,49.89792],[-6.33791,49.88667],[-6.35794,49.88747]]]}},{"type":"Feature","properties":{"kind":"land","level":1},"geometry":{"type":"Polygon","coordinates":[[[-1.3708,60.14333],[-1.37086,60.14497],[-1.36,60.15375],[-1.34758,60.13917],[-1.3708,60.14333]]]}},{"type":"Feature","properties":{"kind":"land","level":1},"geometry":{"type":"Polygon","coordinates":[[[11.55228,58.08163],[11.55233,58.0825],[11.57736,58.08],[11.56983,58.06953],[11.55228,58.08163]]]}},{"type":"Feature","properties":{"kind":"land","level":1},"geometry":{"type":"Polygon","coordinates":[[[8.6775,54.12911],[8.67747,54.1358],[8.69747,54.13744],[8.69164,54.12367],[8.6775,54.12911]]]}},{"type":"Feature","properties":{"kind":"land","level":1},"geometry":{"type":"Polygon","coordinates":[[[11.05408,64.83083],[11.05414,64.83164],[11.07322,64.84458],[11.07906,64.82831],[11.05408,64.83083]]]}},{"type":"Feature","properties":{"kind":"land","level":1},"geometry":{"type":"Polygon","coordinates":[[[10.62411,64.86583],[10.62408,64.86747],[10.65989,64.87244],[10.63831,64.85709],[10.62411,64.86583]]]}},{"type":"Feature","properties":{"kind":"land","level":1},"geometry":{"type":"Polygon","coordinates":[[[10.58908,64.7675],[10.58914,64.76836],[10.62242,64.77331],[10.60159,64.75956],[10.58908,64.7675]]]}},{"type":"Feature","properties":{"kind":"land","level":1},"geometry":{"type":"Polygon","coordinates":[[[11.23908,58.34666],[11.23914,58.34747],[11.27072,58.34914],[11.25822,58.33708],[11.23908,58.34666]]]}},{"type":"Feature","properties":{"kind":"land","level":1},"geometry":{"type":"Polygon","coordinates":[[[10.46914,54.96664],[10.46917,54.9675],[10.50081,54.96667],[10.48664,54.95708],[10.46914,54.96664]]]}},{"type":"Feature","properties":{"kind":"land","level":1},"geometry":{"type":"Polygon","coordinates":[[[11.6758,57.81583],[11.6758,57.81747],[11.67992,57.82956],[11.70247,57.82497],[11.6758,57.81583]]]}},{"type":"Feature","properties":{"kind":"land","level":1},"geometry":{"type":"Polygon","coordinates":[[[6.99831,58.01205],[7.0,58.01208],[6.99,58.00288],[6.97908,58.0175],[6.99831,58.01205]]]}},{"type":"Feature","properties":{"kind":"land","level":1},"geometry":{"type":"Polygon","coordinates":[[[11.60086,57.75667],[11.60081,57.75752],[11.61919,57.76503],[11.61664,57.75041],[11.60086,57.75667]]]}},{"type":"Feature","properties":{"kind":"land","level":1},"geometry":{"type":"Polygon","coordinates":[[[-7.34247,57.02],[-7.34247,57.02253],[-7.32333,57.02705],[-7.32081,57.01578],[-7.34247,57.02]]]}},{"type":"Feature","properties":{"kind":"land","level":1},"geometry":{"type":"Polygon","coordinates":[[[11.32078,58.295],[11.32072,58.29581],[11.3382,58.29958],[11.34233,58.28497],[11.32078,58.295]]]}},{"type":"Feature","properties":{"kind":"land","level":1},"geometry":{"type":"Polygon","coordinates":[[[7.72072,58.01586],[7.72081,58.01664],[7.7375,58.02497],[7.73911,58.0125],[7.72072,58.01586]]]}},{"type":"Feature","properties":{"kind":"land","level":1},"geometry":{"type":"Polygon","coordinates":[[[9.02411,63.96664],[9.02411,63.96745],[9.04994,63.97206],[9.05419,63.96083],[9.02411,63.96664]]]}},{"type":"Feature","properties":{"kind":"land","level":1},"geometry":{"type":"Polygon","coordinates":[[[11.22578,58.56586],[11.22581,58.56836],[11.23822,58.57625],[11.2458,58.565],[11.22578,58.56586]]]}},{"type":"Feature","properties":{"kind":"land","level":1},"geometry":{"type":"Polygon","coordinates":[[[10.49908,59.19583],[10.49914,59.19664],[10.50994,59.20456],[10.51914,59.19417],[10.49908,59.19583]]]}},{"type":"Feature","properties":{"kind":"land","level":1},"geometry":{"type":"Polygon","coordinates":[[[4.89745,60.97078],[4.89742,60.9725],[4.90325,60.98372],[4.91578,60.96916],[4.89745,60.97078]]]}},{"type":"Feature","properties":{"kind":"land","level":1},"geometry":{"type":"Polygon","coordinates":[[[-16.86928,63.81],[-16.86919,63.81081],[-16.86839,63.82375],[-16.84917,63.8083],[-16.86928,63.81]]]}},{"type":"Feature","properties":{"kind":"land","level":1},"geometry":{"type":"Polygon","coordinates":[[[11.64414,57.67244],[11.64667,57.67372],[11.66573,57.67497],[11.65919,57.66414],[11.64414,57.67244]]]}},{"type":"Feature","properties":{"kind":"land","level":1},"geometry":{"type":"Polygon","coordinates":[[[-2.68244,59.13333],[-2.68242,59.1358],[-2.66505,59.14041],[-2.66419,59.12833],[-2.68244,59.13333]]]}},{"type":"Feature","properties":{"kind":"land","level":1},"geometry":{"type":"Polygon","coordinates":[[[10.83417,64.75414],[10.83414,64.75584],[10.85328,64.7662],[10.83997,64.74539],[10.83417,64.75414]]]}},{"type":"Feature","properties":{"kind":"water","level":2},"geometry":{"type":"Polygon","coordinates":[[[8.56,56.58194],[8.59028,56.59222],[8.57972,56.66833],[8.51361,56.65306],[8.47972,56.67528],[8.43639,56.67028],[8.52306,56.68139],[8.52333,56.69917],[8.48722,56.70778],[8.50472,56.73111],[8.48722,56.7875],[8.61361,56.84833],[8.6225,56.88918],[8.67583,56.9375],[8.74834,56.93389],[8.81667,56.96556],[8.79472,56.99361],[8.85194,56.98861],[8.85973,57.01222],[8.92,56.98806],[9.11806,57.02194],[9.12083,57.03694],[9.02444,57.09472],[9.02861,57.11194],[9.09556,57.05251],[9.22722,56.98111],[9.51139,57.04889],[9.54166,57.03472],[9.64389,57.05861],[9.74028,57.05389],[9.78362,57.09417],[9.92944,57.04222],[9.82944,57.02333],[9.6975,57.02888],[9.65667,56.98694],[9.57139,56.94444],[9.56694,56.91972],[9.53917,56.94749],[9.57667,56.97917],[9.41722,56.99833],[9.31667,56.98806],[9.18389,56.90833],[9.17139,56.87389],[9.20695,56.84583],[9.17416,56.79583],[9.19139,56.76611],[9.24583,56.74667],[9.17028,56.65916],[9.19167,56.65388],[9.26334,56.69],[9.29222,56.68444],[9.31389,56.63722],[9.29056,56.54889],[9.37278,56.56083],[9.38333,56.53083],[9.29389,56.51778],[9.25139,56.5675],[9.28362,56.60833],[9.17306,56.61082],[9.15583,56.63445],[9.13472,56.61361],[9.14889,56.595],[9.1125,56.59361],[9.09583,56.54832],[9.07139,56.55083],[9.05667,56.61082],[9.15417,56.71167],[9.07611,56.79556],[8.92805,56.7825],[8.84444,56.71056],[8.91167,56.69944],[8.90806,56.68528],[8.81111,56.675],[8.74805,56.61833],[8.6775,56.60722],[8.75417,56.54917],[8.73389,56.47806],[8.66333,56.47194],[8.60806,56.48417],[8.56078,56.572],[8.56,56.58194]]]}},{"type":"Feature","properties":{"kind":"water","level":2},"geometry":{"type":"Polygon","coordinates":[[[6.15056,46.22972],[6.17833,46.30833],[6.33806,46.46278],[6.42333,46.46806],[6.50723,46.51584],[6.59639,46.51778],[6.83806,46.46722],[6.93361,46.42166],[6.92667,46.40445],[6.86305,46.39472],[6.73333,46.41583],[6.51556,46.40805],[6.38834,46.3475],[6.32,46.375],[6.2625,46.34084],[6.15916,46.21],[6.135,46.20111],[6.1475,46.22389],[6.15056,46.22972]]]}},{"type":"Feature","properties":{"kind":"water","level":2},"geometry":{"type":"Polygon","coordinates":[[[9.47444,47.49638],[9.38944,47.54778],[9.37389,47.5775],[9.18472,47.65723],[9.20722,47.67778],[9.1625,47.74695],[9.07889,47.77806],[9.03194,47.81583],[9.21028,47.7525],[9.23111,47.71695],[9.31028,47.67861],[9.49139,47.64889],[9.5375,47.59389],[9.71,47.54944],[9.74389,47.52222],[9.69611,47.515],[9.67639,47.49611],[9.64667,47.49583],[9.63667,47.51167],[9.60389,47.49278],[9.55527,47.50611],[9.51722,47.48639],[9.47639,47.49306],[9.47444,47.49638]]]}},{"type":"Feature","properties":{"kind":"water","level":2},"geometry":{"type":"Polygon","coordinates":[[[10.45277,61.08028],[10.47583,61.02222],[10.65195,60.94695],[10.73805,60.87473],[10.71361,60.82195],[10.7475,60.78611],[10.85583,60.75945],[10.95556,60.76639],[10.95861,60.80111],[10.89861,60.8275],[10.89639,60.86389],[10.86028,60.88472],[10.93056,60.86945],[11.03278,60.79083],[11.09333,60.78806],[11.07139,60.74778],[11.13944,60.63306],[11.22112,60.57806],[11.26334,60.58778],[11.25611,60.60834],[11.27917,60.59389],[11.22916,60.51723],[11.21917,60.39778],[11.16805,60.47667],[11.17472,60.55667],[11.08694,60.62666],[10.98389,60.65527],[10.70389,60.77667],[10.67667,60.82195],[10.69139,60.86972],[10.64222,60.91917],[10.42583,61.02861],[10.4275,61.11833],[10.45084,61.08389],[10.45277,61.08028]]]}},{"type":"Feature","properties":{"kind":"water","level":2},"geometry":{"type":"Polygon","coordinates":[[[-6.23972,54.70361],[-6.32667,54.60556],[-6.28472,54.60445],[-6.27139,54.58083],[-6.36555,54.52861],[-6.34861,54.50305],[-6.36972,54.48389],[-6.4275,54.48195],[-6.43278,54.505],[-6.50195,54.51584],[-6.56139,54.49834],[-6.59889,54.51805],[-6.60861,54.55194],[-6.51556,54.61361],[-6.53917,54.70528],[-6.51917,54.73334],[-6.47472,54.74139],[-6.47945,54.71222],[-6.4325,54.69889],[-6.28056,54.72194],[-6.24083,54.70778],[-6.23972,54.70361]]]}},{"type":"Feature","properties":{"kind":"water","level":2},"geometry":{"type":"Polygon","coordinates":[[[8.14667,55.98111],[8.13583,56.10306],[8.28944,56.0425],[8.39778,55.8975],[8.2925,55.84],[8.19389,55.80833],[8.19889,55.85889],[8.15139,55.96306],[8.14667,55.98111]]]}},{"type":"Feature","properties":{"kind":"water","level":2},"geometry":{"type":"Polygon","coordinates":[[[11.8575,59.46861],[11.84944,59.41917],[11.9075,59.38667],[11.90361,59.43278],[12.0,59.40521],[12.0,59.40291],[11.94028,59.40167],[11.88278,59.32611],[11.90361,59.27306],[11.94278,59.2675],[11.97611,59.22556],[12.0,59.2179],[12.0,59.2021],[11.99472,59.205],[11.92861,59.22083],[11.84028,59.32556],[11.81639,59.28694],[11.82806,59.19028],[11.83916,59.17583],[11.8625,59.1825],[11.90166,59.11222],[11.86639,59.06694],[11.92278,58.90195],[11.87833,58.98083],[11.8275,58.9975],[11.84417,59.02417],[11.81805,59.03722],[11.83444,59.06778],[11.8075,59.09889],[11.85028,59.10222],[11.85111,59.12556],[11.7975,59.17166],[11.77888,59.27917],[11.70722,59.36139],[11.80417,59.30722],[11.82528,59.36555],[11.79611,59.40306],[11.82361,59.41917],[11.81277,59.465],[11.86083,59.47528],[11.8575,59.46861]]]}},{"type":"Feature","properties":{"kind":"water","level":2},"geometry":{"type":"Polygon","coordinates":[[[7.05278,46.99167],[7.02944,46.96139],[6.76806,46.81139],[6.64694,46.78667],[6.64944,46.80444],[6.77944,46.89667],[6.86945,46.94389],[6.88472,46.97166],[6.98722,47.01139],[7.04972,46.99556],[7.05278,46.99167]]]}},{"type":"Feature","properties":{"kind":"water","level":2},"geometry":{"type":"Polygon","coordinates":[[[8.65774,46.0],[8.66889,46.0125],[8.7175,46.02972],[8.69695,46.09084],[8.7425,46.14362],[8.83861,46.17611],[8.85167,46.155],[8.73556,46.08611],[8.75889,46.00667],[8.74881,46.0],[8.65774,46.0]]]}},{"type":"Feature","properties":{"kind":"water","level":2},"geometry":{"type":"Polygon","coordinates":[[[11.94972,62.40805],[11.96944,62.35389],[11.93111,62.26723],[11.94083,62.18528],[11.88695,62.15388],[11.8725,62.07083],[11.93111,61.92917],[11.91306,61.91778],[11.88778,61.92778],[11.84306,62.04639],[11.72056,62.09444],[11.71167,62.11528],[11.73944,62.15944],[11.80945,62.14362],[11.80806,62.18472],[11.85667,62.1825],[11.91389,62.31361],[11.86472,62.40028],[11.91167,62.39583],[11.91306,62.41583],[11.9375,62.41222],[11.94972,62.40805]]]}},{"type":"Feature","properties":{"kind":"water","level":2},"geometry":{"type":"Polygon","coordinates":[[[-9.20417,53.47166],[-9.22083,53.45416],[-9.1725,53.43222],[-9.02917,53.4125],[-9.07944,53.38972],[-9.07528,53.34833],[-9.04611,53.34694],[-9.0375,53.32944],[-9.08278,53.29666],[-9.11972,53.31055],[-9.14639,53.34917],[-9.12056,53.36],[-9.14722,53.38055],[-9.1275,53.39639],[-9.14389,53.40944],[-9.235,53.41389],[-9.24055,53.42861],[-9.26222,53.42084],[-9.30861,53.43388],[-9.36195,53.46973],[-9.46667,53.48361],[-9.44972,53.50139],[-9.38,53.48972],[-9.405,53.50694],[-9.29166,53.52667],[-9.22195,53.52333],[-9.20167,53.47583],[-9.20417,53.47166]]]}},{"type":"Feature","properties":{"kind":"water","level":2},"geometry":{"type":"Polygon","coordinates":[[[9.23876,46.0],[9.23917,46.03583],[9.27611,46.07445],[9.29111,46.1375],[9.38639,46.17361],[9.34,46.12195],[9.31028,46.12],[9.31111,46.05917],[9.28333,46.02],[9.28946,46.0],[9.23876,46.0]]]}},{"type":"Feature","properties":{"kind":"water","level":2},"geometry":{"type":"Polygon","coordinates":[[[-8.16472,53.06333],[-8.24167,53.04111],[-8.25166,53.015],[-8.28694,53.0],[-8.25889,52.92889],[-8.30194,52.91888],[-8.28584,52.89583],[-8.38,52.89806],[-8.44333,52.81667],[-8.46389,52.85194],[-8.42833,52.89],[-8.49944,52.90306],[-8.41917,52.92694],[-8.34556,52.92833],[-8.32167,52.955],[-8.35445,53.00195],[-8.28306,53.02695],[-8.28944,53.06639],[-8.20556,53.08055],[-8.16167,53.06528],[-8.16472,53.06333]]]}},{"type":"Feature","properties":{"kind":"water","level":2},"geometry":{"type":"Polygon","coordinates":[[[10.20556,60.78917],[10.255,60.72694],[10.32028,60.7025],[10.35083,60.66472],[10.32555,60.52556],[10.37833,60.5225],[10.435,60.46472],[10.43195,60.43972],[10.46889,60.42444],[10.43167,60.40862],[10.37861,60.33194],[10.37861,60.29611],[10.42111,60.26306],[10.39694,60.24861],[10.3375,60.31223],[10.37222,60.40028],[10.36972,60.49805],[10.305,60.51639],[10.28972,60.56],[10.33806,60.63972],[10.30278,60.68833],[10.23139,60.72278],[10.20667,60.76917],[10.14083,60.79056],[10.19528,60.79333],[10.20556,60.78917]]]}},{"type":"Feature","properties":{"kind":"water","level":2},"geometry":{"type":"Polygon","coordinates":[[[10.33305,60.09972],[10.24667,60.01278],[10.30861,59.93777],[10.29,59.89305],[10.26833,59.95528],[10.15916,60.00528],[10.08305,60.01222],[9.99194,59.975],[10.15195,60.11555],[10.17361,60.11305],[10.16917,60.05028],[10.195,60.04195],[10.23222,60.06528],[10.27444,60.05611],[10.29916,60.10306],[10.32722,60.11667],[10.33083,60.1075],[10.33305,60.09972]]]}},{"type":"Feature","properties":{"kind":"water","level":2},"geometry":{"type":"Polygon","coordinates":[[[11.57195,64.03972],[11.61139,64.07972],[11.5875,64.11611],[11.76278,64.13611],[11.82584,64.16444],[11.92555,64.17167],[12.0,64.19],[12.0,64.15454],[11.66194,64.11444],[11.62139,64.04028],[11.56416,64.03472],[11.57195,64.03972]]]}},{"type":"Feature","properties":{"kind":"water","level":2},"geometry":{"type":"Polygon","coordinates":[[[-7.74416,54.51611],[-7.76083,54.495],[-7.72417,54.48],[-7.73417,54.445],[-7.65667,54.39889],[-7.65528,54.35944],[-7.69334,54.40222],[-7.8325,54.46389],[-7.96778,54.46834],[-7.94305,54.50528],[-7.85778,54.52888],[-7.78861,54.53194],[-7.74778,54.51862],[-7.74416,54.51611]]]}},{"type":"Feature","properties":{"kind":"water","level":2},"geometry":{"type":"Polygon","coordinates":[[[-8.00222,53.65944],[-8.0125,53.62195],[-7.96694,53.5775],[-7.96194,53.54333],[-7.89472,53.56223],[-7.89389,53.54723],[-7.86389,53.56333],[-7.84111,53.54833],[-7.90639,53.52361],[-7.92667,53.48666],[-7.90667,53.48694],[-7.92028,53.46806],[-7.89972,53.4575],[-7.98333,53.45639],[-7.97417,53.48083],[-8.00278,53.48028],[-7.99416,53.55417],[-8.02695,53.54972],[-8.06194,53.57528],[-8.04056,53.5975],[-8.05639,53.63333],[-8.02778,53.66722],[-8.00417,53.66361],[-8.00222,53.65944]]]}},{"type":"Feature","properties":{"kind":"water","level":2},"geometry":{"type":"Polygon","coordinates":[[[8.595,46.90584],[8.59333,46.98528],[8.48306,46.96667],[8.42445,46.98195],[8.45167,47.00083],[8.3975,47.00555],[8.32278,46.98028],[8.30583,47.00694],[8.33056,47.00166],[8.33694,47.01472],[8.31223,47.05167],[8.35667,47.03416],[8.43167,47.08361],[8.39972,47.03194],[8.46111,47.02389],[8.48695,46.99167],[8.60361,46.99389],[8.62444,46.90556],[8.59556,46.90167],[8.595,46.90584]]]}},{"type":"Feature","properties":{"kind":"water","level":2},"geometry":{"type":"Polygon","coordinates":[[[11.08389,59.94722],[11.17944,59.88222],[11.23444,59.81139],[11.2575,59.64833],[11.23695,59.63778],[11.21306,59.64694],[11.19611,59.79028],[11.11195,59.85583],[11.12083,59.88528],[11.05,59.94389],[11.05028,59.95639],[11.07528,59.95111],[11.08389,59.94722]]]}},{"type":"Feature","properties":{"kind":"water","level":2},"geometry":{"type":"Polygon","coordinates":[[[8.40083,61.35944],[8.83389,61.33167],[8.91722,61.31416],[9.07833,61.36501],[9.16833,61.37389],[9.25,61.34944],[9.18111,61.35111],[9.17528,61.33639],[9.06917,61.355],[9.00667,61.33778],[8.96861,61.30556],[8.90388,61.2975],[8.78362,61.32417],[8.74389,61.31194],[8.69889,61.32584],[8.41583,61.33889],[8.295,61.37278],[8.39972,61.36166],[8.40083,61.35944]]]}},{"type":"Feature","properties":{"kind":"water","level":2},"geometry":{"type":"Polygon","coordinates":[[[7.96306,59.97166],[8.05639,59.935],[8.03806,59.87083],[8.13278,59.86917],[8.29528,59.80444],[8.24583,59.80361],[8.09556,59.84306],[8.12028,59.79861],[8.21,59.76028],[8.10944,59.78305],[8.00806,59.82777],[7.98528,59.87556],[8.03083,59.92972],[7.96111,59.95111],[7.92167,59.99805],[7.96167,59.9725],[7.96306,59.97166]]]}},{"type":"Feature","properties":{"kind":"water","level":2},"geometry":{"type":"Polygon","coordinates":[[[-9.29556,53.67917],[-9.27917,53.64166],[-9.31333,53.585],[-9.29195,53.57834],[-9.32972,53.555],[-9.40556,53.555],[-9.41361,53.58278],[-9.475,53.58528],[-9.39555,53.61278],[-9.33111,53.68056],[-9.29472,53.68222],[-9.29556,53.67917]]]}},{"type":"Feature","properties":{"kind":"water","level":2},"geometry":{"type":"Polygon","coordinates":[[[8.46028,59.31167],[8.49389,59.2875],[8.45944,59.20277],[8.49472,59.08305],[8.48278,59.01195],[8.43833,59.04972],[8.45306,59.09056],[8.41695,59.19833],[8.43361,59.26527],[8.46389,59.27695],[8.42639,59.31167],[8.45139,59.31612],[8.46028,59.31167]]]}},{"type":"Feature","properties":{"kind":"water","level":2},"geometry":{"type":"Polygon","coordinates":[[[11.07361,63.27667],[11.07889,63.2625],[11.03861,63.26666],[11.0025,63.22583],[10.95639,63.22055],[10.65806,63.27528],[10.50806,63.26167],[10.52389,63.27472],[10.63139,63.28444],[10.94444,63.26083],[10.99139,63.28],[11.06416,63.28056],[11.07361,63.27667]]]}},{"type":"Feature","properties":{"kind":"water","level":2},"geometry":{"type":"Polygon","coordinates":[[[8.13472,56.36944],[8.14167,56.42611],[8.23111,56.40972],[8.25027,56.38694],[8.18445,56.40306],[8.17445,56.38556],[8.31389,56.31472],[8.24861,56.27639],[8.24361,56.30972],[8.14667,56.32222],[8.13695,56.34944],[8.13472,56.36944]]]}},{"type":"Feature","properties":{"kind":"water","level":2},"geometry":{"type":"Polygon","coordinates":[[[11.96028,64.74472],[11.70333,64.69583],[11.67889,64.68555],[11.70667,64.67],[11.6675,64.65972],[11.58444,64.65833],[11.62222,64.70139],[11.45667,64.68639],[11.48306,64.70861],[11.73083,64.72056],[11.88528,64.75472],[11.99805,64.76056],[11.96944,64.7475],[11.96028,64.74472]]]}},{"type":"Feature","properties":{"kind":"water","level":2},"geometry":{"type":"Polygon","coordinates":[[[-4.68027,56.25806],[-4.67083,56.18806],[-4.63445,56.1375],[-4.52139,56.07306],[-4.52417,56.05251],[-4.58861,56.03],[-4.58361,56.00555],[-4.63417,56.0325],[-4.63084,56.09389],[-4.69194,56.19611],[-4.68166,56.26389],[-4.68027,56.25806]]]}},{"type":"Feature","properties":{"kind":"water","level":2},"geometry":{"type":"Polygon","coordinates":[[[8.9125,47.65584],[9.00056,47.69528],[8.94083,47.73195],[8.96361,47.73917],[9.00583,47.72639],[8.98833,47.74889],[9.10194,47.70139],[9.12917,47.67194],[9.01611,47.67333],[8.915,47.64667],[8.88333,47.65388],[8.90778,47.65527],[8.9125,47.65584]]]}},{"type":"Feature","properties":{"kind":"water","level":2},"geometry":{"type":"Polygon","coordinates":[[[11.52472,53.77695],[11.49445,53.76527],[11.48944,53.69444],[11.45639,53.69139],[11.50972,53.62473],[11.5,53.60194],[11.42389,53.625],[11.46,53.68139],[11.43945,53.68306],[11.42694,53.72361],[11.45306,53.76111],[11.52611,53.77861],[11.52472,53.77695]]]}},{"type":"Feature","properties":{"kind":"water","level":2},"geometry":{"type":"Polygon","coordinates":[[[9.24055,59.36083],[9.275,59.3075],[9.40222,59.26028],[9.44611,59.22194],[9.49973,59.20612],[9.49194,59.19333],[9.16805,59.33556],[9.15195,59.37278],[9.19278,59.35916],[9.24306,59.38139],[9.24167,59.36639],[9.24055,59.36083]]]}},{"type":"Feature","properties":{"kind":"water","level":2},"geometry":{"type":"Polygon","coordinates":[[[8.705,47.2125],[8.58389,47.28166],[8.53362,47.36444],[8.62361,47.28056],[8.73333,47.23666],[8.81055,47.23334],[8.77611,47.2075],[8.70778,47.21194],[8.705,47.2125]]]}},{"type":"Feature","properties":{"kind":"water","level":2},"geometry":{"type":"Polygon","coordinates":[[[11.28833,47.83556],[11.29528,47.86389],[11.27,47.89806],[11.35472,47.99417],[11.33,47.92611],[11.33611,47.83028],[11.29222,47.83305],[11.28833,47.83556]]]}},{"type":"Feature","properties":{"kind":"water","level":2},"geometry":{"type":"Polygon","coordinates":[[[-9.21333,54.06277],[-9.23722,54.03194],[-9.18222,54.00917],[-9.17833,53.99194],[-9.22166,53.98111],[-9.275,53.98861],[-9.30695,54.04445],[-9.265,54.04472],[-9.2975,54.06223],[-9.29945,54.09334],[-9.26417,54.09694],[-9.22083,54.0675],[-9.21333,54.06277]]]}},{"type":"Feature","properties":{"kind":"water","level":2},"geometry":{"type":"Polygon","coordinates":[[[8.05889,59.18222],[8.07361,59.12862],[8.22945,59.06917],[8.24333,58.99611],[8.19194,59.04388],[8.03167,59.12695],[8.04972,59.19083],[8.05889,59.18222]]]}},{"type":"Feature","properties":{"kind":"water","level":2},"geometry":{"type":"Polygon","coordinates":[[[10.89528,59.44055],[10.88361,59.415],[10.91528,59.36111],[10.88667,59.38306],[10.88028,59.35722],[10.84028,59.35973],[10.80806,59.39],[10.73583,59.40083],[10.77417,59.46417],[10.79195,59.41389],[10.82611,59.40278],[10.8975,59.44472],[10.89528,59.44055]]]}},{"type":"Feature","properties":{"kind":"water","level":2},"geometry":{"type":"Polygon","coordinates":[[[11.63417,60.415],[11.64806,60.37862],[11.71028,60.36417],[11.72833,60.29278],[11.68417,60.33112],[11.67416,60.31445],[11.53445,60.37862],[11.60833,60.37722],[11.59612,60.41417],[11.6275,60.42111],[11.63417,60.415]]]}},{"type":"Feature","properties":{"kind":"water","level":2},"geometry":{"type":"Polygon","coordinates":[[[8.96714,46.0],[9.12389,46.03389],[9.09778,46.00778],[9.05778,46.01028],[9.02927,46.0],[8.96714,46.0]]]}},{"type":"Feature","properties":{"kind":"water","level":2},"geometry":{"type":"Polygon","coordinates":[[[11.74861,62.68723],[11.83889,62.66472],[11.69473,62.67889],[11.68417,62.65916],[11.76195,62.62527],[11.83611,62.62056],[11.82306,62.60722],[11.66556,62.63667],[11.60167,62.68167],[11.51389,62.67194],[11.46667,62.69222],[11.7425,62.68694],[11.74861,62.68723]]]}},{"type":"Feature","properties":{"kind":"water","level":2},"geometry":{"type":"Polygon","coordinates":[[[7.66444,46.73611],[7.755,46.68333],[7.80389,46.68584],[7.82972,46.66667],[7.76361,46.65527],[7.71333,46.66667],[7.63361,46.7275],[7.64111,46.745],[7.66194,46.73694],[7.66444,46.73611]]]}},{"type":"Feature","properties":{"kind":"water","level":2},"geometry":{"type":"Polygon","coordinates":[[[8.55611,60.46528],[8.63611,60.4425],[8.71972,60.4325],[8.74,60.44333],[8.85806,60.41611],[8.87972,60.33639],[8.82472,60.36417],[8.84834,60.40056],[8.59972,60.43361],[8.54389,60.46777],[8.55611,60.46528]]]}},{"type":"Feature","properties":{"kind":"water","level":2},"geometry":{"type":"Polygon","coordinates":[[[-4.33556,57.37305],[-4.67639,57.13861],[-4.44778,57.32472],[-4.34917,57.38695],[-4.33444,57.37944],[-4.33556,57.37305]]]}},{"type":"Feature","properties":{"kind":"water","level":2},"geometry":{"type":"Polygon","coordinates":[[[8.48861,61.8825],[8.54972,61.85611],[8.74973,61.87527],[8.85222,61.85861],[9.11777,61.87361],[8.88805,61.84722],[8.73861,61.86278],[8.555,61.84473],[8.45444,61.87972],[8.47389,61.88194],[8.48861,61.8825]]]}},{"type":"Feature","properties":{"kind":"water","level":2},"geometry":{"type":"Polygon","coordinates":[[[-5.04556,56.3775],[-5.07777,56.35056],[-5.21306,56.30417],[-5.30417,56.21333],[-5.41611,56.17639],[-5.31111,56.22361],[-5.21667,56.32083],[-5.09611,56.36111],[-5.08972,56.38028],[-5.04583,56.38556],[-5.04556,56.3775]]]}},{"type":"Feature","properties":{"kind":"water","level":2},"geometry":{"type":"Polygon","coordinates":[[[7.73111,59.76389],[7.86639,59.70639],[7.99472,59.70555],[8.03416,59.66888],[7.99667,59.65639],[7.92805,59.69083],[7.84778,59.69194],[7.70028,59.76917],[7.72056,59.76639],[7.73111,59.76389]]]}},{"type":"Feature","properties":{"kind":"water","level":2},"geometry":{"type":"Polygon","coordinates":[[[11.22916,61.67444],[11.24028,61.53833],[11.34138,61.43388],[11.34138,61.39583],[11.22444,61.50667],[11.23228,61.61548],[11.21167,61.69139],[11.22417,61.67751],[11.22916,61.67444]]]}},{"type":"Feature","properties":{"kind":"water","level":2},"geometry":{"type":"Polygon","coordinates":[[[11.22222,59.4675],[11.16666,59.38167],[11.05361,59.33722],[11.07944,59.31055],[11.05,59.30139],[11.00417,59.32973],[11.13917,59.39194],[11.21722,59.47417],[11.22222,59.4675]]]}},{"type":"Feature","properties":{"kind":"water","level":2},"geometry":{"type":"Polygon","coordinates":[[[-7.48583,54.22583],[-7.48139,54.19305],[-7.42889,54.15028],[-7.49055,54.15083],[-7.47389,54.16389],[-7.49639,54.165],[-7.53361,54.22389],[-7.60778,54.25917],[-7.55111,54.27167],[-7.48805,54.22722],[-7.48583,54.22583]]]}},{"type":"Feature","properties":{"kind":"water","level":2},"geometry":{"type":"Polygon","coordinates":[[[9.90278,59.665],[10.09528,59.5625],[9.99111,59.58472],[9.92028,59.61833],[9.83861,59.67889],[9.80917,59.68195],[9.81528,59.69749],[9.89667,59.66806],[9.90278,59.665]]]}},{"type":"Feature","properties":{"kind":"water","level":2},"geometry":{"type":"Polygon","coordinates":[[[11.12444,47.94861],[11.09861,48.00722],[11.10083,48.05667],[11.12833,48.07472],[11.13278,48.015],[11.16917,47.99194],[11.15139,47.94444],[11.13111,47.94611],[11.12444,47.94861]]]}},{"type":"Feature","properties":{"kind":"water","level":2},"geometry":{"type":"Polygon","coordinates":[[[8.065,59.42972],[8.4075,59.38639],[8.43083,59.37083],[8.27444,59.37611],[8.0125,59.4325],[8.04723,59.42972],[8.065,59.42972]]]}},{"type":"Feature","properties":{"kind":"water","level":2},"geometry":{"type":"Polygon","coordinates":[[[7.98139,60.79028],[8.01861,60.75],[8.09111,60.74333],[8.17389,60.71361],[8.0925,60.70944],[7.95695,60.74361],[7.93584,60.79889],[7.98389,60.79833],[7.98139,60.79028]]]}},{"type":"Feature","properties":{"kind":"water","level":2},"geometry":{"type":"Polygon","coordinates":[[[8.77972,59.97112],[8.82278,59.965],[8.91444,59.86417],[9.01,59.80945],[9.01334,59.73111],[8.99389,59.80389],[8.92472,59.83806],[8.84306,59.91778],[8.78278,59.92056],[8.80861,59.94167],[8.75611,59.96389],[8.77278,59.97222],[8.77972,59.97112]]]}},{"type":"Feature","properties":{"kind":"water","level":2},"geometry":{"type":"Polygon","coordinates":[[[7.73722,58.83583],[7.83222,58.75639],[7.78806,58.68028],[7.80055,58.60139],[7.76056,58.68333],[7.76945,58.72722],[7.81306,58.75305],[7.75083,58.78305],[7.72639,58.84389],[7.73722,58.83583]]]}},{"type":"Feature","properties":{"kind":"water","level":2},"geometry":{"type":"Polygon","coordinates":[[[6.42111,61.93111],[6.22028,61.90334],[6.10222,61.90833],[6.27944,61.92333],[6.36,61.96139],[6.47916,61.96333],[6.44334,61.94639],[6.49277,61.93056],[6.43417,61.93056],[6.42111,61.93111]]]}},{"type":"Feature","properties":{"kind":"water","level":2},"geometry":{"type":"Polygon","coordinates":[[[-8.01917,54.15222],[-8.0275,54.09334],[-8.06333,54.05389],[-8.10056,54.15334],[-8.02472,54.15639],[-8.01917,54.15222]]]}},{"type":"Feature","properties":{"kind":"water","level":2},"geometry":{"type":"Polygon","coordinates":[[[11.78306,61.29723],[11.9675,61.12167],[11.83833,61.23306],[11.80556,61.23944],[11.74111,61.30222],[11.76583,61.30251],[11.78306,61.29723]]]}},{"type":"Feature","properties":{"kind":"water","level":2},"geometry":{"type":"Polygon","coordinates":[[[9.18611,59.04527],[9.31084,59.02389],[9.35806,58.98334],[9.24639,59.01666],[9.22334,59.00806],[9.26806,58.97611],[9.20861,58.98],[9.1725,59.04527],[9.18611,59.04527]]]}},{"type":"Feature","properties":{"kind":"water","level":2},"geometry":{"type":"Polygon","coordinates":[[[11.07306,60.39722],[11.05222,60.34861],[11.11278,60.32249],[11.11361,60.29333],[11.1425,60.29083],[11.09972,60.27194],[11.01,60.34833],[11.0475,60.40222],[11.07083,60.41139],[11.07694,60.40111],[11.07306,60.39722]]]}},{"type":"Feature","properties":{"kind":"water","level":2},"geometry":{"type":"Polygon","coordinates":[[[11.79,62.03778],[11.80139,62.00027],[11.76611,61.99638],[11.80583,61.93056],[11.77917,61.91472],[11.72722,62.005],[11.76722,62.05111],[11.78889,62.04417],[11.79,62.03778]]]}},{"type":"Feature","properties":{"kind":"water","level":2},"geometry":{"type":"Polygon","coordinates":[[[7.22305,47.11472],[7.16472,47.05556],[7.115,47.04195],[7.08056,47.05389],[7.23805,47.12944],[7.22778,47.11694],[7.22305,47.11472]]]}},{"type":"Feature","properties":{"kind":"water","level":2},"geometry":{"type":"Polygon","coordinates":[[[10.0125,60.54889],[10.05972,60.5325],[10.04389,60.46916],[10.07167,60.43639],[10.06889,60.36667],[10.02,60.45583],[10.02528,60.52417],[9.98666,60.54],[10.00166,60.55083],[10.0125,60.54889]]]}},{"type":"Feature","properties":{"kind":"water","level":2},"geometry":{"type":"Polygon","coordinates":[[[12.0,63.05294],[11.92805,63.08611],[11.91639,63.11333],[11.94583,63.12889],[12.0,63.11691],[12.0,63.05294]]]}},{"type":"Feature","properties":{"kind":"water","level":2},"geometry":{"type":"Polygon","coordinates":[[[8.50056,47.07639],[8.46889,47.09944],[8.46778,47.185],[8.50723,47.17583],[8.49111,47.12862],[8.51806,47.08333],[8.50583,47.07278],[8.50056,47.07639]]]}},{"type":"Feature","properties":{"kind":"water","level":2},"geometry":{"type":"Polygon","coordinates":[[[8.01472,46.76028],[8.04972,46.74778],[7.92611,46.69472],[7.89027,46.695],[8.00806,46.76111],[8.01472,46.76028]]]}},{"type":"Feature","properties":{"kind":"water","level":2},"geometry":{"type":"Polygon","coordinates":[[[9.89056,59.19],[10.01889,59.05833],[9.86694,59.15527],[9.88389,59.19112],[9.89056,59.19]]]}},{"type":"Feature","properties":{"kind":"water","level":2},"geometry":{"type":"Polygon","coordinates":[[[9.38445,52.49583],[9.3775,52.46389],[9.33028,52.44861],[9.28528,52.45612],[9.29166,52.47945],[9.38083,52.49861],[9.38445,52.49583]]]}},{"type":"Feature","properties":{"kind":"water","level":2},"geometry":{"type":"Polygon","coordinates":[[[-5.36528,57.64278],[-5.45611,57.67722],[-5.53611,57.68056],[-5.55361,57.71944],[-5.595,57.74306],[-5.33111,57.63583],[-5.355,57.64166],[-5.36528,57.64278]]]}},{"type":"Feature","properties":{"kind":"water","level":2},"geometry":{"type":"Polygon","coordinates":[[[10.45055,54.14667],[10.42389,54.08528],[10.40083,54.08833],[10.3925,54.12889],[10.33722,54.12417],[10.34861,54.14833],[10.45111,54.14778],[10.45055,54.14667]]]}},{"type":"Feature","properties":{"kind":"water","level":2},"geometry":{"type":"Polygon","coordinates":[[[7.62889,60.19583],[7.69556,60.19778],[7.70277,60.17111],[7.77861,60.14833],[7.65305,60.1625],[7.54361,60.15278],[7.61222,60.1875],[7.62889,60.19583]]]}},{"type":"Feature","properties":{"kind":"water","level":2},"geometry":{"type":"Polygon","coordinates":[[[10.95639,53.65278],[10.93972,53.62862],[10.95722,53.57806],[10.93833,53.57249],[10.95778,53.56555],[10.92805,53.5475],[10.90639,53.57472],[10.92,53.61056],[10.89639,53.61722],[10.89445,53.60722],[10.8675,53.63806],[10.91861,53.62722],[10.95583,53.65527],[10.95639,53.65278]]]}},{"type":"Feature","properties":{"kind":"water","level":2},"geometry":{"type":"Polygon","coordinates":[[[8.86472,58.80888],[8.84972,58.75305],[8.81833,58.765],[8.83222,58.78972],[8.75444,58.78667],[8.71611,58.7725],[8.71528,58.74556],[8.67889,58.7425],[8.69972,58.78555],[8.86417,58.8125],[8.86472,58.80888]]]}},{"type":"Feature","properties":{"kind":"water","level":2},"geometry":{"type":"Polygon","coordinates":[[[6.38361,61.63611],[6.33528,61.67306],[6.33861,61.72972],[6.27834,61.75111],[6.37361,61.72861],[6.36056,61.67722],[6.42167,61.63778],[6.39167,61.63028],[6.38361,61.63611]]]}},{"type":"Feature","properties":{"kind":"water","level":2},"geometry":{"type":"Polygon","coordinates":[[[11.85,63.54889],[11.77028,63.59389],[11.95834,63.56583],[11.94528,63.55389],[11.85111,63.54723],[11.85,63.54889]]]}},{"type":"Feature","properties":{"kind":"water","level":2},"geometry":{"type":"Polygon","coordinates":[[[6.68723,58.65472],[6.68806,58.56667],[6.62806,58.42694],[6.66444,58.55583],[6.65972,58.64472],[6.68389,58.67278],[6.68389,58.65972],[6.68723,58.65472]]]}},{"type":"Feature","properties":{"kind":"water","level":2},"geometry":{"type":"Polygon","coordinates":[[[-5.55167,56.94639],[-5.72889,56.9375],[-5.80917,56.94583],[-5.80833,56.95833],[-5.79945,56.9675],[-5.69444,56.94945],[-5.525,56.95722],[-5.54417,56.94722],[-5.55167,56.94639]]]}},{"type":"Feature","properties":{"kind":"water","level":2},"geometry":{"type":"Polygon","coordinates":[[[-4.42583,58.03444],[-4.73333,58.17223],[-4.46861,58.0775],[-4.39639,58.02306],[-4.42194,58.03111],[-4.42583,58.03444]]]}},{"type":"Feature","properties":{"kind":"water","level":2},"geometry":{"type":"Polygon","coordinates":[[[6.56528,58.42805],[6.57861,58.3575],[6.52972,58.32916],[6.55583,58.36361],[6.51667,58.44167],[6.56778,58.42805],[6.56528,58.42805]]]}},{"type":"Feature","properties":{"kind":"water","level":2},"geometry":{"type":"Polygon","coordinates":[[[8.19556,60.17223],[8.27361,60.12361],[8.28694,60.08861],[8.205,60.11111],[8.20944,60.13861],[8.16944,60.16639],[8.19305,60.175],[8.19556,60.17223]]]}},{"type":"Feature","properties":{"kind":"water","level":2},"geometry":{"type":"Polygon","coordinates":[[[8.93945,59.29944],[8.81,59.28694],[8.68584,59.29472],[8.75389,59.30611],[8.94139,59.30361],[8.93945,59.29944]]]}},{"type":"Feature","properties":{"kind":"water","level":2},"geometry":{"type":"Polygon","coordinates":[[[-4.0175,56.56694],[-4.08111,56.54833],[-4.15056,56.49333],[-4.28472,56.465],[-4.15111,56.50945],[-4.09278,56.55667],[-3.99889,56.57834],[-4.01028,56.57056],[-4.0175,56.56694]]]}},{"type":"Feature","properties":{"kind":"water","level":2},"geometry":{"type":"Polygon","coordinates":[[[10.50083,54.31917],[10.51667,54.29972],[10.47583,54.28362],[10.3825,54.30611],[10.39306,54.32333],[10.4975,54.31944],[10.50083,54.31917]]]}},{"type":"Feature","properties":{"kind":"water","level":2},"geometry":{"type":"Polygon","coordinates":[[[9.7175,54.50362],[9.70277,54.49278],[9.61777,54.51028],[9.5825,54.47917],[9.55083,54.51028],[9.63139,54.52806],[9.63805,54.51862],[9.6975,54.52583],[9.71555,54.50861],[9.7175,54.50362]]]}},{"type":"Feature","properties":{"kind":"water","level":2},"geometry":{"type":"Polygon","coordinates":[[[5.84834,52.90833],[5.83889,52.88111],[5.755,52.87944],[5.77805,52.91194],[5.84944,52.90972],[5.84834,52.90833]]]}},{"type":"Feature","properties":{"kind":"water","level":2},"geometry":{"type":"Polygon","coordinates":[[[7.46528,59.88167],[7.49083,59.86694],[7.53389,59.87028],[7.54861,59.81889],[7.4625,59.85222],[7.45194,59.89389],[7.46333,59.88583],[7.46528,59.88167]]]}},{"type":"Feature","properties":{"kind":"water","level":2},"geometry":{"type":"Polygon","coordinates":[[[-9.20861,53.70833],[-9.2575,53.6625],[-9.28167,53.75166],[-9.25195,53.74528],[-9.24445,53.70222],[-9.20834,53.71167],[-9.20861,53.70833]]]}},{"type":"Feature","properties":{"kind":"water","level":2},"geometry":{"type":"Polygon","coordinates":[[[7.12944,46.94889],[7.07445,46.90694],[7.03861,46.9125],[7.05917,46.9375],[7.12222,46.9525],[7.12944,46.94889]]]}},{"type":"Feature","properties":{"kind":"water","level":2},"geometry":{"type":"Polygon","coordinates":[[[-4.28139,56.91],[-4.4375,56.76611],[-4.44889,56.73222],[-4.46889,56.74834],[-4.45611,56.77028],[-4.31055,56.90278],[-4.27528,56.91194],[-4.28139,56.91]]]}},{"type":"Feature","properties":{"kind":"water","level":2},"geometry":{"type":"Polygon","coordinates":[[[4.38139,48.28917],[4.31416,48.25027],[4.32111,48.30305],[4.38333,48.29167],[4.38139,48.28917]]]}},{"type":"Feature","properties":{"kind":"water","level":2},"geometry":{"type":"Polygon","coordinates":[[[9.92278,54.62111],[9.77333,54.55917],[9.73556,54.52695],[9.76833,54.57556],[9.93777,54.64778],[9.92889,54.6225],[9.92278,54.62111]]]}},{"type":"Feature","properties":{"kind":"water","level":2},"geometry":{"type":"Polygon","coordinates":[[[-8.40556,53.9575],[-8.44222,53.91972],[-8.4275,53.91472],[-8.49083,53.92528],[-8.46306,53.92972],[-8.47889,53.94167],[-8.465,53.97472],[-8.40056,53.96056],[-8.40556,53.9575]]]}},{"type":"Feature","properties":{"kind":"water","level":2},"geometry":{"type":"Polygon","coordinates":[[[8.22945,56.17861],[8.26195,56.15723],[8.23139,56.125],[8.16167,56.15417],[8.22222,56.18028],[8.22945,56.17861]]]}},{"type":"Feature","properties":{"kind":"water","level":2},"geometry":{"type":"Polygon","coordinates":[[[-5.19361,57.06194],[-5.38278,57.04306],[-5.27666,57.08806],[-5.18889,57.06389],[-5.19361,57.06194]]]}},{"type":"Feature","properties":{"kind":"water","level":2},"geometry":{"type":"Polygon","coordinates":[[[11.57333,61.96973],[11.57584,61.94722],[11.66528,61.88889],[11.54278,61.94028],[11.53639,61.97472],[11.56833,61.97778],[11.57333,61.96973]]]}},{"type":"Feature","properties":{"kind":"water","level":2},"geometry":{"type":"Polygon","coordinates":[[[-7.27167,53.81139],[-7.29611,53.78972],[-7.32389,53.79],[-7.315,53.77945],[-7.36583,53.78084],[-7.32555,53.81805],[-7.29139,53.82389],[-7.27139,53.81277],[-7.27167,53.81139]]]}},{"type":"Feature","properties":{"kind":"water","level":2},"geometry":{"type":"Polygon","coordinates":[[[11.56805,63.83],[11.60889,63.87083],[11.58195,63.92166],[11.63667,63.84334],[11.62639,63.82528],[11.56055,63.82639],[11.56805,63.83]]]}},{"type":"Feature","properties":{"kind":"water","level":2},"geometry":{"type":"Polygon","coordinates":[[[-8.32611,54.2475],[-8.43167,54.22722],[-8.45389,54.25945],[-8.43027,54.24834],[-8.41611,54.26083],[-8.32111,54.25139],[-8.32611,54.2475]]]}},{"type":"Feature","properties":{"kind":"water","level":2},"geometry":{"type":"Polygon","coordinates":[[[8.90166,47.20861],[8.83889,47.19639],[8.79556,47.21222],[8.8175,47.22361],[8.93916,47.225],[8.90305,47.21056],[8.90166,47.20861]]]}},{"type":"Feature","properties":{"kind":"water","level":2},"geometry":{"type":"Polygon","coordinates":[[[-9.49083,52.02167],[-9.54472,52.01389],[-9.59306,52.05806],[-9.53667,52.05194],[-9.48917,52.0225],[-9.49083,52.02167]]]}},{"type":"Feature","properties":{"kind":"water","level":2},"geometry":{"type":"Polygon","coordinates":[[[5.6225,52.95944],[5.50945,52.91611],[5.49973,52.89583],[5.47833,52.90222],[5.48556,52.92694],[5.56055,52.95944],[5.62444,52.96028],[5.6225,52.95944]]]}},{"type":"Feature","properties":{"kind":"water","level":2},"geometry":{"type":"Polygon","coordinates":[[[-4.84472,57.00083],[-4.97139,56.92416],[-4.97389,56.94167],[-4.83583,57.01306],[-4.84389,57.00195],[-4.84472,57.00083]]]}},{"type":"Feature","properties":{"kind":"water","level":2},"geometry":{"type":"Polygon","coordinates":[[[9.11889,47.14],[9.30417,47.12527],[9.22278,47.11722],[9.1175,47.13806],[9.11889,47.14]]]}},{"type":"Feature","properties":{"kind":"water","level":2},"geometry":{"type":"Polygon","coordinates":[[[-4.45084,56.23444],[-4.54945,56.24445],[-4.63084,56.28667],[-4.58361,56.28194],[-4.53722,56.25305],[-4.45556,56.25027],[-4.43111,56.22972],[-4.4475,56.23473],[-4.45084,56.23444]]]}},{"type":"Feature","properties":{"kind":"water","level":2},"geometry":{"type":"Polygon","coordinates":[[[10.90556,53.94528],[10.90166,53.92611],[10.96694,53.91222],[10.9125,53.90195],[10.885,53.9225],[10.81667,53.88861],[10.77111,53.8925],[10.82667,53.89889],[10.86361,53.91695],[10.86694,53.94083],[10.90583,53.94695],[10.90556,53.94528]]]}},{"type":"Feature","properties":{"kind":"water","level":2},"geometry":{"type":"Polygon","coordinates":[[[-7.35389,53.66417],[-7.28972,53.60806],[-7.36583,53.64056],[-7.39944,53.63667],[-7.40083,53.66556],[-7.35583,53.665],[-7.35389,53.66417]]]}},{"type":"Feature","properties":{"kind":"water","level":2},"geometry":{"type":"Polygon","coordinates":[[[6.01556,52.63583],[5.92528,52.6125],[5.89222,52.62334],[5.98666,52.65862],[6.01972,52.6375],[6.01556,52.63583]]]}},{"type":"Feature","properties":{"kind":"water","level":2},"geometry":{"type":"Polygon","coordinates":[[[10.7075,47.58278],[10.73083,47.65083],[10.74695,47.63806],[10.76305,47.64555],[10.75694,47.605],[10.70944,47.57889],[10.7075,47.58278]]]}},{"type":"Feature","properties":{"kind":"water","level":2},"geometry":{"type":"Polygon","coordinates":[[[10.76778,53.7775],[10.76417,53.71556],[10.78917,53.70222],[10.75889,53.68139],[10.73222,53.75555],[10.76889,53.78056],[10.76778,53.7775]]]}},{"type":"Feature","properties":{"kind":"water","level":2},"geometry":{"type":"Polygon","coordinates":[[[-7.36111,53.48389],[-7.36861,53.45889],[-7.41639,53.4375],[-7.43222,53.45444],[-7.40889,53.4825],[-7.35833,53.48611],[-7.36111,53.48389]]]}},{"type":"Feature","properties":{"kind":"water","level":2},"geometry":{"type":"Polygon","coordinates":[[[-8.21445,53.99667],[-8.22694,53.98277],[-8.27389,53.98195],[-8.27722,54.02583],[-8.21278,54.00111],[-8.21445,53.99667]]]}},{"type":"Feature","properties":{"kind":"water","level":2},"geometry":{"type":"Polygon","coordinates":[[[11.31667,47.58055],[11.34472,47.61389],[11.38528,47.58639],[11.31306,47.57806],[11.31667,47.58055]]]}},{"type":"Feature","properties":{"kind":"water","level":2},"geometry":{"type":"Polygon","coordinates":[[[-4.19861,56.68528],[-4.41695,56.68],[-4.21833,56.69722],[-4.19167,56.68667],[-4.19861,56.68528]]]}},{"type":"Feature","properties":{"kind":"water","level":2},"geometry":{"type":"Polygon","coordinates":[[[8.33945,52.53611],[8.36056,52.5175],[8.33167,52.49361],[8.31,52.52028],[8.32777,52.53806],[8.33945,52.53611]]]}},{"type":"Feature","properties":{"kind":"water","level":2},"geometry":{"type":"Polygon","coordinates":[[[-2.94861,54.40556],[-2.91833,54.38222],[-2.93861,54.28611],[-2.95333,54.30806],[-2.93306,54.36611],[-2.96944,54.40723],[-2.9525,54.40944],[-2.94861,54.40556]]]}},{"type":"Feature","properties":{"kind":"water","level":2},"geometry":{"type":"Polygon","coordinates":[[[-9.75361,54.19889],[-9.76667,54.16083],[-9.825,54.2],[-9.75528,54.19972],[-9.75361,54.19889]]]}},{"type":"Feature","properties":{"kind":"water","level":2},"geometry":{"type":"Polygon","coordinates":[[[5.0975,52.19945],[5.1,52.17889],[5.03833,52.16695],[5.04583,52.19528],[5.09695,52.20084],[5.0975,52.19945]]]}},{"type":"Feature","properties":{"kind":"water","level":2},"geometry":{"type":"Polygon","coordinates":[[[8.16389,47.12695],[8.12917,47.14472],[8.12389,47.17444],[8.18417,47.13499],[8.16917,47.125],[8.16389,47.12695]]]}},{"type":"Feature","properties":{"kind":"water","level":2},"geometry":{"type":"Polygon","coordinates":[[[6.33056,46.65889],[6.24694,46.61333],[6.33417,46.68139],[6.33361,46.665],[6.33056,46.65889]]]}},{"type":"Feature","properties":{"kind":"water","level":2},"geometry":{"type":"Polygon","coordinates":[[[9.1975,59.69722],[9.2325,59.65889],[9.17,59.66833],[9.18611,59.69667],[9.1975,59.69722]]]}},{"type":"Feature","properties":{"kind":"water","level":2},"geometry":{"type":"Polygon","coordinates":[[[-9.14806,53.95389],[-9.17972,53.9425],[-9.19778,53.97528],[-9.16417,53.98056],[-9.14584,53.95416],[-9.14806,53.95389]]]}},{"type":"Feature","properties":{"kind":"water","level":2},"geometry":{"type":"Polygon","coordinates":[[[5.66666,52.92889],[5.62527,52.89861],[5.60639,52.90556],[5.6275,52.93083],[5.66666,52.93139],[5.66666,52.92889]]]}},{"type":"Feature","properties":{"kind":"water","level":2},"geometry":{"type":"Polygon","coordinates":[[[-7.38972,53.58833],[-7.36417,53.55222],[-7.40972,53.57056],[-7.41528,53.59528],[-7.39222,53.5925],[-7.38972,53.58833]]]}},{"type":"Feature","properties":{"kind":"water","level":2},"geometry":{"type":"Polygon","coordinates":[[[4.76083,52.25806],[4.74917,52.23722],[4.68777,52.2325],[4.71722,52.255],[4.76167,52.26111],[4.76083,52.25806]]]}},{"type":"Feature","properties":{"kind":"water","level":2},"geometry":{"type":"Polygon","coordinates":[[[-4.11806,56.3825],[-4.26972,56.37889],[-4.08667,56.38556],[-4.11305,56.38278],[-4.11806,56.3825]]]}},{"type":"Feature","properties":{"kind":"water","level":2},"geometry":{"type":"Polygon","coordinates":[[[-5.005,57.40805],[-5.04639,57.42139],[-5.13,57.41556],[-5.14667,57.42805],[-5.04139,57.43306],[-5.00083,57.40805],[-5.005,57.40805]]]}},{"type":"Feature","properties":{"kind":"water","level":2},"geometry":{"type":"Polygon","coordinates":[[[-5.4175,57.7225],[-5.48278,57.78194],[-5.45222,57.78472],[-5.45917,57.76556],[-5.41084,57.72166],[-5.4175,57.7225]]]}},{"type":"Feature","properties":{"kind":"water","level":2},"geometry":{"type":"Polygon","coordinates":[[[-4.78083,56.55444],[-4.79667,56.53972],[-4.85333,56.53472],[-4.84084,56.55972],[-4.78083,56.56055],[-4.78083,56.55444]]]}},{"type":"Feature","properties":{"kind":"water","level":2},"geometry":{"type":"Polygon","coordinates":[[[-4.90361,57.64139],[-5.01083,57.63611],[-5.07639,57.65278],[-4.90222,57.64362],[-4.90361,57.64139]]]}},{"type":"Feature","properties":{"kind":"water","level":2},"geometry":{"type":"Polygon","coordinates":[[[6.06778,52.70889],[6.06111,52.69305],[6.00444,52.68806],[6.01028,52.70444],[6.06389,52.71278],[6.06778,52.70889]]]}},{"type":"Feature","properties":{"kind":"water","level":2},"geometry":{"type":"Polygon","coordinates":[[[-4.86861,57.07195],[-4.97916,57.07222],[-4.87,57.085],[-4.86361,57.07361],[-4.86861,57.07195]]]}},{"type":"Feature","properties":{"kind":"water","level":2},"geometry":{"type":"Polygon","coordinates":[[[11.73778,47.70416],[11.71944,47.73639],[11.73194,47.75027],[11.77139,47.70111],[11.73972,47.70194],[11.73778,47.70416]]]}},{"type":"Feature","properties":{"kind":"water","level":2},"geometry":{"type":"Polygon","coordinates":[[[9.79028,54.38528],[9.75361,54.37278],[9.72945,54.38445],[9.77778,54.40388],[9.79305,54.38722],[9.79028,54.38528]]]}},{"type":"Feature","properties":{"kind":"water","level":2},"geometry":{"type":"Polygon","coordinates":[[[8.08667,51.48639],[8.14861,51.49111],[8.18027,51.47667],[8.08111,51.48083],[8.09972,51.4675],[8.06861,51.465],[8.04972,51.48917],[8.08278,51.48778],[8.08667,51.48639]]]}},{"type":"Feature","properties":{"kind":"water","level":2},"geometry":{"type":"Polygon","coordinates":[[[11.72639,47.43472],[11.70667,47.44361],[11.70417,47.50278],[11.73222,47.43222],[11.72639,47.43472]]]}},{"type":"Feature","properties":{"kind":"water","level":2},"geometry":{"type":"Polygon","coordinates":[[[8.20972,47.26444],[8.19806,47.32167],[8.22528,47.26833],[8.21416,47.25694],[8.20972,47.26444]]]}},{"type":"Feature","properties":{"kind":"water","level":2},"geometry":{"type":"Polygon","coordinates":[[[8.80278,47.09195],[8.76722,47.14278],[8.78389,47.15445],[8.80472,47.09],[8.80278,47.09195]]]}},{"type":"Feature","properties":{"kind":"water","level":2},"geometry":{"type":"Polygon","coordinates":[[[-4.35306,55.27083],[-4.38556,55.21695],[-4.38333,55.28305],[-4.35917,55.2775],[-4.35306,55.27083]]]}},{"type":"Feature","properties":{"kind":"water","level":2},"geometry":{"type":"Polygon","coordinates":[[[8.68555,47.33],[8.64917,47.3725],[8.68555,47.35417],[8.70444,47.32611],[8.68806,47.32639],[8.68555,47.33]]]}},{"type":"Feature","properties":{"kind":"water","level":2},"geometry":{"type":"Polygon","coordinates":[[[5.94417,53.13445],[5.95667,53.11194],[5.93027,53.10611],[5.90417,53.13472],[5.94139,53.14111],[5.94417,53.13445]]]}},{"type":"Feature","properties":{"kind":"water","level":2},"geometry":{"type":"Polygon","coordinates":[[[11.135,47.69945],[11.1725,47.71333],[11.18222,47.68889],[11.14528,47.68278],[11.13611,47.69806],[11.135,47.69945]]]}},{"type":"Feature","properties":{"kind":"water","level":2},"geometry":{"type":"Polygon","coordinates":[[[5.77556,53.04472],[5.76139,53.00917],[5.74361,53.03722],[5.775,53.04611],[5.77556,53.04472]]]}},{"type":"Feature","properties":{"kind":"water","level":2},"geometry":{"type":"Polygon","coordinates":[[[9.96722,54.29889],[9.98917,54.28944],[9.96167,54.27167],[9.90778,54.27972],[9.96638,54.30111],[9.96722,54.29889]]]}},{"type":"Feature","properties":{"kind":"water","level":2},"geometry":{"type":"Polygon","coordinates":[[[-7.24722,57.58861],[-7.26583,57.57556],[-7.31167,57.57667],[-7.27666,57.58667],[-7.29528,57.6075],[-7.24667,57.58917],[-7.24722,57.58861]]]}},{"type":"Feature","properties":{"kind":"water","level":2},"geometry":{"type":"Polygon","coordinates":[[[6.71167,53.13778],[6.68611,53.11139],[6.67472,53.12778],[6.70889,53.14027],[6.71167,53.13778]]]}},{"type":"Feature","properties":{"kind":"water","level":2},"geometry":{"type":"Polygon","coordinates":[[[6.10611,52.68639],[6.0775,52.66611],[6.07722,52.67805],[6.02805,52.67889],[6.10778,52.6875],[6.10611,52.68639]]]}},{"type":"Feature","properties":{"kind":"water","level":2},"geometry":{"type":"Polygon","coordinates":[[[-6.47361,54.8075],[-6.47083,54.76833],[-6.50056,54.77306],[-6.47778,54.81223],[-6.47361,54.8075]]]}},{"type":"Feature","properties":{"kind":"water","level":2},"geometry":{"type":"Polygon","coordinates":[[[6.86333,48.71194],[6.91333,48.71611],[6.91528,48.68889],[6.86333,48.69861],[6.86111,48.71194],[6.86333,48.71194]]]}},{"type":"Feature","properties":{"kind":"water","level":2},"geometry":{"type":"Polygon","coordinates":[[[-4.08722,58.26972],[-4.13834,58.28528],[-4.15417,58.275],[-4.15417,58.30444],[-4.07694,58.26917],[-4.08722,58.26972]]]}},{"type":"Feature","properties":{"kind":"water","level":2},"geometry":{"type":"Polygon","coordinates":[[[10.52361,46.79278],[10.51056,46.83167],[10.53778,46.81028],[10.53333,46.77945],[10.52666,46.79195],[10.52361,46.79278]]]}},{"type":"Feature","properties":{"kind":"water","level":2},"geometry":{"type":"Polygon","coordinates":[[[4.86305,52.51833],[4.8725,52.5075],[4.80333,52.50555],[4.86028,52.51944],[4.86305,52.51833]]]}},{"type":"Feature","properties":{"kind":"water","level":2},"geometry":{"type":"Polygon","coordinates":[[[11.32639,47.64111],[11.31583,47.65361],[11.35445,47.66139],[11.35611,47.64778],[11.32833,47.63944],[11.32639,47.64111]]]}},{"type":"Feature","properties":{"kind":"water","level":2},"geometry":{"type":"Polygon","coordinates":[[[5.09917,52.275],[5.09306,52.25945],[5.05583,52.25778],[5.06139,52.27695],[5.09639,52.27861],[5.09917,52.275]]]}},{"type":"Feature","properties":{"kind":"water","level":2},"geometry":{"type":"Polygon","coordinates":[[[-3.14056,54.5825],[-3.16556,54.56028],[-3.15611,54.59778],[-3.14445,54.58667],[-3.14056,54.5825]]]}},{"type":"Feature","properties":{"kind":"water","level":2},"geometry":{"type":"Polygon","coordinates":[[[11.87722,53.72639],[11.84666,53.70639],[11.82584,53.72139],[11.87556,53.7275],[11.87722,53.72639]]]}},{"type":"Feature","properties":{"kind":"water","level":2},"geometry":{"type":"Polygon","coordinates":[[[10.80527,53.97222],[10.77417,53.94222],[10.77666,53.97333],[10.80667,53.97444],[10.80527,53.97222]]]}},{"type":"Feature","properties":{"kind":"water","level":2},"geometry":{"type":"Polygon","coordinates":[[[10.37666,53.99028],[10.44167,53.97806],[10.46389,53.95473],[10.37334,53.99111],[10.37666,53.99028]]]}},{"type":"Feature","properties":{"kind":"water","level":2},"geometry":{"type":"Polygon","coordinates":[[[5.07028,52.22778],[5.06528,52.20639],[5.04166,52.20917],[5.07083,52.22945],[5.07028,52.22778]]]}},{"type":"Feature","properties":{"kind":"water","level":2},"geometry":{"type":"Polygon","coordinates":[[[4.92111,52.8925],[4.94111,52.88167],[4.92944,52.87056],[4.89333,52.88583],[4.91972,52.89362],[4.92111,52.8925]]]}},{"type":"Feature","properties":{"kind":"water","level":2},"geometry":{"type":"Polygon","coordinates":[[[4.75611,52.56612],[4.78472,52.56139],[4.73583,52.53111],[4.74973,52.56472],[4.75611,52.56612]]]}},{"type":"Feature","properties":{"kind":"water","level":2},"geometry":{"type":"Polygon","coordinates":[[[10.60278,54.18528],[10.62473,54.18139],[10.60806,54.16167],[10.57667,54.17333],[10.59944,54.18528],[10.60278,54.18528]]]}},{"type":"Feature","properties":{"kind":"water","level":2},"geometry":{"type":"Polygon","coordinates":[[[4.56917,52.21806],[4.58778,52.21028],[4.52889,52.20583],[4.56973,52.21973],[4.56917,52.21806]]]}},{"type":"Feature","properties":{"kind":"water","level":2},"geometry":{"type":"Polygon","coordinates":[[[10.63944,54.33583],[10.6275,54.31277],[10.61166,54.34],[10.63778,54.33833],[10.63944,54.33583]]]}},{"type":"Feature","properties":{"kind":"water","level":2},"geometry":{"type":"Polygon","coordinates":[[[3.90528,47.155],[3.91,47.13472],[3.87722,47.16417],[3.90389,47.15944],[3.90528,47.155]]]}},{"type":"Feature","properties":{"kind":"water","level":2},"geometry":{"type":"Polygon","coordinates":[[[6.05278,53.19889],[6.04083,53.17972],[6.02611,53.205],[6.05333,53.20139],[6.05278,53.19889]]]}},{"type":"Feature","properties":{"kind":"water","level":2},"geometry":{"type":"Polygon","coordinates":[[[5.70972,52.96139],[5.70528,52.93],[5.68584,52.94055],[5.70556,52.96278],[5.70972,52.96139]]]}},{"type":"Feature","properties":{"kind":"water","level":2},"geometry":{"type":"Polygon","coordinates":[[[11.23833,46.02361],[11.24361,46.04361],[11.26527,46.01361],[11.24194,46.01889],[11.23833,46.02361]]]}},{"type":"Feature","properties":{"kind":"water","level":2},"geometry":{"type":"Polygon","coordinates":[[[11.1725,48.04639],[11.16583,48.05722],[11.20167,48.06917],[11.17333,48.04611],[11.1725,48.04639]]]}},{"type":"Feature","properties":{"kind":"water","level":2},"geometry":{"type":"Polygon","coordinates":[[[7.30611,53.44333],[7.30111,53.41389],[7.28139,53.43278],[7.30444,53.44444],[7.30611,53.44333]]]}},{"type":"Feature","properties":{"kind":"water","level":2},"geometry":{"type":"Polygon","coordinates":[[[0.71,52.9775],[0.73611,52.96889],[0.67833,52.97083],[0.70167,52.97778],[0.71,52.9775]]]}},{"type":"Feature","properties":{"kind":"water","level":2},"geometry":{"type":"Polygon","coordinates":[[[4.67083,52.20778],[4.66722,52.18916],[4.64445,52.18833],[4.665,52.20917],[4.67083,52.20778]]]}},{"type":"Feature","properties":{"kind":"water","level":2},"geometry":{"type":"Polygon","coordinates":[[[10.51639,54.175],[10.55,54.16695],[10.49667,54.1625],[10.50806,54.17472],[10.51639,54.175]]]}},{"type":"Feature","properties":{"kind":"water","level":2},"geometry":{"type":"Polygon","coordinates":[[[10.2975,54.22305],[10.32195,54.21611],[10.3075,54.19889],[10.27972,54.21389],[10.29694,54.22389],[10.2975,54.22305]]]}},{"type":"Feature","properties":{"kind":"water","level":2},"geometry":{"type":"Polygon","coordinates":[[[-2.41417,47.30806],[-2.39972,47.29445],[-2.4425,47.29167],[-2.41389,47.3125],[-2.41417,47.30806]]]}},{"type":"Feature","properties":{"kind":"water","level":2},"geometry":{"type":"Polygon","coordinates":[[[8.29361,46.96695],[8.33334,46.9725],[8.28472,46.95833],[8.29111,46.96638],[8.29361,46.96695]]]}},{"type":"Feature","properties":{"kind":"water","level":2},"geometry":{"type":"Polygon","coordinates":[[[4.96917,52.24944],[4.97583,52.23861],[4.94278,52.23972],[4.965,52.25083],[4.96917,52.24944]]]}},{"type":"Feature","properties":{"kind":"water","level":2},"geometry":{"type":"Polygon","coordinates":[[[10.2675,54.23805],[10.22278,54.21417],[10.23917,54.23639],[10.26972,54.24111],[10.2675,54.23805]]]}},{"type":"Feature","properties":{"kind":"water","level":2},"geometry":{"type":"Polygon","coordinates":[[[10.47889,54.17611],[10.49222,54.16556],[10.46389,54.155],[10.47444,54.17694],[10.47889,54.17611]]]}},{"type":"Feature","properties":{"kind":"water","level":2},"geometry":{"type":"Polygon","coordinates":[[[5.73972,52.97556],[5.76417,52.96973],[5.72667,52.96445],[5.73444,52.97889],[5.73972,52.97556]]]}},{"type":"Feature","properties":{"kind":"water","level":2},"geometry":{"type":"Polygon","coordinates":[[[5.535,52.98528],[5.54861,52.97945],[5.50389,52.97472],[5.51611,52.99528],[5.54778,52.99973],[5.53222,52.98917],[5.535,52.98528]]]}},{"type":"Feature","properties":{"kind":"water","level":2},"geometry":{"type":"Polygon","coordinates":[[[8.77695,47.34833],[8.78362,47.36528],[8.79333,47.34917],[8.77834,47.34473],[8.77695,47.34833]]]}},{"type":"Feature","properties":{"kind":"water","level":2},"geometry":{"type":"Polygon","coordinates":[[[11.70194,50.52361],[11.73222,50.51805],[11.71917,50.50305],[11.69917,50.52222],[11.70194,50.52361]]]}},{"type":"Feature","properties":{"kind":"water","level":2},"geometry":{"type":"Polygon","coordinates":[[[6.11056,52.72861],[6.11945,52.71389],[6.10056,52.7125],[6.09333,52.73277],[6.10889,52.73056],[6.11056,52.72861]]]}},{"type":"Feature","properties":{"kind":"water","level":2},"geometry":{"type":"Polygon","coordinates":[[[10.32528,54.36139],[10.33972,54.34972],[10.31389,54.34111],[10.32639,54.36555],[10.32528,54.36139]]]}},{"type":"Feature","properties":{"kind":"water","level":2},"geometry":{"type":"Polygon","coordinates":[[[10.94528,46.12361],[10.96555,46.13972],[10.965,46.12473],[10.94305,46.12138],[10.94528,46.12361]]]}},{"type":"Feature","properties":{"kind":"water","level":2},"geometry":{"type":"Polygon","coordinates":[[[10.30611,54.32889],[10.33028,54.31694],[10.30806,54.31333],[10.305,54.33112],[10.30611,54.32889]]]}},{"type":"Feature","properties":{"kind":"water","level":2},"geometry":{"type":"Polygon","coordinates":[[[6.07139,53.16167],[6.04945,53.15222],[6.05194,53.16667],[6.06861,53.16333],[6.07139,53.16167]]]}},{"type":"Feature","properties":{"kind":"water","level":2},"geometry":{"type":"Polygon","coordinates":[[[-1.87611,47.26778],[-1.8475,47.24528],[-1.89083,47.27611],[-1.87833,47.27055],[-1.87611,47.26778]]]}},{"type":"Feature","properties":{"kind":"water","level":2},"geometry":{"type":"Polygon","coordinates":[[[11.94778,53.65222],[11.93083,53.63722],[11.92639,53.65334],[11.94389,53.65361],[11.94778,53.65222]]]}},{"type":"Feature","properties":{"kind":"water","level":2},"geometry":{"type":"Polygon","coordinates":[[[10.62611,54.1475],[10.66194,54.14362],[10.62556,54.13944],[10.62334,54.15],[10.62611,54.1475]]]}},{"type":"Feature","properties":{"kind":"water","level":2},"geometry":{"type":"Polygon","coordinates":[[[5.45361,52.89917],[5.4675,52.89555],[5.44528,52.88083],[5.44695,52.89611],[5.45361,52.89917]]]}},{"type":"Feature","properties":{"kind":"water","level":2},"geometry":{"type":"Polygon","coordinates":[[[-16.30839,63.99959],[-16.27174,64.01706],[-16.34833,63.97703],[-16.31175,63.99956],[-16.30839,63.99959]]]}},{"type":"Feature","properties":{"kind":"water","level":2},"geometry":{"type":"Polygon","coordinates":[[[4.64833,51.71306],[4.67361,51.75389],[4.68945,51.73944],[4.78778,51.79584],[4.71889,51.74055],[4.8025,51.75667],[4.76334,51.73277],[4.82833,51.71167],[4.73944,51.72305],[4.65389,51.71389],[4.64833,51.71306]]]}},{"type":"Feature","properties":{"kind":"land","level":3},"geometry":{"type":"Polygon","coordinates":[[[8.91055,56.91695],[8.91222,56.91139],[8.89389,56.86278],[8.84805,56.87473],[8.84778,56.82028],[8.88028,56.78084],[8.76028,56.67805],[8.65083,56.66695],[8.595,56.71722],[8.55055,56.72833],[8.51861,56.71611],[8.555,56.77194],[8.66333,56.79778],[8.62583,56.81472],[8.64833,56.83083],[8.64194,56.86833],[8.81861,56.89472],[8.91417,56.96083],[8.91055,56.91695]]]}},{"type":"Feature","properties":{"kind":"land","level":3},"geometry":{"type":"Polygon","coordinates":[[[10.96416,60.75083],[10.97305,60.75166],[11.00945,60.74445],[11.02084,60.71111],[10.91722,60.73361],[10.96416,60.75083]]]}},{"type":"Feature","properties":{"kind":"land","level":3},"geometry":{"type":"Polygon","coordinates":[[[8.97889,56.82944],[8.98666,56.83055],[9.0375,56.83472],[9.06555,56.82222],[8.99667,56.80111],[8.96694,56.81917],[8.97889,56.82944]]]}},{"type":"Feature","properties":{"kind":"land","level":3},"geometry":{"type":"Polygon","coordinates":[[[8.2325,55.88],[8.23417,55.87556],[8.25389,55.85222],[8.20972,55.86778],[8.21722,55.88528],[8.2325,55.88]]]}},{"type":"Feature","properties":{"kind":"land","level":3},"geometry":{"type":"Polygon","coordinates":[[[8.62222,56.65195],[8.63055,56.64944],[8.6325,56.6225],[8.60667,56.64111],[8.62222,56.65195]]]}},{"type":"Feature","properties":{"kind":"land","level":3},"geometry":{"type":"Polygon","coordinates":[[[9.0925,56.88972],[9.09834,56.88722],[9.09417,56.86417],[9.06889,56.88389],[9.0925,56.88972]]]}},{"type":"Feature","properties":{"kind":"land","level":3},"geometry":{"type":"Polygon","coordinates":[[[8.65806,56.56416],[8.65583,56.55806],[8.63055,56.50861],[8.62556,56.55472],[8.65806,56.56416]]]}},{"type":"Feature","properties":{"kind":"land","level":3},"geometry":{"type":"Polygon","coordinates":[[[9.82306,57.06167],[9.83334,57.06223],[9.8475,57.045],[9.81084,57.05139],[9.82306,57.06167]]]}},{"type":"Feature","properties":{"kind":"land","level":3},"geometry":{"type":"Polygon","coordinates":[[[9.065,47.69167],[9.05889,47.69222],[9.04166,47.70805],[9.09,47.68972],[9.065,47.69167]]]}},{"type":"Feature","properties":{"kind":"boundary"},"geometry":{"type":"LineString","coordinates":[[7.58889,47.585],[7.51083,47.70334],[7.54639,47.73805],[7.52666,47.78806],[7.5625,47.84444],[7.55333,47.87805],[7.62361,47.97278],[7.61833,48.00027],[7.56917,48.04472],[7.57889,48.11972],[7.68528,48.24472],[7.69583,48.305],[7.75083,48.33667],[7.73666,48.39861],[7.77167,48.49167],[7.8075,48.51334],[7.80111,48.58861],[7.83083,48.64194],[7.94361,48.70528],[7.96611,48.75333],[8.01472,48.75555],[8.02639,48.78278],[8.09222,48.80361],[8.13917,48.89555],[8.19055,48.95194],[8.22778,48.96445],[8.07917,48.98889],[7.93861,49.04889],[7.86195,49.03472],[7.79694,49.05833],[7.7625,49.04333],[7.65166,49.045],[7.605,49.07944],[7.5425,49.08694],[7.48805,49.13556],[7.50389,49.14806],[7.48944,49.16222],[7.43555,49.16389],[7.42833,49.17667],[7.37194,49.17084],[7.36,49.14223],[7.31722,49.13667],[7.28778,49.11111],[7.24556,49.12639],[7.19889,49.11361],[7.17805,49.1275],[7.15166,49.12111],[7.10528,49.15028],[7.08611,49.14583],[7.08833,49.12527],[7.04389,49.11166],[7.02666,49.18889],[6.93056,49.22083],[6.8475,49.21528],[6.86111,49.175],[6.83889,49.155],[6.73083,49.16611],[6.71416,49.18584],[6.72889,49.21638],[6.69305,49.215],[6.65667,49.27834],[6.57083,49.33722],[6.56861,49.35361],[6.59472,49.36305],[6.5375,49.40139],[6.54056,49.42583],[6.41611,49.47583],[6.36222,49.46],[6.37361,49.55583],[6.35889,49.57361],[6.43222,49.64139],[6.42083,49.66583],[6.51056,49.70639],[6.5,49.74194],[6.52444,49.80861],[6.39555,49.81778],[6.36667,49.84361],[6.32195,49.84],[6.30722,49.86694],[6.25278,49.88194],[6.21472,49.94889],[6.18472,49.96806],[6.17306,49.95222],[6.11278,50.05861],[6.14833,50.13944],[6.13805,50.17027],[6.1875,50.18278],[6.17333,50.2325],[6.28416,50.27055],[6.30972,50.31722],[6.36083,50.30583],[6.39833,50.32333],[6.34528,50.37944],[6.37444,50.44055],[6.34167,50.46],[6.35389,50.48833],[6.27444,50.50166],[6.22417,50.49333],[6.2075,50.5225],[6.185,50.52556],[6.17389,50.55722],[6.24778,50.58917],[6.27084,50.62111],[6.17139,50.62389],[6.17694,50.65222],[6.10833,50.72333],[6.02861,50.71584],[6.01556,50.77111],[5.97833,50.79778],[6.01527,50.80806],[6.01945,50.845],[6.07,50.85194],[6.08028,50.91583],[6.015,50.9325],[6.02194,50.97945],[5.94473,50.985],[5.89167,50.97278],[5.90083,50.99389],[5.86417,51.04361],[5.90694,51.06389],[5.95222,51.03667],[6.00306,51.08417],[6.16972,51.1575],[6.14333,51.17194],[6.17416,51.18667],[6.16361,51.19361],[6.08361,51.17166],[6.07639,51.24028],[6.22278,51.36444],[6.2075,51.50972],[6.09417,51.60445],[6.11611,51.65195],[6.03333,51.67333],[6.02278,51.72667],[5.955,51.73861],[5.98666,51.76694],[5.94833,51.825],[6.0075,51.83028],[6.0575,51.86139],[6.16695,51.83722],[6.16639,51.85667],[6.11,51.89278],[6.15528,51.90556],[6.20778,51.86972],[6.28167,51.87361],[6.30889,51.84944],[6.36417,51.8425],[6.36195,51.82861],[6.40361,51.82806],[6.39555,51.86722],[6.46722,51.85361],[6.50565,51.8647],[6.54408,51.87579],[6.58252,51.88689],[6.62095,51.89797],[6.65938,51.90906],[6.67611,51.91389],[6.72056,51.89778],[6.74639,51.90611],[6.83,51.9775],[6.79444,52.01028],[6.68806,52.03889],[6.69194,52.06667],[6.74194,52.08],[6.7625,52.11583],[6.86056,52.12028],[6.90111,52.17139],[6.95834,52.18388],[6.99389,52.22778],[7.05305,52.23805],[7.02834,52.28389],[7.07083,52.35556],[7.06556,52.38583],[6.99083,52.45972],[6.94611,52.43445],[6.84944,52.45889],[6.76056,52.46028],[6.70556,52.48583],[6.68889,52.54916],[6.75945,52.56472],[6.72028,52.58722],[6.71889,52.62666],[6.76417,52.65139],[6.89472,52.65306],[6.92028,52.63889],[6.985,52.64611],[7.025,52.6325],[7.05167,52.64362],[7.06973,52.815],[7.17972,52.93417],[7.21584,53.00889],[7.18555,53.13055],[7.21806,53.20833],[7.19305,53.31583],[7.14417,53.32361],[7.05556,53.31223],[6.99583,53.325],[6.93833,53.36222],[6.89639,53.45222],[6.74445,53.50139],[6.61444,53.57083],[6.57507,53.57785],[6.53569,53.58488],[6.49631,53.5919],[6.45693,53.59893],[6.41755,53.60596],[6.40889,53.6075]]}},{"type":"Feature","properties":{"kind":"boundary"},"geometry":{"type":"LineString","coordinates":[[7.97407,46.0],[8.00861,46.00833],[8.03833,46.04306],[8.0425,46.09805],[8.10222,46.11305],[8.14889,46.14944],[8.14389,46.21973],[8.09084,46.25639],[8.10806,46.28084],[8.20444,46.31055],[8.26389,46.36555],[8.29583,46.37527],[8.31472,46.39444],[8.30611,46.42472],[8.36528,46.45361],[8.43027,46.46306],[8.46,46.45222],[8.46667,46.4],[8.43417,46.29111],[8.44556,46.24583],[8.53,46.21695],[8.59917,46.16333],[8.61777,46.12028],[8.70444,46.10083],[8.74722,46.12111],[8.76444,46.10139],[8.82611,46.09666],[8.8525,46.05695],[8.80028,46.025],[8.78956,46.0]]}},{"type":"Feature","properties":{"kind":"boundary"},"geometry":{"type":"LineString","coordinates":[[9.0307,46.0],[9.03389,46.0025],[9.00945,46.03917],[9.075,46.06639],[9.08334,46.12111],[9.24361,46.23666],[9.2975,46.34889],[9.27639,46.37083],[9.28222,46.42],[9.24973,46.44806],[9.29694,46.50389],[9.37278,46.5075],[9.37139,46.48972],[9.40778,46.47278],[9.45917,46.50806],[9.45667,46.38778],[9.49805,46.36583],[9.5425,46.30695],[9.62473,46.29195],[9.67028,46.30556],[9.70834,46.29833],[9.74167,46.35889],[9.77666,46.3425],[9.83556,46.36972],[9.94389,46.38],[9.99194,46.3575],[9.995,46.29167],[10.05444,46.26334],[10.06306,46.22278],[10.1375,46.23111],[10.17722,46.2725],[10.115,46.32083],[10.10639,46.34612],[10.1625,46.415],[10.13944,46.43111],[10.08861,46.42416],[10.04667,46.44583],[10.06139,46.47389],[10.04556,46.48583],[10.05028,46.54],[10.08694,46.565],[10.10889,46.61361],[10.23333,46.64],[10.25361,46.62222],[10.2475,46.58389],[10.28528,46.58028],[10.30556,46.55389],[10.41944,46.55417],[10.44972,46.53917],[10.47112,46.55167],[10.48639,46.61945],[10.45389,46.64278],[10.40528,46.64444],[10.385,46.68472],[10.41722,46.71306],[10.41028,46.73861],[10.4475,46.76306],[10.43056,46.79972],[10.45917,46.82083],[10.4875,46.93777],[10.40083,47.00111],[10.35722,46.99722],[10.30472,46.94556],[10.31306,46.92972],[10.24306,46.93222],[10.22778,46.87666],[10.10944,46.85028],[10.055,46.86833],[10.02111,46.89972],[9.97195,46.91695],[9.935,46.91278],[9.87944,46.93916],[9.89306,47.00027],[9.87139,47.00833],[9.87556,47.0225],[9.83641,47.03072],[9.79726,47.03893],[9.75812,47.04715],[9.71896,47.05536],[9.67982,47.06358],[9.67306,47.065],[9.57306,47.05778],[9.53806,47.07],[9.47583,47.05806],[9.46889,47.07056],[9.5125,47.10028],[9.48444,47.17972],[9.49139,47.21528],[9.60528,47.36],[9.67306,47.395],[9.65111,47.41778],[9.65111,47.45833],[9.59417,47.46834],[9.55972,47.49973],[9.56694,47.54056]]}},{"type":"Feature","properties":{"kind":"boundary"},"geometry":{"type":"LineString","coordinates":[[9.73111,47.5367],[9.78806,47.595],[9.82139,47.5897],[9.81778,47.5561],[9.86222,47.535],[9.88056,47.55],[9.91417,47.5369],[9.96333,47.5478],[10.0033,47.4839],[10.0431,47.4953],[10.0528,47.4711],[10.0883,47.4583],[10.1044,47.4289],[10.0706,47.4119],[10.0981,47.3597],[10.1169,47.37469],[10.1544,47.3692],[10.1778,47.39],[10.2314,47.3814],[10.2028,47.3292],[10.2131,47.3111],[10.1733,47.2747],[10.2281,47.2756],[10.3294,47.3083],[10.3892,47.3744],[10.4278,47.3844],[10.4742,47.4397],[10.4675,47.4836],[10.4347,47.5028],[10.4508,47.5567],[10.4269,47.5769],[10.4725,47.5914],[10.4842,47.5828],[10.4653,47.5586],[10.4986,47.54],[10.5661,47.5381],[10.6011,47.5694],[10.7469,47.5422],[10.7692,47.5211],[10.8825,47.54],[10.9094,47.5181],[10.8678,47.4897],[10.925,47.48669],[10.9853,47.4294],[10.9783,47.3992],[11.1125,47.3969],[11.2144,47.4361],[11.2383,47.4297],[11.2275,47.4006],[11.2694,47.4019],[11.3353,47.4525],[11.4056,47.4539],[11.4083,47.47],[11.3831,47.47639],[11.435,47.5186],[11.5053,47.5092],[11.5744,47.52],[11.6031,47.5756],[11.6381,47.59669],[11.67799,47.59379],[11.71789,47.59087],[11.75778,47.58797],[11.79768,47.58505],[11.83757,47.58214],[11.8408,47.5819],[11.8611,47.6056],[12.0,47.62358]]}},{"type":"Feature","properties":{"kind":"boundary"},"geometry":{"type":"LineString","coordinates":[[7.00475,46.0],[6.92917,46.06528],[6.86667,46.05361],[6.88445,46.12611],[6.78555,46.145],[6.79694,46.22166],[6.84444,46.27139],[6.7675,46.35222],[6.8025,46.38167],[6.80944,46.41528],[6.79611,46.4325],[6.70277,46.45473],[6.52,46.45917],[6.42223,46.41472],[6.31111,46.40139],[6.24333,46.355],[6.22556,46.32222],[6.25278,46.31139],[6.24222,46.29778],[6.26389,46.26527],[6.28972,46.2725],[6.30305,46.24583],[6.19583,46.19417],[6.15222,46.15361],[5.96584,46.14027],[6.0,46.17416],[5.96806,46.2125],[6.11444,46.25778],[6.10611,46.2975],[6.15861,46.36972],[6.07111,46.42639],[6.08778,46.44278],[6.07889,46.47583],[6.16222,46.55833],[6.13,46.59334],[6.16471,46.6132],[6.19942,46.63309],[6.23414,46.65295],[6.26885,46.67283],[6.30357,46.6927],[6.33828,46.71258],[6.37299,46.73245],[6.40771,46.75233],[6.44242,46.7722],[6.4575,46.78084],[6.43417,46.80917],[6.46555,46.87862],[6.43555,46.93056],[6.48889,46.96861],[6.62972,46.99722],[6.70277,47.03861],[6.705,47.08583],[6.84889,47.16139],[6.83972,47.17361],[6.95528,47.24695],[6.94833,47.29195],[7.01028,47.30389],[7.01139,47.32139],[7.06167,47.34528],[7.02306,47.37167],[6.88111,47.35695],[6.88944,47.37917],[6.94139,47.40778],[6.94361,47.43445],[7.00555,47.45139],[6.99055,47.49722],[7.025,47.50806],[7.07472,47.49278],[7.12556,47.50362],[7.19806,47.49528],[7.17833,47.44583],[7.23306,47.43777],[7.24694,47.42084],[7.30833,47.44028],[7.3825,47.4325],[7.41139,47.44305],[7.45277,47.47],[7.43195,47.49611],[7.47528,47.48694],[7.50222,47.50056],[7.49222,47.52278],[7.51861,47.52333],[7.52417,47.53694],[7.50139,47.55055],[7.64056,47.60361],[7.67445,47.60611],[7.67194,47.57944],[7.61694,47.56111],[7.67167,47.5425],[7.78389,47.55722],[7.81944,47.58833],[7.8925,47.58694],[7.91889,47.55278],[8.09222,47.56139],[8.19889,47.62167],[8.28806,47.61166],[8.34055,47.57417],[8.49277,47.58389],[8.46,47.59666],[8.52,47.63417],[8.56223,47.62111],[8.57584,47.59944],[8.60278,47.61806],[8.60083,47.64944],[8.63055,47.64555],[8.62167,47.66028],[8.55139,47.66833],[8.47361,47.64389],[8.40862,47.6725],[8.40667,47.70389],[8.45111,47.72389],[8.47945,47.7725],[8.56667,47.78278],[8.56611,47.80695],[8.61889,47.80167],[8.63472,47.76444],[8.65528,47.79833],[8.68972,47.76889],[8.735,47.76139],[8.71555,47.7275],[8.735,47.71389],[8.725,47.69778],[8.7975,47.68306],[8.80639,47.69917],[8.77222,47.7175],[8.80889,47.73583],[8.82111,47.71695],[8.87028,47.70473],[8.84944,47.69028],[8.89278,47.65139],[9.0425,47.68889],[9.16722,47.65527],[9.26167,47.66306],[9.29894,47.64854],[9.33621,47.63403],[9.37349,47.61952],[9.41077,47.60501],[9.44804,47.59049],[9.48531,47.57598],[9.52259,47.56147],[9.55986,47.54695],[9.59714,47.53244],[9.60555,47.52917],[9.72833,47.53528]]}},{"type":"Feature","properties":{"kind":"boundary"},"geometry":{"type":"LineString","coordinates":[[12.0,63.32463],[11.9789,63.30724],[11.94802,63.2818],[11.93639,63.27222],[11.96324,63.24257],[11.9901,63.21293],[12.0,63.20199]]}},{"type":"Feature","properties":{"kind":"boundary"},"geometry":{"type":"LineString","coordinates":[[12.0,59.89563],[11.95695,59.89694],[11.81528,59.84583],[11.89111,59.79472],[11.90278,59.70778],[11.82833,59.65195],[11.66583,59.59528],[11.67999,59.55787],[11.69416,59.52046],[11.70832,59.48305],[11.72248,59.44565],[11.73664,59.40823],[11.75081,59.37083],[11.76497,59.33342],[11.77913,59.29601],[11.79329,59.2586],[11.79833,59.24528],[11.75444,59.18806],[11.75111,59.09028],[11.68139,59.02528],[11.62139,58.90472],[11.49667,58.88472],[11.43195,58.88861],[11.4275,58.99222],[11.35333,59.09222],[11.30028,59.10638],[11.12556,59.06722],[11.0975,58.9925],[11.03167,58.96472],[10.99234,58.95739],[10.95302,58.95006],[10.9137,58.94273],[10.87437,58.9354],[10.83505,58.92807],[10.79573,58.92074],[10.7575,58.91361]]}},{"type":"Feature","properties":{"kind":"boundary"},"geometry":{"type":"LineString","coordinates":[[6.36222,49.46],[6.22972,49.50833],[6.15611,49.50389],[6.09055,49.45306],[6.05917,49.46306],[6.04056,49.44722],[5.97778,49.44861],[5.96333,49.48833],[5.85861,49.49973],[5.82806,49.53667],[5.7675,49.55722],[5.73833,49.53555],[5.64389,49.54723],[5.61833,49.51195],[5.56111,49.53111],[5.53056,49.51111],[5.47305,49.50611],[5.47556,49.53778],[5.43777,49.6],[5.35722,49.63389],[5.315,49.61833],[5.32972,49.66],[5.27611,49.69861],[5.23417,49.6875],[5.17472,49.69695],[5.16417,49.71611],[5.13084,49.72028],[5.10528,49.76444],[5.02834,49.77722],[4.99139,49.80389],[4.92445,49.78944],[4.86,49.79333],[4.8725,49.82584],[4.85111,49.86389],[4.88111,49.91472],[4.84944,49.95194],[4.80278,49.95861],[4.80083,49.97778],[4.84583,50.04694],[4.83583,50.06639],[4.85639,50.09861],[4.87972,50.09138],[4.89472,50.14027],[4.83222,50.16695],[4.69695,50.09084],[4.67361,49.99611],[4.58861,49.98306],[4.51056,49.94749],[4.45834,49.93861],[4.31722,49.96973],[4.21555,49.95972],[4.15083,49.98028],[4.15305,50.03416],[4.22972,50.07056],[4.20139,50.13194],[4.13778,50.13778],[4.16139,50.21194],[4.21972,50.24834],[4.21611,50.26527],[4.16861,50.28555],[4.16861,50.26278],[4.14972,50.25778],[4.12278,50.2975],[4.03333,50.35611],[3.90694,50.32973],[3.84583,50.35528],[3.76889,50.35333],[3.70639,50.30583],[3.66306,50.36639],[3.67056,50.44083],[3.61639,50.49194],[3.51111,50.49083],[3.5175,50.5225],[3.48111,50.5325],[3.4525,50.50945],[3.37278,50.49472],[3.28,50.53833],[3.28139,50.59389],[3.24223,50.66389],[3.26056,50.67944],[3.25027,50.70473],[3.19778,50.72722],[3.14972,50.79],[3.11305,50.79333],[3.08361,50.77667],[2.95472,50.75694],[2.9025,50.69611],[2.84695,50.72611],[2.8,50.7275],[2.71944,50.81389],[2.635,50.81917],[2.60333,50.85278],[2.61333,50.88333],[2.59361,50.91888],[2.63084,50.95473],[2.575,51.00528],[2.54166,51.09111]]}},{"type":"Feature","properties":{"kind":"boundary"},"geometry":{"type":"LineString","coordinates":[[12.0,47.04379],[11.92139,47.03472],[11.75583,46.9775],[11.62861,47.0125],[11.5375,46.99472],[11.48389,47.01417],[11.41167,46.9725],[11.35111,46.99611],[11.17139,46.96667],[11.09666,46.9125],[11.0725,46.825],[11.01472,46.7725],[10.94528,46.78056],[10.88194,46.77055],[10.85167,46.78694],[10.81639,46.78194],[10.79166,46.80139],[10.74194,46.79361],[10.76444,46.83417],[10.67944,46.87473],[10.56084,46.84861],[10.47195,46.86806]]}},{"type":"Feature","properties":{"kind":"boundary"},"geometry":{"type":"LineString","coordinates":[[-7.25306,55.07056],[-7.28361,55.04778],[-7.3475,55.05111],[-7.40083,55.00889],[-7.40806,54.95056],[-7.45639,54.93028],[-7.45834,54.8575],[-7.5525,54.79167],[-7.5375,54.74139],[-7.64861,54.74944],[-7.75139,54.7],[-7.82972,54.73556],[-7.88417,54.70361],[-7.92528,54.70222],[-7.91389,54.67111],[-7.86222,54.65334],[-7.85528,54.63472],[-7.81277,54.64166],[-7.74667,54.61555],[-7.71111,54.63278],[-7.70583,54.60611],[-7.79916,54.57916],[-7.85944,54.53611],[-7.94528,54.53084],[-8.00333,54.54611],[-8.05417,54.48833],[-8.17,54.46695],[-8.15667,54.43861],[-8.05083,54.36389],[-8.00361,54.36278],[-7.94334,54.3],[-7.87806,54.28917],[-7.85722,54.215],[-7.82056,54.19917],[-7.69695,54.2025],[-7.62778,54.16972],[-7.62,54.14611],[-7.58139,54.14472],[-7.55944,54.12666],[-7.47667,54.12778],[-7.41472,54.15083],[-7.42389,54.13611],[-7.39639,54.13722],[-7.39389,54.11778],[-7.36417,54.12583],[-7.31389,54.11222],[-7.33639,54.14722],[-7.29472,54.16917],[-7.29861,54.12611],[-7.28083,54.125],[-7.23861,54.17278],[-7.25417,54.19722],[-7.14584,54.22528],[-7.145,54.25889],[-7.21472,54.30028],[-7.18139,54.31277],[-7.18945,54.33861],[-7.10861,54.35306],[-7.03083,54.41778],[-6.87611,54.34528],[-6.85056,54.29195],[-6.88,54.27945],[-6.83639,54.26527],[-6.79556,54.21167],[-6.73473,54.18361],[-6.6925,54.20084],[-6.63639,54.17278],[-6.67028,54.07056],[-6.62,54.03694],[-6.58916,54.05583],[-6.50278,54.05639],[-6.46416,54.07361],[-6.44361,54.05528],[-6.37473,54.06639],[-6.34972,54.11555],[-6.31667,54.09473],[-6.29361,54.10834],[-6.26694,54.09944]]}},{"type":"Feature","properties":{"kind":"boundary"},"geometry":{"type":"LineString","coordinates":[[6.01167,50.75667],[5.89889,50.75389],[5.89027,50.76889],[5.81416,50.75694],[5.77472,50.78139],[5.7425,50.76028],[5.69861,50.75778],[5.7,50.80695],[5.63944,50.84306],[5.65,50.87666],[5.68444,50.88306],[5.75917,50.94917],[5.72278,50.96528],[5.76667,50.99389],[5.76334,51.03944],[5.77528,51.05972],[5.80222,51.06139],[5.80278,51.09334],[5.84194,51.10222],[5.81583,51.11806],[5.84917,51.15639],[5.82806,51.16695],[5.79222,51.15916],[5.74139,51.19222],[5.67306,51.18445],[5.56306,51.22222],[5.55778,51.26389],[5.51083,51.29445],[5.40611,51.26611],[5.22778,51.265],[5.2375,51.30833],[5.14,51.32083],[5.07722,51.39528],[5.10445,51.435],[5.04139,51.48666],[5.0,51.43777],[4.93,51.39861],[4.88972,51.41611],[4.78278,51.41472],[4.78472,51.43278],[4.83972,51.42111],[4.84556,51.48111],[4.80139,51.50083],[4.76083,51.49889],[4.65056,51.42333],[4.54195,51.42667],[4.54945,51.4825],[4.48666,51.48083],[4.39389,51.45028],[4.40945,51.4375],[4.39667,51.41695],[4.43639,51.37889],[4.42805,51.36166],[4.35889,51.36],[4.31917,51.37778],[4.23944,51.37389],[4.2375,51.34889],[4.16139,51.29417],[4.12348,51.2814],[4.08557,51.26863],[4.04767,51.25586],[4.00976,51.24309],[3.97186,51.23032],[3.93394,51.21755],[3.8975,51.20528],[3.79611,51.22028],[3.78833,51.26361],[3.60806,51.30417],[3.52472,51.28833],[3.52084,51.24805],[3.43916,51.24445],[3.38084,51.27333],[3.36166,51.31639],[3.37972,51.33722],[3.37056,51.3725]]}},{"type":"Feature","properties":{"kind":"boundary"},"geometry":{"type":"LineString","coordinates":[[6.13306,50.12666],[6.10306,50.16888],[6.06583,50.15195],[6.03111,50.16083],[6.02194,50.18222],[5.96972,50.16861],[5.95556,50.13],[5.89167,50.10611],[5.85667,50.06333],[5.85333,50.02583],[5.81861,50.00694],[5.83305,49.97889],[5.77472,49.95612],[5.73111,49.89417],[5.77556,49.8725],[5.74889,49.86722],[5.73444,49.835],[5.74805,49.79278],[5.78528,49.79472],[5.82278,49.72278],[5.87305,49.71528],[5.85639,49.67667],[5.89917,49.66278],[5.89917,49.63778],[5.84695,49.59277],[5.86305,49.57167],[5.80861,49.545]]}},{"type":"Feature","properties":{"kind":"boundary"},"geometry":{"type":"LineString","coordinates":[[8.41028,55.08639],[8.48083,55.05167],[8.50333,55.00139],[8.56361,54.98111],[8.57167,54.92166],[8.65972,54.91528],[8.69945,54.89278],[8.82056,54.91194],[8.94111,54.90556],[9.04,54.8775],[9.22417,54.85361],[9.25361,54.80861],[9.34278,54.80861],[9.3925,54.83528],[9.45889,54.82722],[9.57917,54.87944],[9.62195,54.83861],[9.75833,54.81694],[9.89167,54.82944],[10.03083,54.76584]]}},{"type":"Feature","properties":{"kind":"boundary"},"geometry":{"type":"LineString","coordinates":[[9.59944,47.06416],[9.635,47.095],[9.63389,47.13055],[9.62083,47.15361],[9.56944,47.17389],[9.58,47.2125],[9.53416,47.27417]]}},{"type":"Feature","properties":{"kind":"boundary"},"geometry":{"type":"LineString","coordinates":[[8.68,47.69305],[8.67056,47.71111],[8.705,47.71306],[8.71,47.69778],[8.68083,47.69305]]}}]}